csp.mut.57.2_5_52.ROR.gs_csp_is_address_valid;0;0;0;0;0;0
csp.mut.54.1_6_29.ICR.gs_csp_is_address_valid;0;0;0;0;0;0
csp.mut.58.2_5_48.ROR.gs_csp_is_address_valid;0;0;0;0;0;0
csp.mut.55.4_2_25.ICR.gs_csp_is_address_valid;0;0;0;0;0;0
csp.mut.56.2_5_52.ROR.gs_csp_is_address_valid;0;0;0;0;0;0
csp.mut.53.1_1_5.SDL.gs_csp_is_address_valid;0;0;0;0;0;0
csp.mut.94.1_1_5.SDL.gs_csp_is_address_valid;0;0;0;0;0;0
csp.mut.54.5_3_29.ICR.gs_csp_is_address_valid;0;0;0;0;0;0
csp.mut.58.2_1_51.ICR.gs_csp_is_address_valid;1;1;1;1;1;1
csp.mut.72.1_1_5.SDL.gs_csp_is_address_valid;0;0;0;0;0;0
csp.mut.54.2_1_29.ICR.gs_csp_is_address_valid;0;0;0;0;0;0
csp.mut.57.1_8_84.ICR.gs_csp_is_address_valid;0;0;0;0;0;0
csp.mut.79.1_1_5.SDL.gs_csp_is_address_valid;0;0;0;0;0;0
csp.mut.94.5_3_13.ROR.gs_csp_is_address_valid;0;0;0;0;0;0
csp.mut.94.1_1_9.ROD.gs_csp_is_address_valid;0;0;0;0;0;0
csp.mut.57.5_5_84.ICR.gs_csp_is_address_valid;0;0;0;0;0;0
csp.mut.74.1_1_5.SDL.gs_csp_is_address_valid;0;0;0;0;0;0
csp.mut.94.2_4_9.UOI.gs_csp_is_address_valid;0;0;0;0;0;0
csp.mut.56.5_5_84.ICR.gs_csp_is_address_valid;0;0;0;0;0;0
csp.mut.103.4_3_13.UOI.gs_csp_is_address_valid;0;0;0;0;0;0
csp.mut.76.1_2_28.SDL.gs_csp_is_address_valid;0;0;0;0;0;0
csp.mut.69.1_1_5.SDL.gs_csp_is_address_valid;0;0;0;0;0;0
csp.mut.63.1_2_31.SDL.gs_csp_is_address_valid;0;0;0;0;0;0
csp.mut.47.1_1_5.SDL.gs_csp_is_address_valid;0;0;0;0;0;0
csp.mut.94.4_2_13.ROR.gs_csp_is_address_valid;0;0;0;0;0;0
csp.mut.88.7_1_9.ROR.gs_csp_is_address_valid;0;0;0;0;0;0
csp.mut.57.1_1_5.SDL.gs_csp_is_address_valid;0;0;0;0;0;0
csp.mut.57.1_2_55.ICR.gs_csp_is_address_valid;1;1;1;1;1;1
csp.mut.103.1_1_9.SDL.gs_csp_is_address_valid;0;0;0;0;0;0
csp.mut.88.8_1_30.LCR.gs_csp_is_address_valid;0;0;0;0;0;0
csp.mut.83.2_1_40.LCR.gs_csp_is_address_valid;0;0;0;0;0;0
csp.mut.76.1_1_5.SDL.gs_csp_is_address_valid;0;0;0;0;0;0
csp.mut.54.4_2_29.ICR.gs_csp_is_address_valid;0;0;0;0;0;0
csp.mut.94.3_1_9.UOI.gs_csp_is_address_valid;0;0;0;0;0;0
csp.mut.56.3_7_84.ICR.gs_csp_is_address_valid;1;1;1;1;1;1
csp.mut.44.1_1_5.SDL.gs_csp_is_address_valid;0;0;0;0;0;0
csp.mut.94.4_3_9.UOI.gs_csp_is_address_valid;0;0;0;0;0;0
csp.mut.56.4_4_84.ICR.gs_csp_is_address_valid;0;0;0;0;0;0
csp.mut.94.3_1_13.ROR.gs_csp_is_address_valid;0;0;0;0;0;0
csp.mut.77.1_1_5.SDL.gs_csp_is_address_valid;0;0;0;0;0;0
csp.mut.54.6_4_29.ICR.gs_csp_is_address_valid;0;0;0;0;0;0
csp.mut.54.3_5_29.ICR.gs_csp_is_address_valid;0;0;0;0;0;0
csp.mut.83.7_1_9.ROR.gs_csp_is_address_valid;0;0;0;0;0;0
csp.mut.57.2_1_55.ICR.gs_csp_is_address_valid;1;1;1;1;1;1
csp.mut.94.7_1_9.ROR.gs_csp_is_address_valid;1;1;1;1;1;1
csp.mut.58.2_1_48.ROD.gs_csp_is_address_valid;0;0;0;0;0;0
csp.mut.54.1_1_5.SDL.gs_csp_is_address_valid;0;0;0;0;0;0
csp.mut.83.1_1_5.SDL.gs_csp_is_address_valid;0;0;0;0;0;0
csp.mut.88.7_2_30.LCR.gs_csp_is_address_valid;0;0;0;0;0;0
csp.mut.58.5_5_78.ICR.gs_csp_is_address_valid;0;0;0;0;0;0
csp.mut.55.1_1_5.SDL.gs_csp_is_address_valid;0;0;0;0;0;0
csp.mut.65.1_1_5.SDL.gs_csp_is_address_valid;0;0;0;0;0;0
csp.mut.103.2_4_13.UOI.gs_csp_is_address_valid;0;0;0;0;0;0
csp.mut.58.4_2_48.ROR.gs_csp_is_address_valid;1;1;1;1;1;1
csp.mut.56.4_2_52.ROR.gs_csp_is_address_valid;1;1;1;1;1;1
csp.mut.101.7_1_9.ROR.gs_csp_is_address_valid;0;0;0;0;0;0
csp.mut.58.1_2_51.ICR.gs_csp_is_address_valid;1;1;1;1;1;1
csp.mut.58.4_4_78.ICR.gs_csp_is_address_valid;0;0;0;0;0;0
csp.mut.56.6_6_84.ICR.gs_csp_is_address_valid;0;0;0;0;0;0
csp.mut.56.1_8_84.ICR.gs_csp_is_address_valid;0;0;0;0;0;0
csp.mut.94.1_4_13.ROR.gs_csp_is_address_valid;0;0;0;0;0;0
csp.mut.56.2_1_55.ICR.gs_csp_is_address_valid;1;1;1;1;1;1
csp.mut.74.1_2_34.SDL.gs_csp_is_address_valid;0;0;0;0;0;0
csp.mut.58.1_4_48.ROR.gs_csp_is_address_valid;0;0;0;0;0;0
csp.mut.56.5_3_52.ROR.gs_csp_is_address_valid;1;1;1;1;1;1
csp.mut.63.1_1_5.SDL.gs_csp_is_address_valid;0;0;0;0;0;0
csp.mut.103.3_1_13.UOI.gs_csp_is_address_valid;0;0;0;0;0;0
csp.mut.55.1_6_25.ICR.gs_csp_is_address_valid;0;0;0;0;0;0
csp.mut.94.1_2_9.UOI.gs_csp_is_address_valid;0;0;0;0;0;0
csp.mut.103.7_1_13.ROR.gs_csp_is_address_valid;0;0;0;0;0;0
csp.mut.94.2_2_13.ROD.gs_csp_is_address_valid;0;0;0;0;0;0
csp.mut.78.1_1_5.SDL.gs_csp_is_address_valid;0;0;0;0;0;0
csp.mut.55.5_3_25.ICR.gs_csp_is_address_valid;0;0;0;0;0;0
csp.mut.56.2_1_52.ROD.gs_csp_is_address_valid;0;0;0;0;0;0
csp.mut.88.2_2_30.BOD.gs_csp_is_address_valid;0;0;0;0;0;0
csp.mut.83.1_1_9.LOD.gs_csp_is_address_valid;0;0;0;0;0;0
csp.mut.88.1_1_9.BOD.gs_csp_is_address_valid;1;1;1;1;1;1
csp.mut.58.3_7_78.ICR.gs_csp_is_address_valid;1;1;1;1;1;1
csp.mut.94.1_1_9.ABS.gs_csp_is_address_valid;0;0;0;0;0;0
csp.mut.57.4_4_84.ICR.gs_csp_is_address_valid;0;0;0;0;0;0
csp.mut.56.1_4_52.ROR.gs_csp_is_address_valid;0;0;0;0;0;0
csp.mut.73.1_1_5.SDL.gs_csp_is_address_valid;0;0;0;0;0;0
csp.mut.57.3_1_52.ROR.gs_csp_is_address_valid;0;0;0;0;0;0
csp.mut.57.2_1_52.ROD.gs_csp_is_address_valid;0;0;0;0;0;0
csp.mut.55.6_4_25.ICR.gs_csp_is_address_valid;0;0;0;0;0;0
csp.mut.94.2_5_13.ROR.gs_csp_is_address_valid;0;0;0;0;0;0
csp.mut.103.1_2_13.UOI.gs_csp_is_address_valid;0;0;0;0;0;0
csp.mut.55.2_1_25.ICR.gs_csp_is_address_valid;0;0;0;0;0;0
csp.mut.56.1_1_5.SDL.gs_csp_is_address_valid;0;0;0;0;0;0
csp.mut.80.1_1_5.SDL.gs_csp_is_address_valid;0;0;0;0;0;0
csp.mut.83.2_2_40.LOD.gs_csp_is_address_valid;0;0;0;0;0;0
csp.mut.55.3_5_25.ICR.gs_csp_is_address_valid;0;0;0;0;0;0
csp.mut.58.3_1_48.ROR.gs_csp_is_address_valid;0;0;0;0;0;0
csp.mut.133.1_1_5.SDL.gs_csp_free_resources;0;0;0;0;0;0
csp.mut.57.3_7_84.ICR.gs_csp_is_address_valid;1;1;1;1;1;1
csp.mut.56.2_3_84.ICR.gs_csp_is_address_valid;0;0;0;0;0;0
csp.mut.58.2_3_78.ICR.gs_csp_is_address_valid;0;0;0;0;0;0
csp.mut.57.5_3_52.ROR.gs_csp_is_address_valid;1;1;1;1;1;1
csp.mut.58.5_3_48.ROR.gs_csp_is_address_valid;1;1;1;1;1;1
csp.mut.57.1_4_52.ROR.gs_csp_is_address_valid;0;0;0;0;0;0
csp.mut.58.1_1_5.SDL.gs_csp_is_address_valid;0;0;0;0;0;0
csp.mut.57.4_2_52.ROR.gs_csp_is_address_valid;1;1;1;1;1;1
csp.mut.68.1_1_5.SDL.gs_csp_is_address_valid;0;0;0;0;0;0
csp.mut.56.1_2_55.ICR.gs_csp_is_address_valid;1;1;1;1;1;1
csp.mut.58.1_8_78.ICR.gs_csp_is_address_valid;0;0;0;0;0;0
csp.mut.71.1_1_5.SDL.gs_csp_is_address_valid;0;0;0;0;0;0
csp.mut.56.3_1_52.ROR.gs_csp_is_address_valid;0;0;0;0;0;0
csp.mut.117.1_1_5.SDL.gs_csp_is_address_valid;0;0;0;0;0;0
csp.mut.101.1_1_5.SDL.gs_csp_is_address_valid;0;0;0;0;0;0
csp.mut.70.1_1_5.SDL.gs_csp_is_address_valid;0;0;0;0;0;0
csp.mut.88.1_1_5.SDL.gs_csp_is_address_valid;0;0;0;0;0;0
csp.mut.57.6_6_84.ICR.gs_csp_is_address_valid;0;0;0;0;0;0
csp.mut.75.1_1_5.SDL.gs_csp_is_address_valid;0;0;0;0;0;0
csp.mut.58.6_6_78.ICR.gs_csp_is_address_valid;0;0;0;0;0;0
csp.mut.57.2_3_84.ICR.gs_csp_is_address_valid;0;0;0;0;0;0
service_handler.mut.74.3_1_24.UOI.uptime;0;0;0;0;0;0
service_handler.mut.16.1_1_9.SDL.call_csp_packet_handler;0;0;0;0;0;0
service_handler.mut.48.2_8_44.UOI.memfree;0;0;0;0;0;0
service_handler.mut.43.2_2_49.ROD.memfree;0;0;0;0;0;0
service_handler.mut.78.7_1_9.ROR.uptime;0;0;0;0;0;0
service_handler.mut.39.2_1_25.ICR.memfree;0;0;0;0;0;0
service_handler.mut.63.1_1_5.SDL.gs_csp_reboot_service_handler;0;0;0;0;0;0
service_handler.mut.78.1_1_5.SDL.uptime;0;0;0;0;0;0
service_handler.mut.19.1_1_5.SDL.call_csp_packet_handler;0;0;0;0;0;0
service_handler.mut.47.1_1_5.SDL.memfree;0;0;0;0;0;0
service_handler.mut.58.1_1_5.SDL.gs_csp_mem_free_service_handler;0;0;0;0;0;0
service_handler.mut.76.4_3_29.UOI.uptime;0;0;0;0;0;0
service_handler.mut.75.1_1_5.SDL.uptime;0;0;0;0;0;0
service_handler.mut.76.2_4_29.UOI.uptime;0;0;0;0;0;0
service_handler.mut.15.2_1_37.ICR.call_csp_packet_handler;0;0;0;0;0;0
service_handler.mut.75.2_8_40.UOI.uptime;0;0;0;0;0;0
service_handler.mut.15.1_2_37.ICR.call_csp_packet_handler;0;0;0;0;0;0
service_handler.mut.74.2_4_24.UOI.uptime;0;0;0;0;0;0
service_handler.mut.74.1_1_5.SDL.uptime;0;0;0;0;0;0
service_handler.mut.24.1_1_5.SDL.gs_csp_cmp_service_handler;0;0;0;0;0;0
service_handler.mut.29.1_1_5.SDL.gs_csp_ping_service_handler;0;0;0;0;0;0
service_handler.mut.43.4_3_49.ROR.memfree;0;0;0;0;0;0
service_handler.mut.85.1_1_5.SDL.gs_csp_uptime_service_handler;0;0;0;0;0;0
service_handler.mut.43.1_2_28.UOI.memfree;0;0;0;0;0;0
service_handler.mut.49.1_1_5.SDL.memfree;0;0;0;0;0;0
service_handler.mut.74.4_3_24.UOI.uptime;0;0;0;0;0;0
service_handler.mut.75.3_5_40.UOI.uptime;0;0;0;0;0;0
service_handler.mut.43.2_4_28.UOI.memfree;0;0;0;0;0;0
service_handler.mut.76.1_2_29.UOI.uptime;0;0;0;0;0;0
service_handler.mut.68.1_1_5.SDL.gs_csp_buf_free_service_handler;0;0;0;0;0;0
service_handler.mut.47.2_4_28.UOI.memfree;0;0;0;0;0;0
service_handler.mut.39.1_2_25.ICR.memfree;0;0;0;0;0;0
service_handler.mut.18.1_1_5.SDL.call_csp_packet_handler;0;0;0;0;0;0
service_handler.mut.51.2_1_33.ICR.memfree;0;0;0;0;0;0
service_handler.mut.51.1_2_33.ICR.memfree;0;0;0;0;0;0
service_handler.mut.48.1_1_5.SDL.memfree;0;0;0;0;0;0
service_handler.mut.43.3_1_28.UOI.memfree;0;0;0;0;0;0
service_handler.mut.49.2_4_29.UOI.memfree;0;0;0;0;0;0
service_handler.mut.78.2_1_33.ICR.uptime;0;0;0;0;0;0
service_handler.mut.49.1_2_29.UOI.memfree;0;0;0;0;0;0
service_handler.mut.43.7_1_8.ROR.memfree;1;1;1;1;1;1
service_handler.mut.51.1_1_5.SDL.memfree;0;0;0;0;0;0
service_handler.mut.47.4_3_28.UOI.memfree;0;0;0;0;0;0
service_handler.mut.47.3_1_28.UOI.memfree;0;0;0;0;0;0
service_handler.mut.49.4_3_29.UOI.memfree;0;0;0;0;0;0
service_handler.mut.15.1_1_5.SDL.call_csp_packet_handler;0;0;0;0;0;0
service_handler.mut.15.8_1_12.ROR.call_csp_packet_handler;0;0;0;0;0;0
service_handler.mut.43.1_1_5.SDL.memfree;0;0;0;0;0;0
service_handler.mut.43.1_4_49.ROR.memfree;0;0;0;0;0;0
service_handler.mut.75.4_7_40.UOI.uptime;0;0;0;0;0;0
service_handler.mut.44.1_1_9.SDL.memfree;0;0;0;0;0;0
service_handler.mut.43.2_5_49.ROR.memfree;0;0;0;0;0;0
service_handler.mut.43.4_3_28.UOI.memfree;0;0;0;0;0;0
service_handler.mut.43.6_1_49.ROR.memfree;1;1;1;1;1;1
service_handler.mut.43.1_1_8.ROD.memfree;1;1;1;1;1;1
service_handler.mut.47.1_2_28.UOI.memfree;0;0;0;0;0;0
service_handler.mut.76.1_1_5.SDL.uptime;0;0;0;0;0;0
service_handler.mut.78.1_2_33.ICR.uptime;0;0;0;0;0;0
service_handler.mut.34.1_1_5.SDL.gs_csp_ps_service_handler;0;0;0;0;0;0
service_handler.mut.43.3_2_49.ROR.memfree;0;0;0;0;0;0
service_handler.mut.74.1_2_24.UOI.uptime;0;0;0;0;0;0
service_handler.mut.75.1_6_40.UOI.uptime;0;0;0;0;0;0
service_handler.mut.49.3_1_29.UOI.memfree;0;0;0;0;0;0
service_handler.mut.48.4_7_44.UOI.memfree;0;0;0;0;0;0
service_handler.mut.76.3_1_29.UOI.uptime;0;0;0;0;0;0
service_handler.mut.51.7_1_9.ROR.memfree;0;0;0;0;0;0
service_handler.mut.48.3_5_44.UOI.memfree;0;0;0;0;0;0
service_handler.mut.48.1_6_44.UOI.memfree;0;0;0;0;0;0
log.mut.8.1_1_5.SDL.gs_csp_log_init;0;0;0;0;0;0
conn.mut.12.4_2_36.ROR.gs_csp_conn_get_open;0;0;0;0;0;0
conn.mut.8.1_2_25.ICR.gs_csp_conn_get_open;0;0;0;0;0;0
conn.mut.12.1_1_34.ROD.gs_csp_conn_get_open;0;0;0;0;0;0
conn.mut.11.7_1_9.ROR.gs_csp_conn_get_open;0;0;0;0;0;0
conn.mut.12.3_1_34.UOI.gs_csp_conn_get_open;0;0;0;0;0;0
conn.mut.12.2_1_31.ICR.gs_csp_conn_get_open;0;0;0;0;0;0
conn.mut.12.6_1_36.ROR.gs_csp_conn_get_open;0;0;0;0;0;0
conn.mut.12.1_1_34.ABS.gs_csp_conn_get_open;0;0;0;0;0;0
conn.mut.13.1_1_29.ABS.gs_csp_conn_get_open;0;0;0;0;0;0
conn.mut.13.1_1_17.ROD.gs_csp_conn_get_open;0;0;0;0;0;0
conn.mut.12.1_1_9.SDL.gs_csp_conn_get_open;0;0;0;0;0;0
conn.mut.21.3_1_12.UOI.gs_csp_conn_get_open;0;0;0;0;0;0
conn.mut.8.2_1_25.ICR.gs_csp_conn_get_open;0;0;0;0;0;0
conn.mut.13.1_4_38.ROR.gs_csp_conn_get_open;0;0;0;0;0;0
conn.mut.13.1_2_29.UOI.gs_csp_conn_get_open;0;0;0;0;0;0
conn.mut.21.1_2_12.UOI.gs_csp_conn_get_open;0;0;0;0;0;0
conn.mut.21.1_1_12.ABS.gs_csp_conn_get_open;0;0;0;0;0;0
conn.mut.12.5_3_36.ROR.gs_csp_conn_get_open;0;0;0;0;0;0
conn.mut.11.1_1_5.SDL.gs_csp_conn_get_open;1;1;1;1;1;1
conn.mut.21.1_1_5.SDL.gs_csp_conn_get_open;0;0;0;0;0;0
conn.mut.13.4_2_38.ROR.gs_csp_conn_get_open;0;0;0;0;0;0
conn.mut.13.2_4_29.UOI.gs_csp_conn_get_open;0;0;0;0;0;0
conn.mut.21.4_3_12.UOI.gs_csp_conn_get_open;0;0;0;0;0;0
conn.mut.13.2_2_38.ROD.gs_csp_conn_get_open;0;0;0;0;0;0
conn.mut.13.4_3_29.UOI.gs_csp_conn_get_open;0;0;0;0;0;0
conn.mut.12.1_2_31.ICR.gs_csp_conn_get_open;0;0;0;0;0;0
conn.mut.12.1_2_34.UOI.gs_csp_conn_get_open;0;0;0;0;0;0
conn.mut.12.2_8_38.UOI.gs_csp_conn_get_open;0;0;0;0;0;0
conn.mut.12.4_3_34.UOI.gs_csp_conn_get_open;0;0;0;0;0;0
conn.mut.21.2_4_12.UOI.gs_csp_conn_get_open;0;0;0;0;0;0
conn.mut.14.1_1_17.SDL.gs_csp_conn_get_open;0;1;1;1;1;1
conn.mut.12.3_5_38.UOI.gs_csp_conn_get_open;0;0;0;0;0;0
conn.mut.13.3_1_29.UOI.gs_csp_conn_get_open;0;0;0;0;0;0
conn.mut.13.2_5_38.ROR.gs_csp_conn_get_open;0;0;0;0;0;0
conn.mut.12.2_2_36.ROD.gs_csp_conn_get_open;0;1;1;1;1;1
conn.mut.12.1_6_38.UOI.gs_csp_conn_get_open;0;0;0;0;0;0
conn.mut.13.5_3_38.ROR.gs_csp_conn_get_open;1;1;1;1;1;1
conn.mut.12.1_4_36.ROR.gs_csp_conn_get_open;0;1;1;1;1;1
conn.mut.13.1_1_13.SDL.gs_csp_conn_get_open;1;1;1;1;1;1
conn.mut.12.4_7_38.UOI.gs_csp_conn_get_open;0;0;0;0;0;0
conn.mut.13.7_1_17.ROR.gs_csp_conn_get_open;1;1;1;1;1;1
conn.mut.12.2_4_34.UOI.gs_csp_conn_get_open;0;1;1;1;1;1
conn.mut.12.2_5_36.ROR.gs_csp_conn_get_open;0;0;0;0;0;0
conn.mut.13.3_1_38.ROR.gs_csp_conn_get_open;1;1;1;1;1;1
error.mut.7.2_4_13.UOI.gs_csp_error;0;0;0;0;0;0
error.mut.7.1_2_13.UOI.gs_csp_error;0;0;0;0;0;0
error.mut.7.1_1_5.SDL.gs_csp_error;0;0;0;0;0;0
error.mut.7.4_3_13.UOI.gs_csp_error;0;0;0;0;0;0
error.mut.7.3_1_13.UOI.gs_csp_error;0;0;0;0;0;0
error.mut.7.1_1_13.ABS.gs_csp_error;0;0;0;0;0;0
router.mut.39.4_3_20.ROR.gs_csp_router_task_stop_with_timeout;0;0;0;0;0;0
router.mut.44.1_4_91.ROR.gs_csp_router_task_stop_with_timeout;0;0;0;0;0;0
router.mut.45.3_5_34.ICR.gs_csp_router_task_stop_with_timeout;0;0;0;0;0;0
router.mut.44.1_6_93.UOI.gs_csp_router_task_stop_with_timeout;0;0;0;0;0;0
router.mut.39.5_4_20.ROR.gs_csp_router_task_stop_with_timeout;1;1;1;1;1;1
router.mut.44.1_1_20.LOD.gs_csp_router_task_stop_with_timeout;0;0;0;0;0;0
router.mut.41.7_1_13.ROR.gs_csp_router_task_stop_with_timeout;0;0;0;0;0;0
router.mut.27.1_2_44.SDL.gs_csp_router_task;0;0;0;0;0;0
router.mut.27.1_1_5.SDL.gs_csp_router_task;0;0;0;0;0;0
router.mut.45.2_1_34.ICR.gs_csp_router_task_stop_with_timeout;0;0;0;0;0;0
router.mut.76.4_2_49.ICR.gs_csp_router_task_stop;0;0;0;0;0;0
router.mut.33.2_2_38.LOD.gs_csp_router_task_stop_with_timeout;0;0;0;0;0;0
router.mut.39.2_1_22.ICR.gs_csp_router_task_stop_with_timeout;0;0;0;0;0;0
router.mut.44.8_1_20.ROR.gs_csp_router_task_stop_with_timeout;0;0;0;0;0;0
router.mut.42.1_1_13.SDL.gs_csp_router_task_stop_with_timeout;0;0;0;0;0;0
router.mut.68.2_4_9.UOI.gs_csp_router_task_start;0;0;0;0;0;0
router.mut.33.3_2_28.ROR.gs_csp_router_task_stop_with_timeout;0;0;0;0;0;0
router.mut.66.4_7_86.UOI.gs_csp_router_task_start;0;0;0;0;0;0
router.mut.24.1_1_5.SDL.gs_csp_router_task;0;0;0;0;0;0
router.mut.56.3_1_12.UOI.gs_csp_router_task_stop_with_timeout;0;0;0;0;0;0
router.mut.44.2_8_93.UOI.gs_csp_router_task_stop_with_timeout;0;0;0;0;0;0
router.mut.33.1_9_63.ROR.gs_csp_router_task_stop_with_timeout;0;0;0;0;0;0
router.mut.44.1_1_13.SDL.gs_csp_router_task_stop_with_timeout;0;0;0;0;0;0
router.mut.54.1_1_5.SDL.gs_csp_router_task_stop_with_timeout;0;0;0;0;0;0
router.mut.45.1_6_34.ICR.gs_csp_router_task_stop_with_timeout;0;0;0;0;0;0
router.mut.33.6_1_28.ROR.gs_csp_router_task_stop_with_timeout;0;0;0;0;0;0
router.mut.39.1_1_5.SDL.gs_csp_router_task_stop_with_timeout;1;1;1;1;1;1
router.mut.39.6_1_20.ROR.gs_csp_router_task_stop_with_timeout;0;0;0;0;0;0
router.mut.44.1_1_47.ROD.gs_csp_router_task_stop_with_timeout;0;0;0;0;0;0
router.mut.33.4_8_63.ROR.gs_csp_router_task_stop_with_timeout;0;0;0;0;0;0
router.mut.61.7_1_9.ROR.gs_csp_router_task_start;0;0;0;0;0;0
router.mut.71.3_1_12.UOI.gs_csp_router_task_start;0;0;0;0;0;0
router.mut.44.4_2_91.ROR.gs_csp_router_task_stop_with_timeout;0;0;0;0;0;0
router.mut.44.3_5_93.UOI.gs_csp_router_task_stop_with_timeout;0;0;0;0;0;0
router.mut.45.6_4_34.ICR.gs_csp_router_task_stop_with_timeout;0;0;0;0;0;0
router.mut.41.1_1_9.SDL.gs_csp_router_task_stop_with_timeout;0;0;0;0;0;0
router.mut.66.3_1_74.UOI.gs_csp_router_task_start;0;0;0;0;0;0
router.mut.76.3_5_49.ICR.gs_csp_router_task_stop;0;0;0;0;0;0
router.mut.28.1_1_5.SDL.gs_csp_router_task;0;0;0;0;0;0
router.mut.44.4_7_93.UOI.gs_csp_router_task_stop_with_timeout;0;0;0;0;0;0
router.mut.71.4_3_12.UOI.gs_csp_router_task_start;0;0;0;0;0;0
router.mut.76.6_4_49.ICR.gs_csp_router_task_stop;0;0;0;0;0;0
router.mut.41.4_3_13.UOI.gs_csp_router_task_stop_with_timeout;0;0;0;0;0;0
router.mut.55.1_2_58.SDL.gs_csp_router_task_stop_with_timeout;0;0;0;0;0;0
router.mut.39.3_2_20.ROR.gs_csp_router_task_stop_with_timeout;1;1;1;1;1;1
router.mut.33.3_7_63.ROR.gs_csp_router_task_stop_with_timeout;1;1;1;1;1;1
router.mut.33.1_3_42.ROD.gs_csp_router_task_stop_with_timeout;1;1;1;1;1;1
router.mut.39.4_3_9.UOI.gs_csp_router_task_stop_with_timeout;0;0;0;0;0;0
router.mut.68.4_3_9.UOI.gs_csp_router_task_start;0;0;0;0;0;0
router.mut.33.1_1_38.LCR.gs_csp_router_task_stop_with_timeout;0;0;0;0;0;0
router.mut.50.1_1_5.SDL.gs_csp_router_task_stop_with_timeout;0;0;0;0;0;0
router.mut.33.2_10_63.ROR.gs_csp_router_task_stop_with_timeout;0;0;0;0;0;0
router.mut.33.1_1_10.ROD.gs_csp_router_task_stop_with_timeout;1;1;1;1;1;1
router.mut.66.4_3_74.UOI.gs_csp_router_task_start;0;0;0;0;0;0
router.mut.65.1_1_5.SDL.gs_csp_router_task_start;0;0;0;0;0;0
router.mut.39.2_4_9.UOI.gs_csp_router_task_stop_with_timeout;0;0;0;0;0;0
router.mut.39.2_2_20.ROD.gs_csp_router_task_stop_with_timeout;0;0;0;0;0;0
router.mut.33.1_1_9.LOD.gs_csp_router_task_stop_with_timeout;1;1;1;1;1;1
router.mut.33.2_2_28.ROD.gs_csp_router_task_stop_with_timeout;1;1;1;1;1;1
router.mut.55.1_1_5.SDL.gs_csp_router_task_stop_with_timeout;0;0;0;0;0;0
router.mut.41.3_1_13.UOI.gs_csp_router_task_stop_with_timeout;0;0;0;0;0;0
router.mut.33.4_3_28.ROR.gs_csp_router_task_stop_with_timeout;0;0;0;0;0;0
router.mut.56.4_3_12.UOI.gs_csp_router_task_stop_with_timeout;0;0;0;0;0;0
router.mut.71.2_4_12.UOI.gs_csp_router_task_start;0;0;1;1;1;0
router.mut.54.2_1_28.ICR.gs_csp_router_task_stop_with_timeout;0;0;0;0;0;0
router.mut.44.6_1_91.ROR.gs_csp_router_task_stop_with_timeout;0;0;0;0;0;0
router.mut.35.1_1_9.SDL.gs_csp_router_task_stop_with_timeout;0;0;0;0;0;0
router.mut.76.1_6_49.ICR.gs_csp_router_task_stop;0;0;0;0;0;0
router.mut.33.7_1_9.ROR.gs_csp_router_task_stop_with_timeout;0;0;0;0;0;0
router.mut.41.1_1_13.ABS.gs_csp_router_task_stop_with_timeout;0;0;0;0;0;0
router.mut.71.1_1_5.SDL.gs_csp_router_task_start;0;0;0;0;0;0
router.mut.51.1_1_5.SDL.gs_csp_router_task_stop_with_timeout;0;0;0;0;0;0
router.mut.41.2_4_13.UOI.gs_csp_router_task_stop_with_timeout;0;0;0;0;0;0
router.mut.28.2_1_20.ICR.gs_csp_router_task;0;0;0;0;0;0
router.mut.68.1_1_5.SDL.gs_csp_router_task_start;0;0;0;0;0;0
router.mut.33.6_6_63.ROR.gs_csp_router_task_stop_with_timeout;1;1;1;1;1;1
router.mut.44.2_2_91.ROD.gs_csp_router_task_stop_with_timeout;0;0;0;0;0;0
router.mut.39.1_1_9.ROD.gs_csp_router_task_stop_with_timeout;1;1;1;1;1;1
router.mut.33.1_2_66.ICR.gs_csp_router_task_stop_with_timeout;0;0;0;0;0;0
router.mut.33.1_1_5.SDL.gs_csp_router_task_stop_with_timeout;0;1;1;1;1;1
router.mut.52.1_1_5.SDL.gs_csp_router_task_stop_with_timeout;0;0;0;0;0;0
router.mut.33.2_5_28.ROR.gs_csp_router_task_stop_with_timeout;1;1;1;1;1;1
router.mut.56.1_2_12.UOI.gs_csp_router_task_stop_with_timeout;0;0;0;0;0;0
router.mut.44.2_1_43.LCR.gs_csp_router_task_stop_with_timeout;0;0;0;0;0;0
router.mut.68.7_1_9.ROR.gs_csp_router_task_start;0;0;0;0;0;0
router.mut.39.7_1_9.ROR.gs_csp_router_task_stop_with_timeout;1;1;1;1;1;1
router.mut.66.2_8_86.UOI.gs_csp_router_task_start;0;0;0;0;0;0
router.mut.65.4_1_25.LVR.gs_csp_router_task_start;0;1;1;1;1;1
router.mut.41.1_2_13.UOI.gs_csp_router_task_stop_with_timeout;0;0;0;0;0;0
router.mut.66.1_2_74.UOI.gs_csp_router_task_start;0;0;0;0;0;0
router.mut.66.1_6_86.UOI.gs_csp_router_task_start;0;0;0;0;0;0
router.mut.28.1_2_20.ICR.gs_csp_router_task;0;0;0;0;0;0
router.mut.42.1_2_111.SDL.gs_csp_router_task_stop_with_timeout;0;0;0;0;0;0
router.mut.24.8_1_12.ROR.gs_csp_router_task;0;0;0;0;0;0
router.mut.71.1_2_12.UOI.gs_csp_router_task_start;0;0;0;0;0;0
router.mut.50.1_2_56.SDL.gs_csp_router_task_stop_with_timeout;0;0;0;0;0;0
router.mut.44.2_5_91.ROR.gs_csp_router_task_stop_with_timeout;0;0;0;0;0;0
router.mut.76.5_3_49.ICR.gs_csp_router_task_stop;0;0;0;0;0;0
router.mut.44.2_2_43.LOD.gs_csp_router_task_stop_with_timeout;0;1;1;1;1;1
router.mut.33.2_1_66.ICR.gs_csp_router_task_stop_with_timeout;0;0;0;0;0;0
router.mut.25.1_1_9.SDL.gs_csp_router_task;0;0;0;0;0;0
router.mut.61.1_1_5.SDL.gs_csp_router_task_start;0;0;0;0;0;0
router.mut.33.5_1_31.LVR.gs_csp_router_task_stop_with_timeout;1;1;1;1;1;1
router.mut.68.3_1_9.UOI.gs_csp_router_task_start;0;0;0;0;0;0
router.mut.45.4_2_34.ICR.gs_csp_router_task_stop_with_timeout;0;0;0;0;0;0
router.mut.39.1_2_9.UOI.gs_csp_router_task_stop_with_timeout;0;0;0;0;0;0
router.mut.39.3_1_9.UOI.gs_csp_router_task_stop_with_timeout;0;0;0;0;0;0
router.mut.39.1_2_22.ICR.gs_csp_router_task_stop_with_timeout;0;0;0;0;0;0
router.mut.33.2_4_63.ROD.gs_csp_router_task_stop_with_timeout;1;1;1;1;1;1
router.mut.76.1_1_5.SDL.gs_csp_router_task_stop;0;0;0;0;0;0
router.mut.45.5_3_34.ICR.gs_csp_router_task_stop_with_timeout;0;0;0;0;0;0
router.mut.44.5_3_91.ROR.gs_csp_router_task_stop_with_timeout;0;0;0;0;0;0
router.mut.76.2_1_49.ICR.gs_csp_router_task_stop;0;0;0;0;0;0
router.mut.66.3_5_86.UOI.gs_csp_router_task_start;0;0;0;0;0;0
router.mut.51.5_1_25.LVR.gs_csp_router_task_stop_with_timeout;0;0;0;0;0;0
router.mut.33.1_4_28.ROR.gs_csp_router_task_stop_with_timeout;0;1;0;0;0;1
router.mut.66.2_4_74.UOI.gs_csp_router_task_start;0;0;0;0;0;0
router.mut.56.2_4_12.UOI.gs_csp_router_task_stop_with_timeout;0;0;0;0;0;0
router.mut.56.1_1_5.SDL.gs_csp_router_task_stop_with_timeout;0;0;0;0;0;0
router.mut.54.1_2_28.ICR.gs_csp_router_task_stop_with_timeout;0;0;0;0;0;0
router.mut.39.2_5_20.ROR.gs_csp_router_task_stop_with_timeout;0;0;0;0;0;0
router.mut.45.1_1_17.SDL.gs_csp_router_task_stop_with_timeout;0;0;0;0;0;0
router.mut.68.1_2_9.UOI.gs_csp_router_task_start;0;0;0;0;0;0
commands.mut.372.1_1_5.SDL.cmd_cmp_ifc;0;0;0;0;0;0
commands.mut.372.4_3_9.UOI.cmd_cmp_ifc;0;0;0;0;0;0
commands.mut.492.1_1_28.AOD.cmd_cmp_clock;0;0;0;0;0;0
commands.mut.446.2_5_46.ROR.cmd_cmp_poke;0;0;0;0;0;0
commands.mut.42.2_4_12.UOI.parse_node_timeout;0;0;0;0;0;0
commands.mut.359.3_2_33.ICR.cmd_cmp_ifc;0;0;0;0;0;0
commands.mut.492.5_5_68.AOR.cmd_cmp_clock;0;0;0;0;0;0
commands.mut.79.3_6_75.ROR.cmd_ping;0;0;0;0;0;0
commands.mut.366.2_1_27.ICR.cmd_cmp_ifc;0;0;0;0;0;0
commands.mut.481.2_5_59.AOD.cmd_cmp_clock;0;0;0;0;0;0
commands.mut.495.1_2_26.AOD.cmd_cmp_clock;0;0;0;0;0;0
commands.mut.143.2_2_13.ROD.cmd_memfree;0;0;0;0;0;0
commands.mut.93.2_12_37.UOI.cmd_ping;0;0;0;0;0;0
commands.mut.198.2_4_43.UOI.cmd_uptime;0;0;0;0;0;0
commands.mut.340.5_3_38.ICR.cmd_cmp_route_set;0;0;0;0;0;0
commands.mut.49.3_2_33.ICR.cmd_ping;0;0;0;0;0;0
commands.mut.248.4_3_17.UOI.cmd_csp_conn_print_table;0;0;0;0;0;0
commands.mut.505.6_7_43.ICR.cmd_cmp_clock_get;0;0;0;0;0;0
commands.mut.329.5_6_43.ICR.cmd_cmp_route_set;0;0;0;0;0;0
commands.mut.86.1_10_122.UOI.cmd_ping;0;0;0;0;0;0
commands.mut.93.7_1_13.ROR.cmd_ping;0;0;0;0;0;0
commands.mut.54.1_1_5.SDL.cmd_ping;0;0;0;0;0;0
commands.mut.496.3_2_77.ROR.cmd_cmp_clock;0;0;0;0;0;0
commands.mut.481.2_19_109.AOR.cmd_cmp_clock;0;0;0;0;0;0
commands.mut.329.1_9_43.ICR.cmd_cmp_route_set;1;1;1;1;1;1
commands.mut.492.1_6_57.ICR.cmd_cmp_clock;0;0;0;0;0;0
commands.mut.496.2_1_79.ICR.cmd_cmp_clock;0;0;0;0;0;0
commands.mut.446.6_1_46.ROR.cmd_cmp_poke;0;0;0;0;0;0
commands.mut.313.4_3_29.UOI.cmd_cmp_ident;0;0;0;0;0;0
commands.mut.446.5_3_42.ICR.cmd_cmp_poke;0;0;0;0;0;0
commands.mut.143.1_1_9.ABS.cmd_memfree;0;0;0;0;0;0
commands.mut.29.1_2_25.UOI.parse_node_timeout;0;0;0;0;0;0
commands.mut.124.4_5_43.ICR.cmd_ps;0;0;0;0;0;0
commands.mut.434.3_8_43.ICR.cmd_cmp_poke;0;0;0;0;0;0
commands.mut.451.7_1_9.ROR.cmd_cmp_poke;0;0;0;0;0;0
commands.mut.54.2_1_25.LCR.cmd_ping;0;0;0;0;0;0
commands.mut.54.6_1_20.ROR.cmd_ping;0;0;0;0;0;0
commands.mut.86.4_15_128.UOI.cmd_ping;0;0;0;0;0;0
commands.mut.124.1_4_56.ROR.cmd_ps;0;0;0;0;0;0
commands.mut.137.2_2_56.ROD.cmd_memfree;0;0;0;0;0;0
commands.mut.26.7_1_9.ROR.parse_node_timeout;0;0;0;0;0;0
commands.mut.336.4_2_38.ICR.cmd_cmp_route_set;0;0;0;0;0;0
commands.mut.110.6_1_15.ROR.cmd_ping;0;0;0;0;0;0
commands.mut.304.7_1_9.ROR.cmd_cmp_ident;0;0;0;0;0;0
commands.mut.451.1_1_9.ROD.cmd_cmp_poke;0;0;0;0;0;0
commands.mut.444.1_1_5.SDL.cmd_cmp_poke;0;0;0;0;0;0
commands.mut.492.2_3_55.AOD.cmd_cmp_clock;1;1;1;1;1;1
commands.mut.177.2_2_56.ROD.cmd_buf_free;0;0;0;0;0;0
commands.mut.49.2_2_56.ROD.cmd_ping;0;0;0;0;0;0
commands.mut.198.4_3_43.UOI.cmd_uptime;0;0;0;0;0;0
commands.mut.474.3_1_29.UOI.cmd_cmp_clock;0;0;0;0;0;0
commands.mut.78.2_1_26.ICR.cmd_ping;0;0;0;0;0;0
commands.mut.128.3_1_12.UOI.cmd_ps;0;0;0;0;0;0
commands.mut.505.1_1_5.SDL.cmd_cmp_clock_get;0;0;0;0;0;0
commands.mut.54.4_2_22.ICR.cmd_ping;0;0;0;0;0;0
commands.mut.393.1_1_5.SDL.cmd_cmp_ifc;0;0;0;0;0;0
commands.mut.124.2_1_33.ICR.cmd_ps;0;0;0;0;0;0
commands.mut.35.1_1_9.SDL.parse_node_timeout;0;0;0;0;0;0
commands.mut.124.4_3_33.ICR.cmd_ps;0;0;0;0;0;0
commands.mut.79.3_5_22.ICR.cmd_ping;0;0;0;0;0;0
commands.mut.228.1_1_5.SDL.cmd_csp_iflist_print_interfaces;0;0;0;0;0;0
commands.mut.30.4_3_50.UOI.parse_node_timeout;0;0;0;0;0;0
commands.mut.493.3_14_79.AOR.cmd_cmp_clock;0;0;0;0;0;0
commands.mut.450.5_3_39.ICR.cmd_cmp_poke;0;0;0;0;0;0
commands.mut.199.2_2_13.ROD.cmd_uptime;0;0;0;0;0;0
commands.mut.359.7_1_9.ROR.cmd_cmp_ifc;0;0;0;0;0;0
commands.mut.372.2_4_9.UOI.cmd_cmp_ifc;0;0;0;0;0;0
commands.mut.493.3_6_60.AOR.cmd_cmp_clock;0;0;0;0;0;0
commands.mut.487.1_1_5.SDL.cmd_cmp_clock;0;0;0;0;0;0
commands.mut.209.1_1_5.SDL.csp_rtable_print_route;0;0;0;0;0;0
commands.mut.182.1_2_45.UOI.cmd_buf_free;0;0;0;0;0;0
commands.mut.193.2_4_43.ICR.cmd_uptime;0;0;0;0;0;0
commands.mut.177.2_5_56.ROR.cmd_buf_free;0;0;0;0;0;0
commands.mut.177.5_6_43.ICR.cmd_buf_free;0;0;0;0;0;0
commands.mut.37.2_2_23.ROD.parse_node_timeout;0;0;0;0;0;0
commands.mut.183.2_4_9.UOI.cmd_buf_free;0;0;0;0;0;0
commands.mut.152.4_3_33.ICR.cmd_reboot;0;0;0;0;0;0
commands.mut.91.1_4_18.ROR.cmd_ping;0;0;0;0;0;0
commands.mut.209.2_2_20.ROD.csp_rtable_print_route;0;0;0;0;0;0
commands.mut.481.1_8_76.AOD.cmd_cmp_clock;0;0;0;0;0;0
commands.mut.74.1_1_13.SDL.cmd_ping;0;0;0;0;0;0
commands.mut.29.2_2_23.ROD.parse_node_timeout;0;0;0;0;0;0
commands.mut.344.1_1_9.ROD.cmd_cmp_route_set;0;0;0;0;0;0
commands.mut.481.4_4_46.AOR.cmd_cmp_clock;0;0;0;0;0;0
commands.mut.164.4_2_52.ROR.cmd_shutdown;0;0;0;0;0;0
commands.mut.199.7_1_9.ROR.cmd_uptime;1;1;1;1;1;1
commands.mut.86.4_3_107.UOI.cmd_ping;0;0;0;0;0;0
commands.mut.246.1_2_30.UOI.cmd_csp_conn_print_table;0;0;0;0;0;0
commands.mut.446.2_2_46.ROD.cmd_cmp_poke;0;0;0;0;0;0
commands.mut.59.2_5_19.ROR.cmd_ping;0;0;0;0;0;0
commands.mut.182.4_7_51.UOI.cmd_buf_free;0;0;0;0;0;0
commands.mut.37.2_4_25.UOI.parse_node_timeout;0;0;0;0;0;0
commands.mut.49.2_5_56.ROR.cmd_ping;0;0;0;0;0;0
commands.mut.492.1_2_28.AOD.cmd_cmp_clock;0;0;0;0;0;0
commands.mut.82.2_1_21.ICR.cmd_ping;0;0;0;0;0;0
commands.mut.347.1_1_5.SDL.cmd_cmp_route_set;0;0;0;0;0;0
commands.mut.312.4_2_13.ROR.cmd_cmp_ident;0;0;0;0;0;0
commands.mut.104.1_2_9.UOI.cmd_ping;0;0;0;0;0;0
commands.mut.110.4_3_15.ROR.cmd_ping;0;0;0;0;0;0
commands.mut.146.3_1_12.UOI.cmd_memfree;0;0;0;0;0;0
commands.mut.156.3_1_16.UOI.cmd_reboot;0;0;0;0;0;0
commands.mut.493.6_4_49.ICR.cmd_cmp_clock;0;0;0;0;0;0
commands.mut.359.1_4_56.ROR.cmd_cmp_ifc;0;0;0;0;0;0
commands.mut.164.1_1_5.SDL.cmd_shutdown;0;0;0;0;0;0
commands.mut.59.5_3_21.ICR.cmd_ping;1;1;1;1;1;1
commands.mut.91.3_5_20.UOI.cmd_ping;0;0;0;0;0;0
commands.mut.344.4_3_64.ROR.cmd_cmp_route_set;0;0;0;0;0;0
commands.mut.493.2_7_81.ICR.cmd_cmp_clock;0;0;0;0;0;0
commands.mut.164.2_5_52.ROR.cmd_shutdown;0;0;0;0;0;0
commands.mut.493.1_7_75.AOD.cmd_cmp_clock;0;0;0;0;0;0
commands.mut.102.2_8_46.AOR.cmd_ping;0;0;0;0;0;0
commands.mut.372.1_1_9.ROD.cmd_cmp_ifc;1;1;1;1;1;1
commands.mut.35.4_2_20.ICR.parse_node_timeout;0;0;0;0;0;0
commands.mut.102.2_4_46.AOD.cmd_ping;0;0;0;0;0;0
commands.mut.183.4_3_9.UOI.cmd_buf_free;0;0;0;0;0;0
commands.mut.198.2_8_49.UOI.cmd_uptime;0;0;0;0;0;0
commands.mut.465.7_1_9.ROR.cmd_cmp_clock;0;0;0;0;0;0
commands.mut.202.1_1_9.SDL.cmd_uptime;0;0;0;0;0;0
commands.mut.439.7_1_9.ROR.cmd_cmp_poke;0;0;0;0;0;0
commands.mut.312.5_3_13.ROR.cmd_cmp_ident;0;0;0;0;0;0
commands.mut.128.1_6_18.UOI.cmd_ps;0;0;0;0;0;0
commands.mut.143.7_1_9.ROR.cmd_memfree;1;1;1;1;1;1
commands.mut.143.3_1_9.UOI.cmd_memfree;0;0;0;0;0;0
commands.mut.379.1_1_5.SDL.cmd_cmp_ifc;0;0;0;0;0;0
commands.mut.209.1_1_9.ROD.csp_rtable_print_route;0;0;0;0;0;0
commands.mut.366.5_3_27.ICR.cmd_cmp_ifc;0;0;0;0;0;0
commands.mut.451.1_2_9.UOI.cmd_cmp_poke;0;0;0;0;0;0
commands.mut.152.2_5_52.ROR.cmd_reboot;0;0;0;0;0;0
commands.mut.474.2_4_29.UOI.cmd_cmp_clock;0;0;0;0;0;0
commands.mut.60.5_3_43.ICR.cmd_ping;0;0;0;0;0;0
commands.mut.86.3_5_113.UOI.cmd_ping;0;0;0;0;0;0
commands.mut.434.1_4_56.ROR.cmd_cmp_poke;0;0;0;0;0;0
commands.mut.182.3_5_51.UOI.cmd_buf_free;0;0;0;0;0;0
commands.mut.29.1_1_9.SDL.parse_node_timeout;0;0;0;0;0;0
commands.mut.493.3_5_49.ICR.cmd_cmp_clock;0;0;0;0;0;0
commands.mut.199.1_4_13.ROR.cmd_uptime;0;0;0;0;0;0
commands.mut.137.1_9_43.ICR.cmd_memfree;0;0;0;0;0;0
commands.mut.137.7_1_9.ROR.cmd_memfree;0;0;0;0;0;0
commands.mut.329.1_1_5.SDL.cmd_cmp_route_set;0;0;0;0;0;0
commands.mut.364.1_1_5.SDL.cmd_cmp_ifc;0;0;0;0;0;0
commands.mut.142.4_3_44.UOI.cmd_memfree;0;0;0;0;0;0
commands.mut.344.1_5_64.ROR.cmd_cmp_route_set;0;0;0;0;0;0
commands.mut.73.1_1_9.SDL.cmd_ping;0;1;1;1;1;1
commands.mut.214.4_1_12.LVR.csp_rtable_print_route;0;0;0;0;0;0
commands.mut.30.1_2_50.UOI.parse_node_timeout;0;0;0;0;0;0
commands.mut.193.3_8_43.ICR.cmd_uptime;0;0;0;0;0;0
commands.mut.143.1_1_5.SDL.cmd_memfree;0;0;0;0;0;0
commands.mut.82.4_3_9.UOI.cmd_ping;0;0;0;0;0;0
commands.mut.91.3_1_12.UOI.cmd_ping;0;0;0;0;0;0
commands.mut.322.1_1_5.SDL.cmd_cmp_ident;0;0;0;0;0;0
commands.mut.246.6_1_32.ROR.cmd_csp_conn_print_table;0;0;0;0;0;0
commands.mut.35.2_1_20.ICR.parse_node_timeout;0;0;0;0;0;0
commands.mut.493.4_12_73.AOR.cmd_cmp_clock;0;0;0;0;0;0
commands.mut.387.1_1_5.SDL.cmd_cmp_ifc;0;0;0;0;0;0
commands.mut.446.1_6_42.ICR.cmd_cmp_poke;0;0;0;0;0;0
commands.mut.86.3_1_107.UOI.cmd_ping;0;0;0;0;0;0
commands.mut.329.2_4_43.ICR.cmd_cmp_route_set;0;0;0;0;0;0
commands.mut.492.2_7_68.AOR.cmd_cmp_clock;0;0;0;0;0;0
commands.mut.239.1_1_5.SDL.cmd_csp_iflist_print_interfaces;0;0;0;0;0;0
commands.mut.336.5_3_68.ROR.cmd_cmp_route_set;0;0;0;0;0;0
commands.mut.184.3_5_77.UOI.cmd_buf_free;0;0;0;0;0;0
commands.mut.329.1_1_9.ROD.cmd_cmp_route_set;1;1;1;1;1;1
commands.mut.35.6_4_20.ICR.parse_node_timeout;0;0;0;0;0;0
commands.mut.336.3_5_38.ICR.cmd_cmp_route_set;0;0;0;0;0;0
commands.mut.54.5_4_20.ROR.cmd_ping;0;0;0;0;0;0
commands.mut.158.1_1_5.SDL.cmd_reboot;0;0;0;0;0;0
commands.mut.366.2_2_63.ROD.cmd_cmp_ifc;0;0;0;0;0;0
commands.mut.34.4_3_27.ROR.parse_node_timeout;0;0;0;0;0;0
commands.mut.152.7_1_9.ROR.cmd_reboot;0;0;0;0;0;0
commands.mut.336.1_1_5.SDL.cmd_cmp_route_set;0;0;0;0;0;0
commands.mut.359.1_9_43.ICR.cmd_cmp_ifc;0;0;0;0;0;0
commands.mut.246.2_5_32.ROR.cmd_csp_conn_print_table;0;0;0;0;0;0
commands.mut.86.1_1_5.SDL.cmd_ping;0;0;0;0;0;0
commands.mut.79.4_2_22.ICR.cmd_ping;0;0;0;0;0;0
commands.mut.26.1_1_5.SDL.parse_node_timeout;0;0;0;0;0;0
commands.mut.124.3_2_33.ICR.cmd_ps;0;0;0;0;0;0
commands.mut.369.2_1_46.ICR.cmd_cmp_ifc;0;0;0;0;0;0
commands.mut.38.3_1_51.UOI.parse_node_timeout;0;0;0;0;0;0
commands.mut.91.4_7_20.UOI.cmd_ping;0;0;0;0;0;0
commands.mut.509.2_4_31.UOI.cmd_cmp_clock_get;0;0;0;0;0;0
commands.mut.184.1_6_77.UOI.cmd_buf_free;0;0;0;0;0;0
commands.mut.115.1_1_5.SDL.cmd_ping;0;0;0;0;0;0
commands.mut.42.1_2_12.UOI.parse_node_timeout;0;0;0;0;0;0
commands.mut.382.1_1_5.SDL.cmd_cmp_ifc;0;0;0;0;0;0
commands.mut.371.2_8_38.UOI.cmd_cmp_ifc;0;0;0;0;0;0
commands.mut.492.6_4_57.ICR.cmd_cmp_clock;0;0;0;0;0;0
commands.mut.183.1_4_13.ROR.cmd_buf_free;0;0;0;0;0;0
commands.mut.71.3_1_21.LCR.cmd_ping;0;0;0;0;0;0
commands.mut.37.3_1_25.UOI.parse_node_timeout;0;0;0;0;0;0
commands.mut.481.4_8_59.AOR.cmd_cmp_clock;0;0;0;0;0;0
commands.mut.344.5_3_27.ICR.cmd_cmp_route_set;0;0;0;0;0;0
commands.mut.212.3_5_59.UOI.csp_rtable_print_route;0;0;0;0;0;0
commands.mut.495.4_4_33.AOR.cmd_cmp_clock;0;0;0;0;0;0
commands.mut.142.4_7_50.UOI.cmd_memfree;0;0;0;0;0;0
commands.mut.366.5_4_63.ROR.cmd_cmp_ifc;0;0;0;0;0;0
commands.mut.53.4_3_21.ICR.cmd_ping;0;0;0;0;0;0
commands.mut.128.4_3_12.UOI.cmd_ps;0;0;0;0;0;0
commands.mut.59.2_1_21.ICR.cmd_ping;0;0;0;0;0;0
commands.mut.446.3_2_46.ROR.cmd_cmp_poke;0;0;0;0;0;0
commands.mut.481.4_16_96.AOR.cmd_cmp_clock;0;0;0;0;0;0
commands.mut.143.3_2_13.ROR.cmd_memfree;0;0;0;0;0;0
commands.mut.383.1_1_5.SDL.cmd_cmp_ifc;0;0;0;0;0;0
commands.mut.130.1_1_5.SDL.cmd_ps;0;0;0;0;0;0
commands.mut.359.6_7_43.ICR.cmd_cmp_ifc;0;0;0;0;0;0
commands.mut.54.2_1_22.ICR.cmd_ping;0;0;0;0;0;0
commands.mut.102.5_1_36.AOR.cmd_ping;0;0;0;0;0;0
commands.mut.372.1_2_9.UOI.cmd_cmp_ifc;0;0;0;0;0;0
commands.mut.110.3_2_17.ICR.cmd_ping;0;0;0;0;0;0
commands.mut.304.3_8_43.ICR.cmd_cmp_ident;0;0;0;0;0;0
commands.mut.212.2_8_59.UOI.csp_rtable_print_route;0;0;0;0;0;0
commands.mut.481.5_9_73.AOR.cmd_cmp_clock;0;0;0;0;0;0
commands.mut.336.1_6_38.ICR.cmd_cmp_route_set;0;0;0;0;0;0
commands.mut.475.7_1_9.ROR.cmd_cmp_clock;0;0;0;0;0;0
commands.mut.366.3_5_27.ICR.cmd_cmp_ifc;0;0;0;0;0;0
commands.mut.344.6_4_27.ICR.cmd_cmp_route_set;0;0;0;0;0;0
commands.mut.91.1_1_12.ROD.cmd_ping;0;0;0;0;0;0
commands.mut.372.2_5_13.ROR.cmd_cmp_ifc;0;0;0;0;0;0
commands.mut.350.1_2_13.UOI.cmd_cmp_route_set;0;0;0;0;0;0
commands.mut.164.1_5_43.ICR.cmd_shutdown;0;0;0;0;0;0
commands.mut.451.1_2_16.ICR.cmd_cmp_poke;0;0;0;0;0;0
commands.mut.451.2_5_13.ROR.cmd_cmp_poke;0;0;0;0;0;0
commands.mut.359.2_4_43.ICR.cmd_cmp_ifc;0;0;0;0;0;0
commands.mut.37.4_3_23.ROR.parse_node_timeout;0;0;0;0;0;0
commands.mut.93.2_2_52.ROD.cmd_ping;0;0;0;0;0;0
commands.mut.444.1_2_32.UOI.cmd_cmp_poke;0;0;0;0;0;0
commands.mut.505.2_5_56.ROR.cmd_cmp_clock_get;0;0;0;0;0;0
commands.mut.49.4_2_56.ROR.cmd_ping;0;0;0;0;0;0
commands.mut.37.7_1_13.ROR.parse_node_timeout;1;1;1;1;1;1
commands.mut.481.2_10_109.AOD.cmd_cmp_clock;0;0;0;0;0;0
commands.mut.495.3_6_42.AOR.cmd_cmp_clock;0;0;0;0;0;0
commands.mut.450.1_6_39.ICR.cmd_cmp_poke;0;0;0;0;0;0
commands.mut.110.4_3_9.UOI.cmd_ping;0;0;0;0;0;0
commands.mut.111.4_3_28.UOI.cmd_ping;0;0;0;0;0;0
commands.mut.312.1_4_13.ROR.cmd_cmp_ident;0;0;0;0;0;0
commands.mut.481.4_2_48.ICR.cmd_cmp_clock;0;0;0;0;0;0
commands.mut.366.1_5_63.ROR.cmd_cmp_ifc;0;0;0;0;0;0
commands.mut.110.1_2_9.UOI.cmd_ping;0;0;0;0;0;0
commands.mut.352.1_6_49.UOI.cmd_cmp_route_set;0;0;0;0;0;0
commands.mut.29.1_1_13.ROD.parse_node_timeout;0;0;0;0;0;0
commands.mut.493.1_1_27.AOD.cmd_cmp_clock;0;0;0;0;0;0
commands.mut.37.1_1_13.ROD.parse_node_timeout;0;0;0;0;0;0
commands.mut.79.1_1_5.SDL.cmd_ping;0;0;0;0;0;0
commands.mut.209.1_4_20.ROR.csp_rtable_print_route;0;0;0;0;0;0
commands.mut.352.2_8_49.UOI.cmd_cmp_route_set;0;0;0;0;0;0
commands.mut.304.1_1_5.SDL.cmd_cmp_ident;0;0;0;0;0;0
commands.mut.152.1_1_5.SDL.cmd_reboot;0;0;0;0;0;0
commands.mut.193.4_3_33.ICR.cmd_uptime;0;0;0;0;0;0
commands.mut.446.4_3_46.ROR.cmd_cmp_poke;0;0;0;0;0;0
commands.mut.463.2_1_18.ICR.cmd_cmp_clock;0;0;0;0;0;0
commands.mut.86.2_8_113.UOI.cmd_ping;0;0;0;0;0;0
commands.mut.496.2_5_77.ROR.cmd_cmp_clock;0;0;0;0;0;0
commands.mut.37.4_3_25.UOI.parse_node_timeout;0;1;0;0;0;0
commands.mut.230.1_1_9.SDL.cmd_csp_iflist_print_interfaces;0;0;0;0;0;0
commands.mut.53.3_2_21.ICR.cmd_ping;0;0;0;0;0;0
commands.mut.344.5_4_64.ROR.cmd_cmp_route_set;0;0;0;0;0;0
commands.mut.371.1_2_32.UOI.cmd_cmp_ifc;0;0;0;0;0;0
commands.mut.93.1_2_54.ICR.cmd_ping;0;0;0;0;0;0
commands.mut.49.1_1_9.ROD.cmd_ping;0;0;0;0;0;0
commands.mut.434.5_6_43.ICR.cmd_cmp_poke;0;0;0;0;0;0
commands.mut.481.2_7_98.ICR.cmd_cmp_clock;0;0;0;0;0;0
commands.mut.493.5_9_73.AOR.cmd_cmp_clock;0;0;0;0;0;0
commands.mut.359.2_2_56.ROD.cmd_cmp_ifc;0;0;0;0;0;0
commands.mut.124.3_8_43.ICR.cmd_ps;0;0;0;0;0;0
commands.mut.124.5_6_43.ICR.cmd_ps;0;0;0;0;0;0
commands.mut.193.1_1_9.ROD.cmd_uptime;0;0;0;0;0;0
commands.mut.54.5_9_59.ICR.cmd_ping;0;0;0;0;0;0
commands.mut.97.1_2_42.ICR.cmd_ping;0;0;0;0;0;0
commands.mut.110.4_3_17.ICR.cmd_ping;0;0;0;0;0;0
commands.mut.29.5_4_23.ROR.parse_node_timeout;0;0;0;0;0;0
commands.mut.246.2_4_30.UOI.cmd_csp_conn_print_table;0;0;0;0;0;0
commands.mut.344.7_1_9.ROR.cmd_cmp_route_set;0;0;0;0;0;0
commands.mut.329.3_8_43.ICR.cmd_cmp_route_set;0;0;0;0;0;0
commands.mut.102.1_3_36.AOR.cmd_ping;0;0;0;0;0;0
commands.mut.509.4_7_37.UOI.cmd_cmp_clock_get;0;0;0;0;0;0
commands.mut.177.6_7_43.ICR.cmd_buf_free;0;0;0;0;0;0
commands.mut.177.4_5_43.ICR.cmd_buf_free;0;0;0;0;0;0
commands.mut.505.1_4_56.ROR.cmd_cmp_clock_get;0;0;0;0;0;0
commands.mut.152.3_1_52.ROR.cmd_reboot;0;0;0;0;0;0
commands.mut.451.5_3_13.ROR.cmd_cmp_poke;0;0;0;0;0;0
commands.mut.59.4_2_21.ICR.cmd_ping;0;0;0;0;0;0
commands.mut.49.1_4_56.ROR.cmd_ping;0;0;0;0;0;0
commands.mut.124.1_1_9.ROD.cmd_ps;0;0;0;0;0;0
commands.mut.102.3_6_46.AOR.cmd_ping;0;0;0;0;0;0
commands.mut.82.2_5_19.ROR.cmd_ping;0;0;0;0;0;0
commands.mut.496.5_4_77.ROR.cmd_cmp_clock;0;0;0;0;0;0
commands.mut.313.3_1_29.UOI.cmd_cmp_ident;0;0;0;0;0;0
commands.mut.334.1_2_28.ICR.cmd_cmp_route_set;0;0;0;0;0;0
commands.mut.82.5_3_19.ROR.cmd_ping;0;0;0;0;0;0
commands.mut.481.1_7_76.AOD.cmd_cmp_clock;0;0;0;0;0;0
commands.mut.128.2_4_12.UOI.cmd_ps;0;0;0;0;0;0
commands.mut.102.3_2_48.LVR.cmd_ping;0;0;0;0;0;0
commands.mut.364.2_1_27.ICR.cmd_cmp_ifc;0;0;0;0;0;0
commands.mut.334.2_1_28.ICR.cmd_cmp_route_set;0;0;0;0;0;0
commands.mut.495.1_7_42.AOR.cmd_cmp_clock;0;0;0;0;0;0
commands.mut.340.4_2_38.ICR.cmd_cmp_route_set;0;0;0;0;0;0
commands.mut.312.2_5_13.ROR.cmd_cmp_ident;0;0;0;0;0;0
commands.mut.79.2_4_75.ROD.cmd_ping;0;0;0;0;0;0
commands.mut.124.2_5_56.ROR.cmd_ps;0;0;0;0;0;0
commands.mut.378.1_1_5.SDL.cmd_cmp_ifc;0;0;0;0;0;0
commands.mut.446.1_1_9.ROD.cmd_cmp_poke;0;0;0;0;0;0
commands.mut.184.1_2_71.UOI.cmd_buf_free;0;0;0;0;0;0
commands.mut.204.1_2_12.UOI.cmd_uptime;0;0;0;0;0;0
commands.mut.201.1_1_9.SDL.cmd_uptime;0;0;0;0;0;0
commands.mut.182.2_4_45.UOI.cmd_buf_free;0;0;0;0;0;0
commands.mut.93.1_10_37.UOI.cmd_ping;0;0;0;0;0;0
commands.mut.91.6_1_18.ROR.cmd_ping;0;0;0;0;0;0
commands.mut.82.1_1_9.ROD.cmd_ping;0;0;0;0;0;0
commands.mut.193.1_9_43.ICR.cmd_uptime;0;0;0;0;0;0
commands.mut.42.1_1_5.SDL.parse_node_timeout;0;0;0;0;0;0
commands.mut.493.2_1_49.ICR.cmd_cmp_clock;0;0;0;0;0;0
commands.mut.481.3_18_109.AOR.cmd_cmp_clock;0;0;0;0;0;0
commands.mut.495.5_1_33.AOR.cmd_cmp_clock;0;0;0;0;0;0
commands.mut.340.1_6_38.ICR.cmd_cmp_route_set;0;0;0;0;0;0
commands.mut.359.2_1_33.ICR.cmd_cmp_ifc;0;0;0;0;0;0
commands.mut.91.2_5_18.ROR.cmd_ping;0;0;0;0;0;0
commands.mut.37.1_1_9.SDL.parse_node_timeout;0;0;0;0;0;0
commands.mut.344.1_6_27.ICR.cmd_cmp_route_set;0;0;0;0;0;0
commands.mut.451.3_1_9.UOI.cmd_cmp_poke;0;0;0;0;0;0
commands.mut.304.4_2_56.ROR.cmd_cmp_ident;0;0;0;0;0;0
commands.mut.475.1_1_5.SDL.cmd_cmp_clock;0;0;0;0;0;0
commands.mut.97.1_1_9.SDL.cmd_ping;0;0;0;0;0;0
commands.mut.481.4_20_109.AOR.cmd_cmp_clock;0;0;0;0;0;0
commands.mut.89.2_1_22.ICR.cmd_ping;0;0;0;0;0;0
commands.mut.54.1_6_22.ICR.cmd_ping;0;0;0;0;0;0
commands.mut.142.1_6_50.UOI.cmd_memfree;0;0;0;0;0;0
commands.mut.54.2_2_20.ROD.cmd_ping;0;0;0;0;0;0
commands.mut.156.2_4_16.UOI.cmd_reboot;0;0;0;0;0;0
commands.mut.366.6_4_27.ICR.cmd_cmp_ifc;0;0;0;0;0;0
commands.mut.59.6_1_19.ROR.cmd_ping;0;0;0;0;0;0
commands.mut.177.3_1_56.ROR.cmd_buf_free;0;0;0;0;0;0
commands.mut.209.7_1_9.ROR.csp_rtable_print_route;0;0;0;0;0;0
commands.mut.340.3_1_71.ROR.cmd_cmp_route_set;0;0;0;0;0;0
commands.mut.496.1_1_72.ROD.cmd_cmp_clock;0;0;0;0;0;0
commands.mut.304.1_4_56.ROR.cmd_cmp_ident;0;0;0;0;0;0
commands.mut.340.3_5_38.ICR.cmd_cmp_route_set;0;0;0;0;0;0
commands.mut.79.7_1_9.ROR.cmd_ping;0;0;0;0;0;0
commands.mut.54.6_4_22.ICR.cmd_ping;0;0;0;0;0;0
commands.mut.214.1_1_5.SDL.csp_rtable_print_route;0;0;0;0;0;0
commands.mut.143.2_5_13.ROR.cmd_memfree;0;0;0;0;0;0
commands.mut.79.4_3_20.ROR.cmd_ping;0;0;0;0;0;0
commands.mut.91.4_3_12.UOI.cmd_ping;0;0;0;0;0;0
commands.mut.246.3_5_34.UOI.cmd_csp_conn_print_table;0;0;0;0;0;0
commands.mut.451.2_2_13.ROD.cmd_cmp_poke;0;0;0;0;0;0
commands.mut.444.3_1_32.UOI.cmd_cmp_poke;0;0;0;0;0;0
commands.mut.34.7_1_9.ROR.parse_node_timeout;0;0;0;0;0;0
commands.mut.35.3_5_20.ICR.parse_node_timeout;0;0;0;0;0;0
commands.mut.204.3_1_12.UOI.cmd_uptime;0;0;0;0;0;0
commands.mut.336.1_4_68.ROR.cmd_cmp_route_set;0;0;0;0;0;0
commands.mut.86.3_13_128.UOI.cmd_ping;0;0;0;0;0;0
commands.mut.231.1_1_9.SDL.cmd_csp_iflist_print_interfaces;0;0;0;0;0;0
commands.mut.164.7_1_9.ROR.cmd_shutdown;0;0;0;0;0;0
commands.mut.184.1_1_9.SDL.cmd_buf_free;0;0;0;0;0;0
commands.mut.82.2_4_9.UOI.cmd_ping;0;0;0;0;0;0
commands.mut.182.4_3_45.UOI.cmd_buf_free;0;0;0;0;0;0
commands.mut.60.6_4_43.ICR.cmd_ping;0;0;0;0;0;0
commands.mut.59.3_5_21.ICR.cmd_ping;0;0;0;0;0;0
commands.mut.509.3_1_31.UOI.cmd_cmp_clock_get;0;0;0;0;0;0
commands.mut.128.1_2_12.UOI.cmd_ps;0;0;0;0;0;0
commands.mut.79.1_3_29.ROD.cmd_ping;1;1;1;1;1;1
commands.mut.49.4_5_43.ICR.cmd_ping;0;0;0;0;0;0
commands.mut.474.3_5_35.UOI.cmd_cmp_clock;0;0;0;0;0;0
commands.mut.372.2_2_13.ROD.cmd_cmp_ifc;0;0;0;0;0;0
commands.mut.352.4_7_49.UOI.cmd_cmp_route_set;0;0;0;0;0;0
commands.mut.105.1_1_57.ABS.cmd_ping;0;0;0;0;0;0
commands.mut.144.4_3_76.UOI.cmd_memfree;0;0;0;0;0;0
commands.mut.304.6_7_43.ICR.cmd_cmp_ident;0;0;0;0;0;0
commands.mut.38.1_1_51.ABS.parse_node_timeout;0;0;0;0;0;0
commands.mut.481.1_2_46.AOR.cmd_cmp_clock;0;0;0;0;0;0
commands.mut.212.2_4_50.UOI.csp_rtable_print_route;0;0;0;0;0;0
commands.mut.110.3_2_15.ROR.cmd_ping;0;0;0;0;0;0
commands.mut.451.1_4_13.ROR.cmd_cmp_poke;1;1;1;1;1;1
commands.mut.137.3_8_43.ICR.cmd_memfree;0;0;0;0;0;0
commands.mut.34.1_4_27.ROR.parse_node_timeout;0;0;0;0;0;0
commands.mut.475.2_2_13.ROD.cmd_cmp_clock;0;0;0;0;0;0
commands.mut.199.1_1_9.ROD.cmd_uptime;0;0;0;0;0;0
commands.mut.202.4_3_58.UOI.cmd_uptime;0;0;0;0;0;0
commands.mut.93.1_2_22.UOI.cmd_ping;0;0;0;0;0;0
commands.mut.248.3_1_17.UOI.cmd_csp_conn_print_table;0;0;0;0;0;0
commands.mut.34.2_2_27.ROD.parse_node_timeout;0;0;0;0;0;0
commands.mut.79.3_11_59.ICR.cmd_ping;0;0;0;0;0;0
commands.mut.434.3_2_33.ICR.cmd_cmp_poke;0;0;0;0;0;0
commands.mut.210.2_4_47.UOI.csp_rtable_print_route;0;0;0;0;0;0
commands.mut.347.6_4_47.ICR.cmd_cmp_route_set;0;0;0;0;0;0
commands.mut.481.3_5_48.ICR.cmd_cmp_clock;0;0;0;0;0;0
commands.mut.86.1_6_113.UOI.cmd_ping;0;0;0;0;0;0
commands.mut.493.2_3_47.AOR.cmd_cmp_clock;0;0;0;0;0;0
commands.mut.110.2_4_9.UOI.cmd_ping;0;0;0;0;0;0
commands.mut.347.4_2_47.ICR.cmd_cmp_route_set;0;0;0;0;0;0
commands.mut.183.1_1_5.SDL.cmd_buf_free;1;1;1;1;1;1
commands.mut.152.1_5_43.ICR.cmd_reboot;0;0;0;0;0;0
commands.mut.311.1_2_29.UOI.cmd_cmp_ident;0;0;0;0;0;0
commands.mut.344.2_2_64.ROD.cmd_cmp_route_set;0;0;0;0;0;0
commands.mut.137.1_4_56.ROR.cmd_memfree;0;0;0;0;0;0
commands.mut.434.2_1_33.ICR.cmd_cmp_poke;0;0;0;0;0;0
commands.mut.505.4_2_56.ROR.cmd_cmp_clock_get;0;0;0;0;0;0
commands.mut.193.1_1_5.SDL.cmd_uptime;1;1;1;1;1;1
commands.mut.336.2_2_68.ROD.cmd_cmp_route_set;0;0;0;0;0;0
commands.mut.493.1_3_27.AOD.cmd_cmp_clock;0;0;0;0;0;0
commands.mut.372.5_3_13.ROR.cmd_cmp_ifc;0;0;0;0;0;0
commands.mut.509.1_1_5.SDL.cmd_cmp_clock_get;0;0;0;0;0;0
commands.mut.152.4_2_52.ROR.cmd_reboot;0;0;0;0;0;0
commands.mut.312.3_1_13.ROR.cmd_cmp_ident;0;0;0;0;0;0
commands.mut.29.1_1_25.ABS.parse_node_timeout;0;0;0;0;0;0
commands.mut.198.3_5_49.UOI.cmd_uptime;0;0;0;0;0;0
commands.mut.320.1_1_5.SDL.cmd_cmp_ident;0;0;0;0;0;0
commands.mut.37.6_1_23.ROR.parse_node_timeout;0;0;0;0;0;0
commands.mut.177.1_1_5.SDL.cmd_buf_free;0;0;0;0;0;0
commands.mut.186.1_2_12.UOI.cmd_buf_free;0;0;0;0;0;0
commands.mut.53.2_1_21.ICR.cmd_ping;0;0;0;0;0;0
commands.mut.59.1_1_9.ROD.cmd_ping;0;0;0;0;0;0
commands.mut.111.1_1_9.SDL.cmd_ping;0;0;0;0;0;0
commands.mut.110.1_1_9.ROD.cmd_ping;0;0;0;0;0;0
commands.mut.369.3_5_46.ICR.cmd_cmp_ifc;0;0;0;0;0;0
commands.mut.318.1_1_5.SDL.cmd_cmp_ident;0;0;0;0;0;0
commands.mut.246.1_1_30.ROD.cmd_csp_conn_print_table;0;0;0;0;0;0
commands.mut.34.1_1_5.SDL.parse_node_timeout;0;0;0;0;0;0
commands.mut.246.4_7_34.UOI.cmd_csp_conn_print_table;0;0;0;0;0;0
commands.mut.209.4_3_20.ROR.csp_rtable_print_route;1;1;1;1;1;1
commands.mut.505.1_1_9.ROD.cmd_cmp_clock_get;1;1;1;1;1;1
commands.mut.199.4_3_13.ROR.cmd_uptime;0;0;0;0;0;0
commands.mut.493.1_12_81.ICR.cmd_cmp_clock;0;0;0;0;0;0
commands.mut.184.2_8_77.UOI.cmd_buf_free;0;0;0;0;0;0
commands.mut.182.3_1_45.UOI.cmd_buf_free;0;0;0;0;0;0
commands.mut.352.3_1_43.UOI.cmd_cmp_route_set;0;0;0;0;0;0
commands.mut.481.5_9_98.ICR.cmd_cmp_clock;0;0;0;0;0;0
commands.mut.193.2_5_56.ROR.cmd_uptime;0;0;0;0;0;0
commands.mut.329.4_3_33.ICR.cmd_cmp_route_set;0;0;0;0;0;0
commands.mut.152.2_1_33.ICR.cmd_reboot;0;0;0;0;0;0
commands.mut.54.1_1_10.ROD.cmd_ping;0;0;0;0;0;0
commands.mut.340.2_2_71.ROD.cmd_cmp_route_set;0;0;0;0;0;0
commands.mut.198.3_1_43.UOI.cmd_uptime;0;0;0;0;0;0
commands.mut.91.8_1_12.ROR.cmd_ping;1;1;1;1;1;1
commands.mut.689.1_1_5.SDL.gs_csp_register_commands;0;0;0;0;0;0
commands.mut.247.1_1_9.SDL.cmd_csp_conn_print_table;0;0;0;0;0;0
commands.mut.475.1_2_9.UOI.cmd_cmp_clock;0;0;0;0;0;0
commands.mut.86.1_2_107.UOI.cmd_ping;0;0;0;0;0;0
commands.mut.34.2_4_21.UOI.parse_node_timeout;0;0;0;0;0;0
commands.mut.54.2_2_25.LOD.cmd_ping;0;0;0;0;0;0
commands.mut.329.3_2_33.ICR.cmd_cmp_route_set;0;0;0;0;0;0
commands.mut.29.3_2_23.ROR.parse_node_timeout;0;0;0;0;0;0
commands.mut.304.3_1_56.ROR.cmd_cmp_ident;0;0;0;0;0;0
commands.mut.164.1_1_9.ROD.cmd_shutdown;1;1;1;1;1;1
commands.mut.210.1_1_9.SDL.csp_rtable_print_route;0;0;0;0;0;0
commands.mut.144.3_5_82.UOI.cmd_memfree;0;0;0;0;0;0
commands.mut.350.4_3_13.UOI.cmd_cmp_route_set;0;0;0;0;0;0
commands.mut.317.1_1_5.SDL.cmd_cmp_ident;0;0;0;0;0;0
commands.mut.329.3_1_56.ROR.cmd_cmp_route_set;0;0;0;0;0;0
commands.mut.481.2_6_73.AOD.cmd_cmp_clock;0;0;0;0;0;0
commands.mut.143.1_1_9.ROD.cmd_memfree;1;1;1;1;1;1
commands.mut.481.2_15_96.AOR.cmd_cmp_clock;0;0;0;0;0;0
commands.mut.492.5_1_55.AOR.cmd_cmp_clock;0;0;0;0;0;0
commands.mut.475.1_1_9.ROD.cmd_cmp_clock;1;1;1;1;1;1
commands.mut.111.6_3_17.AOR.cmd_ping;0;0;0;0;0;0
commands.mut.340.6_4_38.ICR.cmd_cmp_route_set;0;0;0;0;0;0
commands.mut.29.2_4_25.UOI.parse_node_timeout;0;1;1;1;1;1
commands.mut.184.4_7_77.UOI.cmd_buf_free;0;0;0;0;0;0
commands.mut.505.2_1_33.ICR.cmd_cmp_clock_get;0;0;0;0;0;0
commands.mut.493.1_15_79.AOR.cmd_cmp_clock;0;0;0;0;0;0
commands.mut.350.3_1_13.UOI.cmd_cmp_route_set;0;0;0;0;0;0
commands.mut.143.1_4_13.ROR.cmd_memfree;0;0;0;0;0;0
commands.mut.111.1_2_28.UOI.cmd_ping;0;1;1;1;1;1
commands.mut.220.1_1_5.SDL.cmd_csp_rtable_print_table;0;0;0;0;0;0
commands.mut.184.2_4_71.UOI.cmd_buf_free;0;0;0;0;0;0
commands.mut.340.1_1_9.ROD.cmd_cmp_route_set;0;0;0;0;0;0
commands.mut.34.2_2_17.LOD.parse_node_timeout;0;0;0;0;0;0
commands.mut.340.5_3_71.ROR.cmd_cmp_route_set;0;0;0;0;0;0
commands.mut.329.4_5_43.ICR.cmd_cmp_route_set;0;0;0;0;0;0
commands.mut.481.3_6_59.AOR.cmd_cmp_clock;0;0;0;0;0;0
commands.mut.352.1_2_43.UOI.cmd_cmp_route_set;0;0;0;0;0;0
commands.mut.366.4_3_63.ROR.cmd_cmp_ifc;0;0;0;0;0;0
commands.mut.509.1_6_37.UOI.cmd_cmp_clock_get;0;0;0;0;0;0
commands.mut.493.3_10_73.AOR.cmd_cmp_clock;0;0;0;0;0;0
commands.mut.110.2_2_15.ROD.cmd_ping;1;1;1;1;1;1
commands.mut.212.1_2_50.UOI.csp_rtable_print_route;0;0;0;0;0;0
commands.mut.475.3_1_13.ROR.cmd_cmp_clock;0;0;0;0;0;0
commands.mut.59.1_6_21.ICR.cmd_ping;0;0;0;0;0;0
commands.mut.493.1_2_47.AOR.cmd_cmp_clock;0;0;0;0;0;0
commands.mut.329.7_1_9.ROR.cmd_cmp_route_set;0;0;0;0;0;0
commands.mut.304.5_6_43.ICR.cmd_cmp_ident;0;0;0;0;0;0
commands.mut.446.2_1_42.ICR.cmd_cmp_poke;0;0;0;0;0;0
commands.mut.312.2_4_9.UOI.cmd_cmp_ident;0;0;0;0;0;0
commands.mut.495.1_3_33.AOR.cmd_cmp_clock;0;0;0;0;0;0
commands.mut.193.6_7_43.ICR.cmd_uptime;0;0;0;0;0;0
commands.mut.509.1_2_31.UOI.cmd_cmp_clock_get;0;0;0;0;0;0
commands.mut.93.3_5_28.UOI.cmd_ping;0;0;0;0;0;0
commands.mut.186.3_1_12.UOI.cmd_buf_free;0;0;0;0;0;0
commands.mut.505.2_4_43.ICR.cmd_cmp_clock_get;0;0;0;0;0;0
commands.mut.54.1_9_70.ROR.cmd_ping;0;0;0;0;0;0
commands.mut.434.2_2_56.ROD.cmd_cmp_poke;0;0;0;0;0;0
commands.mut.182.2_8_51.UOI.cmd_buf_free;0;0;0;0;0;0
commands.mut.204.1_1_5.SDL.cmd_uptime;0;0;0;0;0;0
commands.mut.142.2_8_50.UOI.cmd_memfree;0;0;0;0;0;0
commands.mut.64.1_1_9.SDL.cmd_ping;0;0;0;0;0;0
commands.mut.128.1_1_5.SDL.cmd_ps;0;0;0;0;0;0
commands.mut.152.1_4_52.ROR.cmd_reboot;0;0;0;0;0;0
commands.mut.493.5_13_79.AOR.cmd_cmp_clock;0;0;0;0;0;0
commands.mut.54.6_10_59.ICR.cmd_ping;0;0;0;0;0;0
commands.mut.359.2_5_56.ROR.cmd_cmp_ifc;0;0;0;0;0;0
commands.mut.450.6_4_39.ICR.cmd_cmp_poke;0;0;0;0;0;0
commands.mut.74.5_2_21.LCR.cmd_ping;0;0;0;0;0;0
commands.mut.168.2_4_18.UOI.cmd_shutdown;0;0;0;0;0;0
commands.mut.481.1_12_98.ICR.cmd_cmp_clock;0;0;0;0;0;0
commands.mut.359.3_1_56.ROR.cmd_cmp_ifc;0;0;0;0;0;0
commands.mut.104.1_1_9.ABS.cmd_ping;0;0;0;0;0;0
commands.mut.92.1_1_9.SDL.cmd_ping;0;0;0;0;0;0
commands.mut.144.4_7_82.UOI.cmd_memfree;0;0;0;0;0;0
commands.mut.493.5_9_81.ICR.cmd_cmp_clock;1;1;1;1;1;1
commands.mut.364.1_2_27.ICR.cmd_cmp_ifc;0;0;0;0;0;0
commands.mut.144.2_8_82.UOI.cmd_memfree;0;0;0;0;0;0
commands.mut.475.1_4_13.ROR.cmd_cmp_clock;0;0;0;0;0;0
commands.mut.54.3_11_59.ICR.cmd_ping;0;0;0;0;0;0
commands.mut.209.3_2_20.ROR.csp_rtable_print_route;1;1;1;1;1;1
commands.mut.260.1_1_5.SDL.cmd_csp_conn_print_table;0;0;0;0;0;0
commands.mut.210.3_5_56.UOI.csp_rtable_print_route;0;0;0;0;0;0
commands.mut.199.1_1_5.SDL.cmd_uptime;0;1;1;1;1;1
commands.mut.493.5_3_49.ICR.cmd_cmp_clock;0;0;0;0;0;0
commands.mut.505.3_2_33.ICR.cmd_cmp_clock_get;0;0;0;0;0;0
commands.mut.347.2_1_47.ICR.cmd_cmp_route_set;0;0;0;0;0;0
commands.mut.371.1_6_38.UOI.cmd_cmp_ifc;0;0;0;0;0;0
commands.mut.366.4_2_27.ICR.cmd_cmp_ifc;0;0;0;0;0;0
commands.mut.312.1_1_9.ABS.cmd_cmp_ident;0;0;0;0;0;0
commands.mut.380.1_1_5.SDL.cmd_cmp_ifc;0;0;0;0;0;0
commands.mut.369.4_2_46.ICR.cmd_cmp_ifc;0;0;0;0;0;0
commands.mut.27.1_1_9.SDL.parse_node_timeout;0;0;0;0;0;0
commands.mut.91.1_6_20.UOI.cmd_ping;0;0;0;0;0;0
commands.mut.495.2_3_33.AOD.cmd_cmp_clock;0;0;0;0;0;0
commands.mut.475.4_3_9.UOI.cmd_cmp_clock;0;0;0;0;0;0
commands.mut.79.2_2_20.ROD.cmd_ping;0;0;0;0;0;0
commands.mut.193.5_3_56.ROR.cmd_uptime;0;0;0;0;0;0
commands.mut.210.1_6_56.UOI.csp_rtable_print_route;0;0;0;0;0;0
commands.mut.313.1_2_29.UOI.cmd_cmp_ident;0;1;1;1;1;1
commands.mut.79.5_9_59.ICR.cmd_ping;0;0;0;0;0;0
commands.mut.34.2_1_17.LCR.parse_node_timeout;0;0;0;0;0;0
commands.mut.344.2_1_27.ICR.cmd_cmp_route_set;0;0;0;0;0;0
commands.mut.93.4_15_43.UOI.cmd_ping;0;0;0;0;0;0
commands.mut.54.5_8_70.ROR.cmd_ping;0;0;0;0;0;0
commands.mut.366.1_1_9.ROD.cmd_cmp_ifc;0;0;0;0;0;0
commands.mut.505.3_1_56.ROR.cmd_cmp_clock_get;0;0;0;0;0;0
commands.mut.344.3_2_64.ROR.cmd_cmp_route_set;1;1;1;1;1;1
commands.mut.359.5_6_43.ICR.cmd_cmp_ifc;0;0;0;0;0;0
commands.mut.54.3_6_70.ROR.cmd_ping;0;0;0;0;0;0
commands.mut.79.2_2_25.LOD.cmd_ping;0;0;0;0;0;0
commands.mut.79.2_1_25.LCR.cmd_ping;0;0;0;0;0;0
commands.mut.439.4_2_39.ICR.cmd_cmp_poke;0;0;0;0;0;0
commands.mut.481.1_3_26.AOD.cmd_cmp_clock;0;0;0;0;0;0
commands.mut.34.1_1_9.LOD.parse_node_timeout;0;0;0;0;0;0
commands.mut.496.4_3_77.ROR.cmd_cmp_clock;0;0;0;0;0;0
commands.mut.115.1_1_59.ABS.cmd_ping;0;0;0;0;0;0
commands.mut.29.7_1_13.ROR.parse_node_timeout;0;0;0;0;0;0
commands.mut.124.2_4_43.ICR.cmd_ps;0;0;0;0;0;0
commands.mut.79.5_8_75.ROR.cmd_ping;0;0;0;0;0;0
commands.mut.340.2_1_38.ICR.cmd_cmp_route_set;0;0;0;0;0;0
commands.mut.54.4_3_20.ROR.cmd_ping;0;0;0;0;0;0
commands.mut.86.4_7_113.UOI.cmd_ping;0;0;0;0;0;0
commands.mut.54.2_4_70.ROD.cmd_ping;0;0;0;0;0;0
commands.mut.29.3_1_25.UOI.parse_node_timeout;0;0;0;0;0;0
commands.mut.110.2_1_17.ICR.cmd_ping;0;0;0;0;0;0
commands.mut.49.2_1_33.ICR.cmd_ping;0;0;0;0;0;0
commands.mut.492.2_1_57.ICR.cmd_cmp_clock;0;0;0;0;0;0
commands.mut.481.6_10_98.ICR.cmd_cmp_clock;0;0;0;0;0;0
commands.mut.372.1_1_9.ABS.cmd_cmp_ifc;0;0;0;0;0;0
commands.mut.204.4_3_12.UOI.cmd_uptime;0;0;0;0;0;0
commands.mut.30.3_1_50.UOI.parse_node_timeout;0;0;0;0;0;0
commands.mut.144.3_1_76.UOI.cmd_memfree;0;0;0;0;0;0
commands.mut.177.1_9_43.ICR.cmd_buf_free;1;1;1;1;1;1
commands.mut.359.5_3_56.ROR.cmd_cmp_ifc;1;1;1;1;1;1
commands.mut.59.5_4_19.ROR.cmd_ping;0;0;0;0;0;0
commands.mut.481.2_7_59.AOR.cmd_cmp_clock;0;0;0;0;0;0
commands.mut.309.1_1_5.SDL.cmd_cmp_ident;0;0;0;0;0;0
commands.mut.49.1_9_43.ICR.cmd_ping;0;0;0;0;0;0
commands.mut.199.6_1_13.ROR.cmd_uptime;1;1;1;1;1;1
commands.mut.498.1_1_5.SDL.cmd_cmp_clock;0;0;0;0;0;0
commands.mut.102.1_2_31.AOD.cmd_ping;0;0;0;0;0;0
commands.mut.443.1_1_5.SDL.cmd_cmp_poke;0;0;0;0;0;0
commands.mut.210.3_1_47.UOI.csp_rtable_print_route;0;0;0;0;0;0
commands.mut.29.4_3_25.UOI.parse_node_timeout;0;1;1;1;1;1
commands.mut.237.1_1_9.SDL.cmd_csp_iflist_print_interfaces;0;0;0;0;0;0
commands.mut.193.3_2_33.ICR.cmd_uptime;0;0;0;0;0;0
commands.mut.93.1_14_43.UOI.cmd_ping;0;0;0;0;0;0
commands.mut.434.4_3_33.ICR.cmd_cmp_poke;0;0;0;0;0;0
commands.mut.371.3_5_38.UOI.cmd_cmp_ifc;0;0;0;0;0;0
commands.mut.481.5_17_109.AOR.cmd_cmp_clock;0;0;0;0;0;0
commands.mut.38.4_3_51.UOI.parse_node_timeout;0;0;0;0;0;0
commands.mut.34.6_1_27.ROR.parse_node_timeout;1;1;1;1;1;1
commands.mut.474.4_7_35.UOI.cmd_cmp_clock;0;0;0;0;0;0
commands.mut.369.5_3_46.ICR.cmd_cmp_ifc;0;0;0;0;0;0
commands.mut.193.2_1_33.ICR.cmd_uptime;0;0;0;0;0;0
commands.mut.79.1_1_9.LOD.cmd_ping;0;0;0;0;0;0
commands.mut.219.1_1_5.SDL.cmd_csp_rtable_print_table;0;0;0;0;0;0
commands.mut.97.7_1_13.ROR.cmd_ping;0;0;0;0;0;0
commands.mut.137.2_1_33.ICR.cmd_memfree;0;0;0;0;0;0
commands.mut.143.1_2_9.UOI.cmd_memfree;0;0;0;0;0;0
commands.mut.34.3_1_21.UOI.parse_node_timeout;0;0;0;0;0;0
commands.mut.128.2_8_18.UOI.cmd_ps;0;0;0;0;0;0
commands.mut.168.3_1_18.UOI.cmd_shutdown;0;0;0;0;0;0
commands.mut.183.1_2_9.UOI.cmd_buf_free;0;0;0;0;0;0
commands.mut.311.4_3_29.UOI.cmd_cmp_ident;0;0;0;0;0;0
commands.mut.474.2_8_35.UOI.cmd_cmp_clock;0;0;0;0;0;0
commands.mut.434.1_1_9.ROD.cmd_cmp_poke;0;0;0;0;0;0
commands.mut.359.1_1_5.SDL.cmd_cmp_ifc;0;0;0;0;0;0
commands.mut.186.1_1_12.ABS.cmd_buf_free;0;0;0;0;0;0
commands.mut.37.5_4_23.ROR.parse_node_timeout;0;0;0;0;0;0
commands.mut.182.1_6_51.UOI.cmd_buf_free;0;0;0;0;0;0
commands.mut.137.1_1_9.ROD.cmd_memfree;0;0;0;0;0;0
commands.mut.170.1_1_5.SDL.cmd_shutdown;0;0;0;0;0;0
commands.mut.93.2_8_28.UOI.cmd_ping;0;0;0;0;0;0
commands.mut.117.1_1_5.SDL.cmd_ping;0;0;0;0;0;0
commands.mut.86.3_9_122.UOI.cmd_ping;0;0;0;0;0;0
commands.mut.212.1_6_59.UOI.csp_rtable_print_route;0;0;0;0;0;0
commands.mut.465.1_1_5.SDL.cmd_cmp_clock;0;0;0;0;0;0
commands.mut.104.1_1_5.SDL.cmd_ping;0;0;0;0;0;0
commands.mut.79.5_4_20.ROR.cmd_ping;0;0;0;0;0;0
commands.mut.128.4_7_18.UOI.cmd_ps;0;0;0;0;0;0
commands.mut.313.1_1_29.ABS.cmd_cmp_ident;0;0;0;0;0;0
commands.mut.54.2_5_20.ROR.cmd_ping;0;0;0;0;0;0
commands.mut.377.1_1_5.SDL.cmd_cmp_ifc;0;0;0;0;0;0
commands.mut.366.6_1_63.ROR.cmd_cmp_ifc;0;0;0;0;0;0
commands.mut.146.1_1_5.SDL.cmd_memfree;0;0;0;0;0;0
commands.mut.493.2_4_47.AOD.cmd_cmp_clock;0;0;0;0;0;0
commands.mut.246.2_8_34.UOI.cmd_csp_conn_print_table;0;0;0;0;0;0
commands.mut.246.1_1_30.ABS.cmd_csp_conn_print_table;0;0;0;0;0;0
commands.mut.481.1_11_73.AOR.cmd_cmp_clock;0;0;0;0;0;0
commands.mut.369.6_4_46.ICR.cmd_cmp_ifc;0;0;0;0;0;0
commands.mut.329.2_5_56.ROR.cmd_cmp_route_set;0;0;0;0;0;0
commands.mut.481.1_6_48.ICR.cmd_cmp_clock;0;0;0;0;0;0
commands.mut.495.2_4_42.AOD.cmd_cmp_clock;0;0;0;0;0;0
commands.mut.102.4_4_36.AOR.cmd_ping;0;0;0;0;0;0
commands.mut.54.2_10_70.ROR.cmd_ping;0;0;0;0;0;0
commands.mut.443.2_1_23.ICR.cmd_cmp_poke;0;0;0;0;0;0
commands.mut.352.1_1_5.SDL.cmd_cmp_route_set;0;0;0;0;0;0
commands.mut.372.1_4_13.ROR.cmd_cmp_ifc;0;0;0;0;0;0
commands.mut.451.6_1_13.ROR.cmd_cmp_poke;1;1;1;1;1;1
commands.mut.184.3_1_71.UOI.cmd_buf_free;0;0;0;0;0;0
commands.mut.439.2_1_39.ICR.cmd_cmp_poke;0;0;0;0;0;0
commands.mut.492.1_2_55.AOR.cmd_cmp_clock;0;0;0;0;0;0
commands.mut.509.2_8_37.UOI.cmd_cmp_clock_get;0;0;0;0;0;0
commands.mut.475.2_5_13.ROR.cmd_cmp_clock;0;0;0;0;0;0
commands.mut.97.2_1_42.ICR.cmd_ping;0;0;0;0;0;0
commands.mut.434.1_9_43.ICR.cmd_cmp_poke;0;0;0;0;0;0
commands.mut.70.1_1_9.SDL.cmd_ping;0;0;0;0;0;0
commands.mut.444.2_4_32.UOI.cmd_cmp_poke;0;0;0;0;0;0
commands.mut.381.1_1_5.SDL.cmd_cmp_ifc;0;0;0;0;0;0
commands.mut.371.4_7_38.UOI.cmd_cmp_ifc;0;0;0;0;0;0
commands.mut.71.1_1_13.SDL.cmd_ping;0;1;1;1;1;1
commands.mut.198.1_6_49.UOI.cmd_uptime;0;0;0;0;0;0
commands.mut.193.2_2_56.ROD.cmd_uptime;0;0;0;0;0;0
commands.mut.30.2_4_50.UOI.parse_node_timeout;0;0;0;0;0;0
commands.mut.434.2_5_56.ROR.cmd_cmp_poke;0;0;0;0;0;0
commands.mut.193.4_5_43.ICR.cmd_uptime;0;0;0;0;0;0
commands.mut.434.7_1_9.ROR.cmd_cmp_poke;0;0;0;0;0;0
commands.mut.137.3_2_33.ICR.cmd_memfree;0;0;0;0;0;0
commands.mut.495.2_8_42.AOR.cmd_cmp_clock;0;0;0;0;0;0
commands.mut.509.4_3_31.UOI.cmd_cmp_clock_get;0;0;0;0;0;0
commands.mut.37.1_1_25.ABS.parse_node_timeout;0;0;0;0;0;0
commands.mut.86.2_16_128.UOI.cmd_ping;0;0;0;0;0;0
commands.mut.451.3_2_13.ROR.cmd_cmp_poke;0;0;0;0;0;0
commands.mut.246.1_1_5.SDL.cmd_csp_conn_print_table;0;0;0;0;0;0
commands.mut.193.4_2_56.ROR.cmd_uptime;0;0;0;0;0;0
commands.mut.311.3_5_35.UOI.cmd_cmp_ident;0;0;0;0;0;0
commands.mut.446.6_4_42.ICR.cmd_cmp_poke;0;0;0;0;0;0
commands.mut.312.1_2_9.UOI.cmd_cmp_ident;0;0;0;0;0;0
commands.mut.347.5_3_47.ICR.cmd_cmp_route_set;0;0;0;0;0;0
commands.mut.336.2_1_38.ICR.cmd_cmp_route_set;0;0;0;0;0;0
commands.mut.434.5_3_56.ROR.cmd_cmp_poke;1;1;1;1;1;1
commands.mut.143.6_1_13.ROR.cmd_memfree;1;1;1;1;1;1
commands.mut.210.4_7_56.UOI.csp_rtable_print_route;0;0;0;0;0;0
commands.mut.334.1_1_5.SDL.cmd_cmp_route_set;0;0;0;0;0;0
commands.mut.34.2_5_27.ROR.parse_node_timeout;0;0;0;0;0;0
commands.mut.492.4_8_68.AOR.cmd_cmp_clock;0;0;0;0;0;0
commands.mut.474.1_6_35.UOI.cmd_cmp_clock;0;0;0;0;0;0
commands.mut.484.1_1_5.SDL.cmd_cmp_clock;0;0;0;0;0;0
commands.mut.94.4_1_28.LVR.cmd_ping;0;1;1;1;1;1
commands.mut.204.1_1_12.ABS.cmd_uptime;0;0;0;0;0;0
commands.mut.304.2_4_43.ICR.cmd_cmp_ident;0;0;0;0;0;0
commands.mut.439.1_6_39.ICR.cmd_cmp_poke;0;0;0;0;0;0
commands.mut.495.2_1_44.LVR.cmd_cmp_clock;0;0;0;0;0;0
commands.mut.481.2_1_48.ICR.cmd_cmp_clock;0;0;0;0;0;0
commands.mut.450.2_1_39.ICR.cmd_cmp_poke;0;0;0;0;0;0
commands.mut.71.5_2_21.LCR.cmd_ping;0;0;0;0;0;0
commands.mut.312.3_1_9.UOI.cmd_cmp_ident;0;0;0;0;0;0
commands.mut.49.7_1_9.ROR.cmd_ping;0;0;0;0;0;0
commands.mut.30.1_1_13.SDL.parse_node_timeout;1;1;1;1;1;1
commands.mut.82.3_1_9.UOI.cmd_ping;0;0;0;0;0;0
commands.mut.309.1_2_24.ICR.cmd_cmp_ident;0;0;0;0;0;0
commands.mut.54.2_7_59.ICR.cmd_ping;0;0;0;0;0;0
commands.mut.336.1_1_9.ROD.cmd_cmp_route_set;1;1;1;1;1;1
commands.mut.177.5_3_56.ROR.cmd_buf_free;0;0;0;0;0;0
commands.mut.434.2_4_43.ICR.cmd_cmp_poke;0;0;0;0;0;0
commands.mut.312.1_1_9.ROD.cmd_cmp_ident;0;0;0;0;0;0
commands.mut.124.1_9_43.ICR.cmd_ps;1;1;1;1;1;1
commands.mut.446.7_1_9.ROR.cmd_cmp_poke;1;1;1;1;1;1
commands.mut.336.2_5_68.ROR.cmd_cmp_route_set;0;0;0;0;0;0
commands.mut.313.1_1_9.SDL.cmd_cmp_ident;1;1;1;1;1;1
commands.mut.493.4_8_60.AOR.cmd_cmp_clock;0;0;0;0;0;0
commands.mut.34.3_2_27.ROR.parse_node_timeout;0;0;0;0;0;0
commands.mut.344.3_5_27.ICR.cmd_cmp_route_set;0;0;0;0;0;0
commands.mut.137.5_6_43.ICR.cmd_memfree;1;1;1;1;1;1
commands.mut.93.2_16_43.UOI.cmd_ping;0;0;0;0;0;0
commands.mut.152.1_1_9.ROD.cmd_reboot;1;1;1;1;1;1
commands.mut.59.3_2_19.ROR.cmd_ping;0;0;0;0;0;0
commands.mut.304.2_2_56.ROD.cmd_cmp_ident;0;0;0;0;0;0
commands.mut.124.1_1_5.SDL.cmd_ps;1;1;1;1;1;1
commands.mut.37.3_2_23.ROR.parse_node_timeout;0;0;0;0;0;0
commands.mut.439.6_4_39.ICR.cmd_cmp_poke;0;0;0;0;0;0
commands.mut.110.5_4_15.ROR.cmd_ping;0;0;0;0;0;0
commands.mut.54.7_1_9.ROR.cmd_ping;0;0;0;0;0;0
commands.mut.93.1_1_13.ROD.cmd_ping;0;0;0;0;0;0
commands.mut.186.2_4_12.UOI.cmd_buf_free;0;0;0;0;0;0
commands.mut.164.2_2_52.ROD.cmd_shutdown;0;0;0;0;0;0
commands.mut.311.4_7_35.UOI.cmd_cmp_ident;0;0;0;0;0;0
commands.mut.488.1_1_5.SDL.cmd_cmp_clock;0;0;0;0;0;0
commands.mut.177.1_1_9.ROD.cmd_buf_free;1;1;1;1;1;1
commands.mut.37.1_2_25.UOI.parse_node_timeout;0;0;0;0;0;0
commands.mut.152.3_2_33.ICR.cmd_reboot;0;0;0;0;0;0
commands.mut.481.6_4_48.ICR.cmd_cmp_clock;0;0;0;0;0;0
commands.mut.144.1_2_76.UOI.cmd_memfree;0;0;0;0;0;0
commands.mut.110.2_5_15.ROR.cmd_ping;1;1;1;1;1;1
commands.mut.59.6_4_21.ICR.cmd_ping;0;0;0;0;0;0
commands.mut.312.4_3_9.UOI.cmd_cmp_ident;0;1;1;1;1;1
commands.mut.246.2_1_27.ICR.cmd_csp_conn_print_table;0;0;0;0;0;0
commands.mut.475.2_4_9.UOI.cmd_cmp_clock;0;0;0;0;0;0
commands.mut.35.1_6_20.ICR.parse_node_timeout;0;0;0;0;0;0
commands.mut.246.5_3_32.ROR.cmd_csp_conn_print_table;0;0;0;0;0;0
commands.mut.93.4_2_52.ROR.cmd_ping;1;1;1;1;1;1
commands.mut.311.2_4_29.UOI.cmd_cmp_ident;0;0;0;0;0;0
commands.mut.199.2_4_9.UOI.cmd_uptime;0;0;0;0;0;0
commands.mut.79.4_8_59.ICR.cmd_ping;0;0;0;0;0;0
commands.mut.146.2_4_12.UOI.cmd_memfree;0;0;0;0;0;0
commands.mut.93.5_3_52.ROR.cmd_ping;0;0;0;0;0;0
commands.mut.371.3_1_32.UOI.cmd_cmp_ifc;0;0;0;0;0;0
commands.mut.93.2_4_22.UOI.cmd_ping;0;0;0;0;0;0
commands.mut.54.1_1_9.LOD.cmd_ping;1;1;1;1;1;1
commands.mut.59.4_3_19.ROR.cmd_ping;0;0;0;0;0;0
commands.mut.186.4_3_12.UOI.cmd_buf_free;0;0;1;1;1;0
commands.mut.79.2_5_20.ROR.cmd_ping;0;0;0;0;0;0
commands.mut.91.5_3_18.ROR.cmd_ping;0;0;0;0;0;0
commands.mut.246.1_4_32.ROR.cmd_csp_conn_print_table;0;1;1;1;1;1
commands.mut.91.2_4_12.UOI.cmd_ping;0;0;0;0;0;0
commands.mut.93.1_6_28.UOI.cmd_ping;0;0;0;0;0;0
commands.mut.88.5_1_25.LVR.cmd_ping;0;0;0;0;0;0
commands.mut.329.1_4_56.ROR.cmd_cmp_route_set;0;0;0;0;0;0
commands.mut.93.4_3_22.UOI.cmd_ping;0;0;0;0;0;0
commands.mut.34.1_1_21.ROD.parse_node_timeout;1;1;1;1;1;1
commands.mut.177.2_1_33.ICR.cmd_buf_free;0;0;0;0;0;0
commands.mut.79.6_10_59.ICR.cmd_ping;0;0;0;0;0;0
commands.mut.481.2_9_96.AOD.cmd_cmp_clock;1;1;1;1;1;1
commands.mut.481.5_5_59.AOR.cmd_cmp_clock;0;0;0;0;0;0
commands.mut.336.4_2_68.ROR.cmd_cmp_route_set;0;0;0;0;0;0
commands.mut.60.3_5_43.ICR.cmd_ping;0;0;0;0;0;0
commands.mut.124.5_3_56.ROR.cmd_ps;0;0;0;0;0;0
commands.mut.505.5_6_43.ICR.cmd_cmp_clock_get;0;0;0;0;0;0
commands.mut.49.5_3_56.ROR.cmd_ping;1;1;1;1;1;1
commands.mut.102.1_7_46.AOR.cmd_ping;0;0;0;0;0;0
commands.mut.509.3_5_37.UOI.cmd_cmp_clock_get;0;0;0;0;0;0
commands.mut.137.1_1_5.SDL.cmd_memfree;1;1;1;1;1;1
commands.mut.209.6_1_20.ROR.csp_rtable_print_route;1;1;1;1;1;1
commands.mut.38.2_4_51.UOI.parse_node_timeout;0;0;0;0;0;0
commands.mut.193.5_6_43.ICR.cmd_uptime;1;1;1;1;1;1
commands.mut.128.3_5_18.UOI.cmd_ps;0;0;0;0;0;0
commands.mut.248.1_1_17.ABS.cmd_csp_conn_print_table;0;0;0;0;0;0
commands.mut.104.4_3_9.UOI.cmd_ping;0;0;0;0;0;0
commands.mut.505.4_3_33.ICR.cmd_cmp_clock_get;0;0;0;0;0;0
commands.mut.29.6_1_23.ROR.parse_node_timeout;0;0;0;0;0;0
commands.mut.164.4_3_33.ICR.cmd_shutdown;0;0;0;0;0;0
commands.mut.246.2_2_32.ROD.cmd_csp_conn_print_table;0;1;1;1;1;1
commands.mut.146.4_3_12.UOI.cmd_memfree;0;0;1;1;1;0
commands.mut.29.2_5_23.ROR.parse_node_timeout;0;0;0;0;0;0
commands.mut.451.2_4_9.UOI.cmd_cmp_poke;0;0;0;0;0;0
commands.mut.38.1_1_13.SDL.parse_node_timeout;1;1;1;1;1;1
commands.mut.336.6_4_38.ICR.cmd_cmp_route_set;0;0;0;0;0;0
commands.mut.137.4_3_33.ICR.cmd_memfree;0;0;0;0;0;0
commands.mut.199.3_1_9.UOI.cmd_uptime;0;0;0;0;0;0
commands.mut.168.1_1_5.SDL.cmd_shutdown;0;0;0;0;0;0
commands.mut.156.1_2_16.UOI.cmd_reboot;0;0;0;0;0;0
commands.mut.137.6_7_43.ICR.cmd_memfree;0;0;0;0;0;0
commands.mut.496.6_1_77.ROR.cmd_cmp_clock;0;0;0;0;0;0
commands.mut.493.3_11_81.ICR.cmd_cmp_clock;0;0;0;0;0;0
commands.mut.340.2_5_71.ROR.cmd_cmp_route_set;0;0;0;0;0;0
commands.mut.352.2_4_43.UOI.cmd_cmp_route_set;0;0;0;0;0;0
commands.mut.492.4_4_55.AOR.cmd_cmp_clock;0;0;0;0;0;0
commands.mut.79.4_7_75.ROR.cmd_ping;0;0;0;0;0;0
commands.mut.183.3_1_9.UOI.cmd_buf_free;0;0;0;0;0;0
commands.mut.93.2_1_54.ICR.cmd_ping;0;0;0;0;0;0
commands.mut.79.1_1_10.ROD.cmd_ping;1;1;1;1;1;1
commands.mut.304.2_5_56.ROR.cmd_cmp_ident;0;0;0;0;0;0
commands.mut.344.4_2_27.ICR.cmd_cmp_route_set;0;0;0;0;0;0
commands.mut.146.1_1_12.ABS.cmd_memfree;0;0;0;0;0;0
commands.mut.34.1_2_21.UOI.parse_node_timeout;0;0;0;0;0;0
commands.mut.183.1_1_9.ABS.cmd_buf_free;0;0;0;0;0;0
commands.mut.492.2_4_68.AOD.cmd_cmp_clock;0;0;0;0;0;0
commands.mut.376.1_1_5.SDL.cmd_cmp_ifc;0;0;0;0;0;0
commands.mut.446.4_2_42.ICR.cmd_cmp_poke;0;0;0;0;0;0
commands.mut.329.4_2_56.ROR.cmd_cmp_route_set;0;0;0;0;0;0
commands.mut.450.3_5_39.ICR.cmd_cmp_poke;0;0;0;0;0;0
commands.mut.79.1_12_59.ICR.cmd_ping;0;0;0;0;0;0
commands.mut.446.3_5_42.ICR.cmd_cmp_poke;0;0;0;0;0;0
commands.mut.111.3_1_28.UOI.cmd_ping;0;1;1;1;1;1
commands.mut.86.2_12_122.UOI.cmd_ping;0;0;0;0;0;0
commands.mut.372.7_1_9.ROR.cmd_cmp_ifc;1;1;1;1;1;1
commands.mut.493.2_6_73.AOD.cmd_cmp_clock;0;0;0;0;0;0
commands.mut.67.1_1_9.SDL.cmd_ping;0;0;0;0;0;0
commands.mut.329.2_1_33.ICR.cmd_cmp_route_set;0;0;0;0;0;0
commands.mut.49.2_4_43.ICR.cmd_ping;0;0;0;0;0;0
commands.mut.111.2_4_28.UOI.cmd_ping;0;0;0;0;0;0
commands.mut.86.2_4_107.UOI.cmd_ping;0;0;0;0;0;0
commands.mut.246.3_1_30.UOI.cmd_csp_conn_print_table;0;0;0;0;0;0
commands.mut.336.5_3_38.ICR.cmd_cmp_route_set;0;0;0;0;0;0
commands.mut.29.4_3_23.ROR.parse_node_timeout;1;1;1;1;1;1
commands.mut.177.2_4_43.ICR.cmd_buf_free;0;0;0;0;0;0
commands.mut.82.3_2_21.ICR.cmd_ping;0;0;0;0;0;0
commands.mut.78.4_3_26.ICR.cmd_ping;0;0;0;0;0;0
commands.mut.312.7_1_9.ROR.cmd_cmp_ident;1;1;1;1;1;1
commands.mut.177.1_4_56.ROR.cmd_buf_free;0;0;0;0;0;0
commands.mut.86.4_11_122.UOI.cmd_ping;0;0;0;0;0;0
commands.mut.246.1_2_27.ICR.cmd_csp_conn_print_table;0;0;0;0;0;0
commands.mut.79.5_3_22.ICR.cmd_ping;1;1;1;1;1;1
commands.mut.311.1_6_35.UOI.cmd_cmp_ident;0;0;0;0;0;0
commands.mut.369.1_1_5.SDL.cmd_cmp_ifc;0;0;0;0;0;0
commands.mut.183.1_1_9.ROD.cmd_buf_free;1;1;1;1;1;1
commands.mut.493.4_8_81.ICR.cmd_cmp_clock;0;0;0;0;0;0
commands.mut.143.2_4_9.UOI.cmd_memfree;0;0;0;0;0;0
commands.mut.359.3_8_43.ICR.cmd_cmp_ifc;0;0;0;0;0;0
commands.mut.309.2_1_24.ICR.cmd_cmp_ident;0;0;0;0;0;0
commands.mut.111.7_4_17.AOR.cmd_ping;0;0;0;0;0;0
commands.mut.74.3_1_21.LCR.cmd_ping;0;0;0;0;0;0
commands.mut.463.1_2_18.ICR.cmd_cmp_clock;0;0;0;0;0;0
commands.mut.329.6_7_43.ICR.cmd_cmp_route_set;0;0;0;0;0;0
commands.mut.137.2_4_43.ICR.cmd_memfree;0;0;0;0;0;0
commands.mut.312.2_2_13.ROD.cmd_cmp_ident;0;0;0;0;0;0
commands.mut.344.6_1_64.ROR.cmd_cmp_route_set;0;0;0;0;0;0
commands.mut.446.5_4_46.ROR.cmd_cmp_poke;0;0;0;0;0;0
commands.mut.91.2_8_20.UOI.cmd_ping;0;0;0;0;0;0
commands.mut.93.2_5_52.ROR.cmd_ping;1;1;1;1;1;1
commands.mut.505.4_5_43.ICR.cmd_cmp_clock_get;0;0;0;0;0;0
commands.mut.111.8_2_17.AOR.cmd_ping;0;0;0;0;0;0
commands.mut.93.3_1_22.UOI.cmd_ping;0;0;0;0;0;0
commands.mut.199.3_2_13.ROR.cmd_uptime;0;0;0;0;0;0
commands.mut.496.1_1_5.SDL.cmd_cmp_clock;0;0;0;0;0;0
commands.mut.492.5_3_57.ICR.cmd_cmp_clock;0;0;0;0;0;0
commands.mut.204.2_4_12.UOI.cmd_uptime;0;0;1;1;1;0
commands.mut.60.4_2_43.ICR.cmd_ping;0;0;0;0;0;0
commands.mut.475.4_2_13.ROR.cmd_cmp_clock;0;0;0;0;0;0
commands.mut.110.7_1_9.ROR.cmd_ping;1;1;1;1;1;1
commands.mut.59.7_1_9.ROR.cmd_ping;1;1;1;1;1;1
commands.mut.79.2_10_75.ROR.cmd_ping;0;0;0;0;0;0
commands.mut.152.2_2_52.ROD.cmd_reboot;0;0;0;0;0;0
commands.mut.493.2_7_60.AOR.cmd_cmp_clock;0;0;0;0;0;0
commands.mut.104.2_4_9.UOI.cmd_ping;0;0;0;0;0;0
commands.mut.183.6_1_13.ROR.cmd_buf_free;0;0;0;0;0;0
commands.mut.329.5_3_56.ROR.cmd_cmp_route_set;1;1;1;1;1;1
commands.mut.79.1_6_22.ICR.cmd_ping;0;0;0;0;0;0
commands.mut.246.4_2_32.ROR.cmd_csp_conn_print_table;0;0;0;0;0;0
commands.mut.304.4_5_43.ICR.cmd_cmp_ident;0;0;0;0;0;0
commands.mut.86.1_14_128.UOI.cmd_ping;0;0;0;0;0;0
commands.mut.493.2_5_60.AOD.cmd_cmp_clock;0;0;0;0;0;0
commands.mut.492.3_6_68.AOR.cmd_cmp_clock;0;0;0;0;0;0
commands.mut.30.1_1_50.ABS.parse_node_timeout;0;0;0;0;0;0
commands.mut.164.1_4_52.ROR.cmd_shutdown;0;0;0;0;0;0
commands.mut.49.3_8_43.ICR.cmd_ping;0;0;0;0;0;0
commands.mut.93.3_13_43.UOI.cmd_ping;0;0;0;0;0;0
commands.mut.366.1_6_27.ICR.cmd_cmp_ifc;1;1;1;1;1;1
commands.mut.246.4_3_30.UOI.cmd_csp_conn_print_table;0;0;0;0;0;0
commands.mut.246.1_6_34.UOI.cmd_csp_conn_print_table;0;0;0;0;0;0
commands.mut.124.4_2_56.ROR.cmd_ps;0;0;0;0;0;0
commands.mut.60.2_1_43.ICR.cmd_ping;0;0;0;0;0;0
commands.mut.450.4_2_39.ICR.cmd_cmp_poke;0;0;0;0;0;0
commands.mut.505.1_9_43.ICR.cmd_cmp_clock_get;1;1;1;1;1;1
commands.mut.304.4_3_33.ICR.cmd_cmp_ident;0;0;0;0;0;0
commands.mut.372.3_1_9.UOI.cmd_cmp_ifc;0;0;0;0;0;0
commands.mut.340.7_1_9.ROR.cmd_cmp_route_set;1;1;1;1;1;1
commands.mut.168.1_2_18.UOI.cmd_shutdown;0;0;0;0;0;0
commands.mut.93.3_9_37.UOI.cmd_ping;0;0;0;0;0;0
commands.mut.493.4_2_49.ICR.cmd_cmp_clock;0;0;0;0;0;0
commands.mut.493.4_4_47.AOR.cmd_cmp_clock;0;0;0;0;0;0
commands.mut.199.2_5_13.ROR.cmd_uptime;0;0;0;0;0;0
commands.mut.82.2_2_19.ROD.cmd_ping;1;1;1;1;1;1
commands.mut.79.6_4_22.ICR.cmd_ping;0;0;0;0;0;0
commands.mut.485.1_1_5.SDL.cmd_cmp_clock;0;0;0;0;0;0
commands.mut.481.1_2_26.AOD.cmd_cmp_clock;1;1;1;1;1;1
commands.mut.212.4_3_50.UOI.csp_rtable_print_route;0;0;0;0;0;0
commands.mut.496.1_2_72.ABS.cmd_cmp_clock;1;1;1;1;1;1
commands.mut.54.3_2_20.ROR.cmd_ping;0;0;0;0;0;0
commands.mut.144.2_4_76.UOI.cmd_memfree;0;0;0;0;0;0
commands.mut.104.3_1_9.UOI.cmd_ping;0;1;1;1;1;1
commands.mut.210.1_2_47.UOI.csp_rtable_print_route;0;0;0;0;0;0
commands.mut.248.2_4_17.UOI.cmd_csp_conn_print_table;0;0;0;0;0;0
commands.mut.212.1_1_9.SDL.csp_rtable_print_route;0;0;0;0;0;0
commands.mut.124.6_7_43.ICR.cmd_ps;0;0;0;0;0;0
commands.mut.336.3_1_68.ROR.cmd_cmp_route_set;0;0;0;0;0;0
commands.mut.452.1_1_9.SDL.cmd_cmp_poke;1;1;1;1;1;1
commands.mut.505.5_3_56.ROR.cmd_cmp_clock_get;0;0;0;0;0;0
commands.mut.102.1_1_22.AOD.cmd_ping;0;0;0;0;0;0
commands.mut.49.3_1_56.ROR.cmd_ping;0;0;0;0;0;0
commands.mut.366.7_1_9.ROR.cmd_cmp_ifc;0;0;0;0;0;0
commands.mut.102.2_1_48.LVR.cmd_ping;0;0;0;0;0;0
commands.mut.481.4_8_98.ICR.cmd_cmp_clock;0;0;0;0;0;0
commands.mut.210.4_3_47.UOI.csp_rtable_print_route;0;0;0;0;0;0
commands.mut.183.2_5_13.ROR.cmd_buf_free;0;0;0;0;0;0
commands.mut.248.1_2_17.UOI.cmd_csp_conn_print_table;0;1;1;1;1;1
commands.mut.54.3_5_22.ICR.cmd_ping;0;0;0;0;0;0
commands.mut.451.1_1_9.ABS.cmd_cmp_poke;0;0;0;0;0;0
commands.mut.112.1_1_9.SDL.cmd_ping;0;0;0;0;0;0
commands.mut.304.5_3_56.ROR.cmd_cmp_ident;1;1;1;1;1;1
commands.mut.347.3_5_47.ICR.cmd_cmp_route_set;0;0;0;0;0;0
commands.mut.359.4_5_43.ICR.cmd_cmp_ifc;0;0;0;0;0;0
commands.mut.350.2_4_13.UOI.cmd_cmp_route_set;0;0;0;0;0;0
commands.mut.144.1_1_9.SDL.cmd_memfree;1;1;1;1;1;1
commands.mut.54.5_3_22.ICR.cmd_ping;1;1;1;1;1;1
commands.mut.82.4_3_21.ICR.cmd_ping;0;0;0;0;0;0
commands.mut.137.5_3_56.ROR.cmd_memfree;1;1;1;1;1;1
commands.mut.439.1_1_5.SDL.cmd_cmp_poke;0;0;0;0;0;0
commands.mut.201.3_1_27.UOI.cmd_uptime;0;0;0;0;0;0
commands.mut.372.3_1_13.ROR.cmd_cmp_ifc;0;0;0;0;0;0
commands.mut.434.4_5_43.ICR.cmd_cmp_poke;0;0;0;0;0;0
commands.mut.184.4_3_71.UOI.cmd_buf_free;0;0;0;0;0;0
commands.mut.474.1_2_29.UOI.cmd_cmp_clock;0;0;0;0;0;0
commands.mut.312.1_1_5.SDL.cmd_cmp_ident;1;1;1;1;1;1
commands.mut.439.3_5_39.ICR.cmd_cmp_poke;0;0;0;0;0;0
commands.mut.495.3_2_33.AOR.cmd_cmp_clock;0;0;0;0;0;0
commands.mut.152.5_3_52.ROR.cmd_reboot;1;1;1;1;1;1
commands.mut.38.1_2_51.UOI.parse_node_timeout;0;1;0;0;0;0
commands.mut.359.1_1_9.ROD.cmd_cmp_ifc;1;1;1;1;1;1
commands.mut.49.1_1_5.SDL.cmd_ping;1;1;1;1;1;1
commands.mut.495.3_2_44.LVR.cmd_cmp_clock;0;0;0;0;0;0
commands.mut.451.4_3_9.UOI.cmd_cmp_poke;0;0;0;0;0;0
commands.mut.177.4_3_33.ICR.cmd_buf_free;0;0;0;0;0;0
commands.mut.164.2_1_33.ICR.cmd_shutdown;0;0;0;0;0;0
commands.mut.142.3_5_50.UOI.cmd_memfree;0;0;0;0;0;0
commands.mut.505.3_8_43.ICR.cmd_cmp_clock_get;0;0;0;0;0;0
commands.mut.202.1_2_58.UOI.cmd_uptime;0;0;0;0;0;0
commands.mut.183.2_2_13.ROD.cmd_buf_free;1;1;1;1;1;1
commands.mut.34.4_3_21.UOI.parse_node_timeout;0;0;0;0;0;0
commands.mut.61.1_1_9.SDL.cmd_ping;0;0;0;0;0;0
commands.mut.451.1_1_5.SDL.cmd_cmp_poke;1;1;1;1;1;1
commands.mut.164.3_2_33.ICR.cmd_shutdown;0;0;0;0;0;0
commands.mut.193.7_1_9.ROR.cmd_uptime;1;1;1;1;1;1
commands.mut.385.1_1_5.SDL.cmd_cmp_ifc;0;0;0;0;0;0
commands.mut.124.2_2_56.ROD.cmd_ps;0;0;0;0;0;0
commands.mut.212.4_7_59.UOI.csp_rtable_print_route;0;0;0;0;0;0
commands.mut.93.1_4_52.ROR.cmd_ping;0;0;0;0;0;0
commands.mut.143.4_3_13.ROR.cmd_memfree;0;0;0;0;0;0
commands.mut.93.1_1_9.SDL.cmd_ping;1;1;1;1;1;1
commands.mut.209.2_5_20.ROR.csp_rtable_print_route;0;0;0;0;0;0
commands.mut.59.1_1_5.SDL.cmd_ping;0;0;0;0;0;0
commands.mut.463.1_1_5.SDL.cmd_cmp_clock;0;0;0;0;0;0
commands.mut.496.1_1_65.ABS.cmd_cmp_clock;0;0;0;0;0;0
commands.mut.142.3_1_44.UOI.cmd_memfree;0;0;0;0;0;0
commands.mut.164.5_3_52.ROR.cmd_shutdown;1;1;1;1;1;1
commands.mut.481.5_3_48.ICR.cmd_cmp_clock;0;0;0;0;0;0
commands.mut.340.4_2_71.ROR.cmd_cmp_route_set;0;0;0;0;0;0
commands.mut.93.4_7_28.UOI.cmd_ping;0;0;0;0;0;0
commands.mut.202.2_4_58.UOI.cmd_uptime;0;0;0;0;0;0
commands.mut.82.7_1_9.ROR.cmd_ping;1;1;1;1;1;1
commands.mut.79.2_7_59.ICR.cmd_ping;0;0;0;0;0;0
commands.mut.82.4_2_19.ROR.cmd_ping;1;1;1;1;1;1
commands.mut.54.1_12_59.ICR.cmd_ping;0;0;0;0;0;0
commands.mut.177.4_2_56.ROR.cmd_buf_free;0;0;0;0;0;0
commands.mut.186.1_1_5.SDL.cmd_buf_free;0;0;0;0;0;0
commands.mut.137.4_2_56.ROR.cmd_memfree;0;0;0;0;0;0
commands.mut.366.1_1_5.SDL.cmd_cmp_ifc;0;0;0;0;0;0
commands.mut.82.1_2_9.UOI.cmd_ping;0;0;0;0;0;0
commands.mut.54.4_8_59.ICR.cmd_ping;0;0;0;0;0;0
commands.mut.79.6_1_20.ROR.cmd_ping;0;0;0;0;0;0
commands.mut.439.5_3_39.ICR.cmd_cmp_poke;1;1;1;1;1;1
commands.mut.183.7_1_9.ROR.cmd_buf_free;1;1;1;1;1;1
commands.mut.329.2_2_56.ROD.cmd_cmp_route_set;0;0;0;0;0;0
commands.mut.210.2_8_56.UOI.csp_rtable_print_route;0;0;0;0;0;0
commands.mut.384.1_1_5.SDL.cmd_cmp_ifc;0;0;0;0;0;0
commands.mut.91.4_2_18.ROR.cmd_ping;0;0;0;0;0;0
commands.mut.505.2_2_56.ROD.cmd_cmp_clock_get;0;0;0;0;0;0
commands.mut.304.1_1_9.ROD.cmd_cmp_ident;1;1;1;1;1;1
commands.mut.434.6_7_43.ICR.cmd_cmp_poke;0;0;0;0;0;0
commands.mut.137.2_5_56.ROR.cmd_memfree;0;0;0;0;0;0
commands.mut.193.1_4_56.ROR.cmd_uptime;0;0;0;0;0;0
commands.mut.481.1_1_25.AOD.cmd_cmp_clock;0;0;0;0;0;0
commands.mut.311.3_1_29.UOI.cmd_cmp_ident;0;0;0;0;0;0
commands.mut.359.4_3_33.ICR.cmd_cmp_ifc;0;0;0;0;0;0
commands.mut.59.2_2_19.ROD.cmd_ping;0;0;0;0;0;0
commands.mut.369.1_6_46.ICR.cmd_cmp_ifc;1;1;1;1;1;1
commands.mut.492.3_5_57.ICR.cmd_cmp_clock;1;1;1;1;1;1
commands.mut.144.1_6_82.UOI.cmd_memfree;0;0;0;0;0;0
commands.mut.366.3_2_63.ROR.cmd_cmp_ifc;1;1;1;1;1;1
commands.mut.183.4_3_13.ROR.cmd_buf_free;0;0;0;0;0;0
commands.mut.202.3_1_58.UOI.cmd_uptime;0;0;0;0;0;0
commands.mut.475.1_1_9.ABS.cmd_cmp_clock;0;0;0;0;0;0
commands.mut.106.1_1_9.SDL.cmd_ping;0;0;0;0;0;0
commands.mut.142.1_2_44.UOI.cmd_memfree;0;0;0;0;0;0
commands.mut.164.3_1_52.ROR.cmd_shutdown;0;0;0;0;0;0
commands.mut.311.2_8_35.UOI.cmd_cmp_ident;0;0;0;0;0;0
commands.mut.79.2_1_22.ICR.cmd_ping;0;0;0;0;0;0
commands.mut.79.1_9_75.ROR.cmd_ping;0;0;0;0;0;0
commands.mut.91.1_1_5.SDL.cmd_ping;0;1;1;1;1;1
commands.mut.143.4_3_9.UOI.cmd_memfree;0;0;0;0;0;0
commands.mut.110.3_1_9.UOI.cmd_ping;0;0;0;0;0;0
commands.mut.493.2_16_79.AOR.cmd_cmp_clock;0;0;0;0;0;0
commands.mut.352.4_3_43.UOI.cmd_cmp_route_set;0;0;0;0;0;0
commands.mut.481.2_4_46.AOD.cmd_cmp_clock;1;1;1;1;1;1
commands.mut.137.3_1_56.ROR.cmd_memfree;0;0;0;0;0;0
commands.mut.82.6_1_19.ROR.cmd_ping;0;0;0;0;0;0
commands.mut.473.1_1_5.SDL.cmd_cmp_clock;0;0;0;0;0;0
commands.mut.91.1_2_12.UOI.cmd_ping;0;1;1;1;1;1
commands.mut.481.1_14_96.AOR.cmd_cmp_clock;0;0;0;0;0;0
commands.mut.201.2_4_27.UOI.cmd_uptime;0;0;0;0;0;0
commands.mut.199.1_1_9.ABS.cmd_uptime;0;0;0;0;0;0
commands.mut.446.1_1_5.SDL.cmd_cmp_poke;0;0;0;0;0;0
commands.mut.124.7_1_9.ROR.cmd_ps;1;1;1;1;1;1
commands.mut.91.2_2_18.ROD.cmd_ping;0;1;1;1;1;1
commands.mut.372.4_2_13.ROR.cmd_cmp_ifc;0;0;0;0;0;0
commands.mut.212.3_1_50.UOI.csp_rtable_print_route;0;0;0;0;0;0
commands.mut.228.8_1_12.ROR.cmd_csp_iflist_print_interfaces;0;0;0;0;0;0
commands.mut.177.7_1_9.ROR.cmd_buf_free;1;1;1;1;1;1
commands.mut.481.3_10_73.AOR.cmd_cmp_clock;0;0;0;0;0;0
commands.mut.201.1_2_27.UOI.cmd_uptime;0;0;0;0;0;0
commands.mut.49.6_7_43.ICR.cmd_ping;0;0;0;0;0;0
commands.mut.371.2_4_32.UOI.cmd_cmp_ifc;0;0;0;0;0;0
commands.mut.492.2_3_55.AOR.cmd_cmp_clock;0;0;0;0;0;0
commands.mut.352.3_5_49.UOI.cmd_cmp_route_set;0;0;0;0;0;0
commands.mut.156.4_3_16.UOI.cmd_reboot;0;0;0;0;0;0
commands.mut.142.2_4_44.UOI.cmd_memfree;0;0;0;0;0;0
commands.mut.313.2_4_29.UOI.cmd_cmp_ident;0;0;0;0;0;0
commands.mut.344.1_1_5.SDL.cmd_cmp_route_set;0;0;0;0;0;0
commands.mut.304.3_2_33.ICR.cmd_cmp_ident;0;0;0;0;0;0
commands.mut.481.5_1_46.AOR.cmd_cmp_clock;0;0;0;0;0;0
commands.mut.349.1_1_5.SDL.cmd_cmp_route_set;0;0;0;0;0;0
commands.mut.54.1_3_29.ROD.cmd_ping;1;1;1;1;1;1
commands.mut.434.4_2_56.ROR.cmd_cmp_poke;0;0;0;0;0;0
commands.mut.42.4_3_12.UOI.parse_node_timeout;0;0;0;0;0;0
commands.mut.110.1_1_5.SDL.cmd_ping;1;1;1;1;1;1
commands.mut.94.1_1_13.SDL.cmd_ping;0;1;1;1;1;1
commands.mut.199.1_2_9.UOI.cmd_uptime;0;0;0;0;0;0
commands.mut.105.1_1_9.SDL.cmd_ping;0;0;0;0;0;0
commands.mut.193.3_1_56.ROR.cmd_uptime;0;0;0;0;0;0
commands.mut.89.1_2_22.ICR.cmd_ping;0;0;0;0;0;0
commands.mut.49.4_3_33.ICR.cmd_ping;0;0;0;0;0;0
commands.mut.340.1_4_71.ROR.cmd_cmp_route_set;0;0;0;0;0;0
commands.mut.198.4_7_49.UOI.cmd_uptime;0;0;0;0;0;0
commands.mut.443.1_2_23.ICR.cmd_cmp_poke;0;0;0;0;0;0
commands.mut.82.1_4_19.ROR.cmd_ping;0;0;0;0;0;0
commands.mut.434.3_1_56.ROR.cmd_cmp_poke;0;0;0;0;0;0
commands.mut.316.1_1_5.SDL.cmd_cmp_ident;0;0;0;0;0;0
commands.mut.37.2_5_23.ROR.parse_node_timeout;0;0;0;0;0;0
commands.mut.95.1_1_13.SDL.cmd_ping;0;0;0;0;0;0
commands.mut.93.6_1_52.ROR.cmd_ping;1;1;1;1;1;1
commands.mut.78.3_2_26.ICR.cmd_ping;0;0;0;0;0;0
commands.mut.102.2_3_36.AOD.cmd_ping;0;0;0;0;0;0
commands.mut.336.7_1_9.ROR.cmd_cmp_route_set;1;1;1;1;1;1
commands.mut.177.3_8_43.ICR.cmd_buf_free;0;0;0;0;0;0
commands.mut.493.5_1_47.AOR.cmd_cmp_clock;0;0;0;0;0;0
commands.mut.474.4_3_29.UOI.cmd_cmp_clock;0;0;0;0;0;0
commands.mut.104.7_1_9.ROR.cmd_ping;0;1;1;1;1;1
commands.mut.177.3_2_33.ICR.cmd_buf_free;0;0;0;0;0;0
commands.mut.304.1_9_43.ICR.cmd_cmp_ident;1;1;1;1;1;1
commands.mut.347.1_6_47.ICR.cmd_cmp_route_set;0;0;0;0;0;0
commands.mut.371.4_3_32.UOI.cmd_cmp_ifc;0;0;0;0;0;0
commands.mut.60.1_6_43.ICR.cmd_ping;0;0;0;0;0;0
commands.mut.304.2_1_33.ICR.cmd_cmp_ident;0;0;0;0;0;0
commands.mut.319.1_1_5.SDL.cmd_cmp_ident;0;0;0;0;0;0
commands.mut.481.5_13_96.AOR.cmd_cmp_clock;0;0;0;0;0;0
commands.mut.156.1_1_5.SDL.cmd_reboot;0;0;0;0;0;0
commands.mut.54.4_7_70.ROR.cmd_ping;0;0;0;0;0;0
commands.mut.146.1_2_12.UOI.cmd_memfree;0;0;0;0;0;0
commands.mut.201.4_3_27.UOI.cmd_uptime;0;0;0;0;0;0
commands.mut.496.2_2_77.ROD.cmd_cmp_clock;1;1;1;1;1;1
commands.mut.444.4_3_32.UOI.cmd_cmp_poke;0;0;0;0;0;0
commands.mut.35.5_3_20.ICR.parse_node_timeout;0;0;0;0;0;0
commands.mut.340.1_1_5.SDL.cmd_cmp_route_set;1;1;1;1;1;1
commands.mut.481.2_3_46.AOR.cmd_cmp_clock;0;0;0;0;0;0
commands.mut.493.6_10_81.ICR.cmd_cmp_clock;0;0;0;0;0;0
commands.mut.102.3_2_36.AOR.cmd_ping;0;0;0;0;0;0
commands.mut.478.1_1_5.SDL.cmd_cmp_clock;0;0;0;0;0;0
commands.mut.496.1_2_79.ICR.cmd_cmp_clock;0;0;0;0;0;0
commands.mut.164.2_4_43.ICR.cmd_shutdown;0;0;0;0;0;0
commands.mut.42.3_1_12.UOI.parse_node_timeout;0;0;0;0;0;0
commands.mut.137.4_5_43.ICR.cmd_memfree;0;0;0;0;0;0
commands.mut.199.4_3_9.UOI.cmd_uptime;0;0;0;0;0;0
commands.mut.198.1_2_43.UOI.cmd_uptime;0;0;0;0;0;0
commands.mut.183.3_2_13.ROR.cmd_buf_free;0;0;0;0;0;0
commands.mut.434.1_1_5.SDL.cmd_cmp_poke;1;1;1;1;1;1
commands.mut.481.4_12_73.AOR.cmd_cmp_clock;0;0;0;0;0;0
commands.mut.82.1_1_5.SDL.cmd_ping;1;1;1;1;1;1
commands.mut.49.5_6_43.ICR.cmd_ping;1;1;1;1;1;1
commands.mut.493.2_11_73.AOR.cmd_cmp_clock;0;1;1;1;1;1
commands.mut.451.2_1_16.ICR.cmd_cmp_poke;1;1;1;1;1;1
commands.mut.229.1_1_9.SDL.cmd_csp_iflist_print_interfaces;0;0;0;0;0;0
commands.mut.168.4_3_18.UOI.cmd_shutdown;0;0;0;0;0;0
commands.mut.124.3_1_56.ROR.cmd_ps;0;0;0;0;0;0
commands.mut.493.2_8_79.AOD.cmd_cmp_clock;1;1;1;1;1;1
commands.mut.492.4_2_57.ICR.cmd_cmp_clock;0;0;0;0;0;0
commands.mut.481.3_11_98.ICR.cmd_cmp_clock;1;1;1;1;1;1
commands.mut.152.2_4_43.ICR.cmd_reboot;0;0;0;0;0;0
commands.mut.493.5_5_60.AOR.cmd_cmp_clock;0;0;0;0;0;0
commands.mut.475.5_3_13.ROR.cmd_cmp_clock;1;1;1;1;1;1
commands.mut.495.1_1_25.AOD.cmd_cmp_clock;0;0;0;0;0;0
commands.mut.505.7_1_9.ROR.cmd_cmp_clock_get;1;1;1;1;1;1
commands.mut.79.3_2_20.ROR.cmd_ping;0;0;0;0;0;0
commands.mut.493.1_2_27.AOD.cmd_cmp_clock;1;1;1;1;1;1
commands.mut.93.4_11_37.UOI.cmd_ping;0;0;0;0;0;0
commands.mut.359.4_2_56.ROR.cmd_cmp_ifc;0;0;0;0;0;0
commands.mut.475.3_1_9.UOI.cmd_cmp_clock;0;0;0;0;0;0
commands.mut.493.1_6_49.ICR.cmd_cmp_clock;1;1;1;1;1;1
clock.mut.17.1_1_5.SDL.csp_clock_get_time;0;0;0;0;0;0
