test16,PASSED,COVERAGE NOT MEASURED, 0 MUTANTS PRESENT MEMORY ERRORS
test29,PASSED,COVERAGE NOT MEASURED, 0 MUTANTS PRESENT MEMORY ERRORS
test11,PASSED,COVERAGE NOT MEASURED, 0 MUTANTS PRESENT MEMORY ERRORS
test27,PASSED,COVERAGE NOT MEASURED, 0 MUTANTS PRESENT MEMORY ERRORS
test18,PASSED,COVERAGE NOT MEASURED, 0 MUTANTS PRESENT MEMORY ERRORS
test20,PASSED,COVERAGE NOT MEASURED, 0 MUTANTS PRESENT MEMORY ERRORS
test42,PASSED,COVERAGE NOT MEASURED, 0 MUTANTS PRESENT MEMORY ERRORS
test21,PASSED,COVERAGE NOT MEASURED, 0 MUTANTS PRESENT MEMORY ERRORS
test26,PASSED,COVERAGE NOT MEASURED, 0 MUTANTS PRESENT MEMORY ERRORS
test19,PASSED,COVERAGE NOT MEASURED, 0 MUTANTS PRESENT MEMORY ERRORS
test10,PASSED,COVERAGE NOT MEASURED, 0 MUTANTS PRESENT MEMORY ERRORS
test17,PASSED,COVERAGE NOT MEASURED, 0 MUTANTS PRESENT MEMORY ERRORS
test28,PASSED,COVERAGE NOT MEASURED, 0 MUTANTS PRESENT MEMORY ERRORS
test43,PASSED,COVERAGE NOT MEASURED, 0 MUTANTS PRESENT MEMORY ERRORS
test44,PASSED,COVERAGE NOT MEASURED
test9,PASSED,COVERAGE NOT MEASURED, 0 MUTANTS PRESENT MEMORY ERRORS
test7,PASSED,COVERAGE NOT MEASURED, 0 MUTANTS PRESENT MEMORY ERRORS
test6,PASSED,COVERAGE NOT MEASURED, 0 MUTANTS PRESENT MEMORY ERRORS
test1,PASSED,COVERAGE NOT MEASURED, 0 MUTANTS PRESENT MEMORY ERRORS
test8,PASSED,COVERAGE NOT MEASURED, 0 MUTANTS PRESENT MEMORY ERRORS
test35,PASSED,COVERAGE AS EXPECTED,0 MUTANTS PRESENT MEMORY ERRORS
test32,PASSED,COVERAGE AS EXPECTED,0 MUTANTS PRESENT MEMORY ERRORS
test33,PASSED,COVERAGE AS EXPECTED,0 MUTANTS PRESENT MEMORY ERRORS
test34,PASSED,COVERAGE AS EXPECTED,0 MUTANTS PRESENT MEMORY ERRORS
test41,PASSED,COVERAGE NOT MEASURED, 0 MUTANTS PRESENT MEMORY ERRORS
test12,PASSED,COVERAGE NOT MEASURED, 0 MUTANTS PRESENT MEMORY ERRORS
test15,PASSED,COVERAGE NOT MEASURED, 0 MUTANTS PRESENT MEMORY ERRORS
test23,PASSED,COVERAGE NOT MEASURED, 0 MUTANTS PRESENT MEMORY ERRORS
test24,PASSED,COVERAGE NOT MEASURED, 0 MUTANTS PRESENT MEMORY ERRORS
test40,PASSED,COVERAGE NOT MEASURED, 0 MUTANTS PRESENT MEMORY ERRORS
test25,PASSED,COVERAGE NOT MEASURED, 0 MUTANTS PRESENT MEMORY ERRORS
test22,PASSED,COVERAGE NOT MEASURED, 0 MUTANTS PRESENT MEMORY ERRORS
test14,PASSED,COVERAGE NOT MEASURED, 0 MUTANTS PRESENT MEMORY ERRORS
test13,PASSED,COVERAGE NOT MEASURED, 0 MUTANTS PRESENT MEMORY ERRORS
test4,PASSED,COVERAGE NOT MEASURED, 0 MUTANTS PRESENT MEMORY ERRORS
test3,PASSED,COVERAGE NOT MEASURED, 0 MUTANTS PRESENT MEMORY ERRORS
test2,PASSED,COVERAGE NOT MEASURED, 0 MUTANTS PRESENT MEMORY ERRORS
test5,PASSED,COVERAGE NOT MEASURED, 0 MUTANTS PRESENT MEMORY ERRORS
test36,PASSED,COVERAGE AS EXPECTED,0 MUTANTS PRESENT MEMORY ERRORS
test38,PASSED,COVERAGE NOT MEASURED, 0 MUTANTS PRESENT MEMORY ERRORS
test39,PASSED,COVERAGE NOT MEASURED, 0 MUTANTS PRESENT MEMORY ERRORS
test37,PASSED,COVERAGE AS EXPECTED,0 MUTANTS PRESENT MEMORY ERRORS
test30,PASSED,COVERAGE NOT MEASURED, 0 MUTANTS PRESENT MEMORY ERRORS
