MUTANT,TEST,CONFIGURATION,RESULT,FaultModel,DataItem,Span,Type,FaultClass,Min,Max,Threshold,Delta,State,Value
-2,bindings,CONFIGURED,PASSED
-2,example,CONFIGURED,PASSED
-2,file_store,CONFIGURED,PASSED
-2,i2c,CONFIGURED,PASSED
-2,log,CONFIGURED,PASSED
-2,param3,CONFIGURED,PASSED
-2,param4,CONFIGURED,PASSED
-2,rparam3,CONFIGURED,PASSED
-2,rparam4,CONFIGURED,PASSED
-2,serialize,CONFIGURED,PASSED
-2,spi,CONFIGURED,PASSED
-2,store,CONFIGURED,PASSED
-2,store_load,CONFIGURED,PASSED
-2,vmem_store_checksum_first,CONFIGURED,PASSED
-2,vmem_store_checksum_last,CONFIGURED,PASSED
-1,bindings,CONFIGURED,PASSED
-1,example,CONFIGURED,PASSED
-1,file_store,CONFIGURED,PASSED
-1,i2c,CONFIGURED,PASSED
-1,log,CONFIGURED,PASSED
-1,param3,CONFIGURED,PASSED
-1,param4,CONFIGURED,PASSED
-1,rparam3,CONFIGURED,PASSED
-1,rparam4,CONFIGURED,PASSED
-1,serialize,CONFIGURED,PASSED
-1,spi,CONFIGURED,PASSED
-1,store,CONFIGURED,PASSED
-1,store_load,CONFIGURED,PASSED
-1,vmem_store_checksum_first,CONFIGURED,PASSED
-1,vmem_store_checksum_last,CONFIGURED,PASSED
0,bindings,CONFIGURED,PASSED,General,1,1,LONG,VAT,u,u,20,1,u,u
0,example,CONFIGURED,PASSED,General,1,1,LONG,VAT,u,u,20,1,u,u
0,file_store,CONFIGURED,PASSED,General,1,1,LONG,VAT,u,u,20,1,u,u
0,i2c,CONFIGURED,PASSED,General,1,1,LONG,VAT,u,u,20,1,u,u
0,log,CONFIGURED,PASSED,General,1,1,LONG,VAT,u,u,20,1,u,u
0,param3,CONFIGURED,PASSED,General,1,1,LONG,VAT,u,u,20,1,u,u
0,param4,CONFIGURED,PASSED,General,1,1,LONG,VAT,u,u,20,1,u,u
0,rparam3,CONFIGURED,PASSED,General,1,1,LONG,VAT,u,u,20,1,u,u
0,rparam4,CONFIGURED,FAILED,General,1,1,LONG,VAT,u,u,20,1,u,u
0,serialize,CONFIGURED,PASSED,General,1,1,LONG,VAT,u,u,20,1,u,u
0,spi,CONFIGURED,PASSED,General,1,1,LONG,VAT,u,u,20,1,u,u
0,store,CONFIGURED,PASSED,General,1,1,LONG,VAT,u,u,20,1,u,u
0,store_load,CONFIGURED,PASSED,General,1,1,LONG,VAT,u,u,20,1,u,u
0,vmem_store_checksum_first,CONFIGURED,PASSED,General,1,1,LONG,VAT,u,u,20,1,u,u
0,vmem_store_checksum_last,CONFIGURED,PASSED,General,1,1,LONG,VAT,u,u,20,1,u,u
1,bindings,CONFIGURED,PASSED,General,1,1,LONG,SS,u,u,u,1,u,u
1,example,CONFIGURED,PASSED,General,1,1,LONG,SS,u,u,u,1,u,u
1,file_store,CONFIGURED,PASSED,General,1,1,LONG,SS,u,u,u,1,u,u
1,i2c,CONFIGURED,PASSED,General,1,1,LONG,SS,u,u,u,1,u,u
1,log,CONFIGURED,PASSED,General,1,1,LONG,SS,u,u,u,1,u,u
1,param3,CONFIGURED,PASSED,General,1,1,LONG,SS,u,u,u,1,u,u
1,param4,CONFIGURED,PASSED,General,1,1,LONG,SS,u,u,u,1,u,u
1,rparam3,CONFIGURED,PASSED,General,1,1,LONG,SS,u,u,u,1,u,u
1,rparam4,CONFIGURED,FAILED,General,1,1,LONG,SS,u,u,u,1,u,u
1,serialize,CONFIGURED,PASSED,General,1,1,LONG,SS,u,u,u,1,u,u
1,spi,CONFIGURED,PASSED,General,1,1,LONG,SS,u,u,u,1,u,u
1,store,CONFIGURED,PASSED,General,1,1,LONG,SS,u,u,u,1,u,u
1,store_load,CONFIGURED,PASSED,General,1,1,LONG,SS,u,u,u,1,u,u
1,vmem_store_checksum_first,CONFIGURED,PASSED,General,1,1,LONG,SS,u,u,u,1,u,u
1,vmem_store_checksum_last,CONFIGURED,PASSED,General,1,1,LONG,SS,u,u,u,1,u,u
2,bindings,CONFIGURED,PASSED,General,1,1,LONG,SS,u,u,u,-1,u,u
2,example,CONFIGURED,PASSED,General,1,1,LONG,SS,u,u,u,-1,u,u
2,file_store,CONFIGURED,PASSED,General,1,1,LONG,SS,u,u,u,-1,u,u
2,i2c,CONFIGURED,PASSED,General,1,1,LONG,SS,u,u,u,-1,u,u
2,log,CONFIGURED,PASSED,General,1,1,LONG,SS,u,u,u,-1,u,u
2,param3,CONFIGURED,PASSED,General,1,1,LONG,SS,u,u,u,-1,u,u
2,param4,CONFIGURED,PASSED,General,1,1,LONG,SS,u,u,u,-1,u,u
2,rparam3,CONFIGURED,PASSED,General,1,1,LONG,SS,u,u,u,-1,u,u
2,rparam4,CONFIGURED,FAILED,General,1,1,LONG,SS,u,u,u,-1,u,u
2,serialize,CONFIGURED,PASSED,General,1,1,LONG,SS,u,u,u,-1,u,u
2,spi,CONFIGURED,PASSED,General,1,1,LONG,SS,u,u,u,-1,u,u
2,store,CONFIGURED,PASSED,General,1,1,LONG,SS,u,u,u,-1,u,u
2,store_load,CONFIGURED,PASSED,General,1,1,LONG,SS,u,u,u,-1,u,u
2,vmem_store_checksum_first,CONFIGURED,PASSED,General,1,1,LONG,SS,u,u,u,-1,u,u
2,vmem_store_checksum_last,CONFIGURED,PASSED,General,1,1,LONG,SS,u,u,u,-1,u,u
3,bindings,CONFIGURED,PASSED,General,1,1,LONG,HV,u,u,u,u,u,10
3,example,CONFIGURED,PASSED,General,1,1,LONG,HV,u,u,u,u,u,10
3,file_store,CONFIGURED,PASSED,General,1,1,LONG,HV,u,u,u,u,u,10
3,i2c,CONFIGURED,PASSED,General,1,1,LONG,HV,u,u,u,u,u,10
3,log,CONFIGURED,PASSED,General,1,1,LONG,HV,u,u,u,u,u,10
3,param3,CONFIGURED,PASSED,General,1,1,LONG,HV,u,u,u,u,u,10
3,param4,CONFIGURED,PASSED,General,1,1,LONG,HV,u,u,u,u,u,10
3,rparam3,CONFIGURED,PASSED,General,1,1,LONG,HV,u,u,u,u,u,10
3,rparam4,CONFIGURED,FAILED,General,1,1,LONG,HV,u,u,u,u,u,10
3,serialize,CONFIGURED,PASSED,General,1,1,LONG,HV,u,u,u,u,u,10
3,spi,CONFIGURED,PASSED,General,1,1,LONG,HV,u,u,u,u,u,10
3,store,CONFIGURED,PASSED,General,1,1,LONG,HV,u,u,u,u,u,10
3,store_load,CONFIGURED,PASSED,General,1,1,LONG,HV,u,u,u,u,u,10
3,vmem_store_checksum_first,CONFIGURED,PASSED,General,1,1,LONG,HV,u,u,u,u,u,10
3,vmem_store_checksum_last,CONFIGURED,PASSED,General,1,1,LONG,HV,u,u,u,u,u,10
4,bindings,CONFIGURED,PASSED,General,2,1,LONG,SS,u,u,u,1,u,u
4,example,CONFIGURED,PASSED,General,2,1,LONG,SS,u,u,u,1,u,u
4,file_store,CONFIGURED,PASSED,General,2,1,LONG,SS,u,u,u,1,u,u
4,i2c,CONFIGURED,PASSED,General,2,1,LONG,SS,u,u,u,1,u,u
4,log,CONFIGURED,PASSED,General,2,1,LONG,SS,u,u,u,1,u,u
4,param3,CONFIGURED,PASSED,General,2,1,LONG,SS,u,u,u,1,u,u
4,param4,CONFIGURED,PASSED,General,2,1,LONG,SS,u,u,u,1,u,u
4,rparam3,CONFIGURED,FAILED,General,2,1,LONG,SS,u,u,u,1,u,u
4,rparam4,CONFIGURED,FAILED,General,2,1,LONG,SS,u,u,u,1,u,u
4,serialize,CONFIGURED,PASSED,General,2,1,LONG,SS,u,u,u,1,u,u
4,spi,CONFIGURED,PASSED,General,2,1,LONG,SS,u,u,u,1,u,u
4,store,CONFIGURED,PASSED,General,2,1,LONG,SS,u,u,u,1,u,u
4,store_load,CONFIGURED,PASSED,General,2,1,LONG,SS,u,u,u,1,u,u
4,vmem_store_checksum_first,CONFIGURED,PASSED,General,2,1,LONG,SS,u,u,u,1,u,u
4,vmem_store_checksum_last,CONFIGURED,PASSED,General,2,1,LONG,SS,u,u,u,1,u,u
5,bindings,CONFIGURED,PASSED,General,2,1,LONG,SS,u,u,u,-1,u,u
5,example,CONFIGURED,PASSED,General,2,1,LONG,SS,u,u,u,-1,u,u
5,file_store,CONFIGURED,PASSED,General,2,1,LONG,SS,u,u,u,-1,u,u
5,i2c,CONFIGURED,PASSED,General,2,1,LONG,SS,u,u,u,-1,u,u
5,log,CONFIGURED,PASSED,General,2,1,LONG,SS,u,u,u,-1,u,u
5,param3,CONFIGURED,PASSED,General,2,1,LONG,SS,u,u,u,-1,u,u
5,param4,CONFIGURED,PASSED,General,2,1,LONG,SS,u,u,u,-1,u,u
5,rparam3,CONFIGURED,FAILED,General,2,1,LONG,SS,u,u,u,-1,u,u
5,rparam4,CONFIGURED,FAILED,General,2,1,LONG,SS,u,u,u,-1,u,u
5,serialize,CONFIGURED,PASSED,General,2,1,LONG,SS,u,u,u,-1,u,u
5,spi,CONFIGURED,PASSED,General,2,1,LONG,SS,u,u,u,-1,u,u
5,store,CONFIGURED,PASSED,General,2,1,LONG,SS,u,u,u,-1,u,u
5,store_load,CONFIGURED,PASSED,General,2,1,LONG,SS,u,u,u,-1,u,u
5,vmem_store_checksum_first,CONFIGURED,PASSED,General,2,1,LONG,SS,u,u,u,-1,u,u
5,vmem_store_checksum_last,CONFIGURED,PASSED,General,2,1,LONG,SS,u,u,u,-1,u,u
6,bindings,CONFIGURED,PASSED,General,2,1,LONG,IV,u,u,u,u,u,0
6,example,CONFIGURED,PASSED,General,2,1,LONG,IV,u,u,u,u,u,0
6,file_store,CONFIGURED,PASSED,General,2,1,LONG,IV,u,u,u,u,u,0
6,i2c,CONFIGURED,PASSED,General,2,1,LONG,IV,u,u,u,u,u,0
6,log,CONFIGURED,PASSED,General,2,1,LONG,IV,u,u,u,u,u,0
6,param3,CONFIGURED,PASSED,General,2,1,LONG,IV,u,u,u,u,u,0
6,param4,CONFIGURED,PASSED,General,2,1,LONG,IV,u,u,u,u,u,0
6,rparam3,CONFIGURED,FAILED,General,2,1,LONG,IV,u,u,u,u,u,0
6,rparam4,CONFIGURED,FAILED,General,2,1,LONG,IV,u,u,u,u,u,0
6,serialize,CONFIGURED,PASSED,General,2,1,LONG,IV,u,u,u,u,u,0
6,spi,CONFIGURED,PASSED,General,2,1,LONG,IV,u,u,u,u,u,0
6,store,CONFIGURED,PASSED,General,2,1,LONG,IV,u,u,u,u,u,0
6,store_load,CONFIGURED,PASSED,General,2,1,LONG,IV,u,u,u,u,u,0
6,vmem_store_checksum_first,CONFIGURED,PASSED,General,2,1,LONG,IV,u,u,u,u,u,0
6,vmem_store_checksum_last,CONFIGURED,PASSED,General,2,1,LONG,IV,u,u,u,u,u,0
7,bindings,CONFIGURED,PASSED,General,2,1,LONG,VAT,u,u,180,1,u,u
7,example,CONFIGURED,PASSED,General,2,1,LONG,VAT,u,u,180,1,u,u
7,file_store,CONFIGURED,PASSED,General,2,1,LONG,VAT,u,u,180,1,u,u
7,i2c,CONFIGURED,PASSED,General,2,1,LONG,VAT,u,u,180,1,u,u
7,log,CONFIGURED,PASSED,General,2,1,LONG,VAT,u,u,180,1,u,u
7,param3,CONFIGURED,PASSED,General,2,1,LONG,VAT,u,u,180,1,u,u
7,param4,CONFIGURED,PASSED,General,2,1,LONG,VAT,u,u,180,1,u,u
7,rparam3,CONFIGURED,FAILED,General,2,1,LONG,VAT,u,u,180,1,u,u
7,rparam4,CONFIGURED,FAILED,General,2,1,LONG,VAT,u,u,180,1,u,u
7,serialize,CONFIGURED,PASSED,General,2,1,LONG,VAT,u,u,180,1,u,u
7,spi,CONFIGURED,PASSED,General,2,1,LONG,VAT,u,u,180,1,u,u
7,store,CONFIGURED,PASSED,General,2,1,LONG,VAT,u,u,180,1,u,u
7,store_load,CONFIGURED,PASSED,General,2,1,LONG,VAT,u,u,180,1,u,u
7,vmem_store_checksum_first,CONFIGURED,PASSED,General,2,1,LONG,VAT,u,u,180,1,u,u
7,vmem_store_checksum_last,CONFIGURED,PASSED,General,2,1,LONG,VAT,u,u,180,1,u,u
8,bindings,CONFIGURED,PASSED,GET,2,1,LONG,SS,u,u,u,1,u,u
8,example,CONFIGURED,PASSED,GET,2,1,LONG,SS,u,u,u,1,u,u
8,file_store,CONFIGURED,PASSED,GET,2,1,LONG,SS,u,u,u,1,u,u
8,i2c,CONFIGURED,PASSED,GET,2,1,LONG,SS,u,u,u,1,u,u
8,log,CONFIGURED,PASSED,GET,2,1,LONG,SS,u,u,u,1,u,u
8,param3,CONFIGURED,PASSED,GET,2,1,LONG,SS,u,u,u,1,u,u
8,param4,CONFIGURED,PASSED,GET,2,1,LONG,SS,u,u,u,1,u,u
8,rparam3,CONFIGURED,FAILED,GET,2,1,LONG,SS,u,u,u,1,u,u
8,rparam4,CONFIGURED,FAILED,GET,2,1,LONG,SS,u,u,u,1,u,u
8,serialize,CONFIGURED,PASSED,GET,2,1,LONG,SS,u,u,u,1,u,u
8,spi,CONFIGURED,PASSED,GET,2,1,LONG,SS,u,u,u,1,u,u
8,store,CONFIGURED,PASSED,GET,2,1,LONG,SS,u,u,u,1,u,u
8,store_load,CONFIGURED,PASSED,GET,2,1,LONG,SS,u,u,u,1,u,u
8,vmem_store_checksum_first,CONFIGURED,PASSED,GET,2,1,LONG,SS,u,u,u,1,u,u
8,vmem_store_checksum_last,CONFIGURED,PASSED,GET,2,1,LONG,SS,u,u,u,1,u,u
9,bindings,CONFIGURED,PASSED,GET,2,1,LONG,SS,u,u,u,1,u,u
9,example,CONFIGURED,PASSED,GET,2,1,LONG,SS,u,u,u,1,u,u
9,file_store,CONFIGURED,PASSED,GET,2,1,LONG,SS,u,u,u,1,u,u
9,i2c,CONFIGURED,PASSED,GET,2,1,LONG,SS,u,u,u,1,u,u
9,log,CONFIGURED,PASSED,GET,2,1,LONG,SS,u,u,u,1,u,u
9,param3,CONFIGURED,PASSED,GET,2,1,LONG,SS,u,u,u,1,u,u
9,param4,CONFIGURED,PASSED,GET,2,1,LONG,SS,u,u,u,1,u,u
9,rparam3,CONFIGURED,FAILED,GET,2,1,LONG,SS,u,u,u,1,u,u
9,rparam4,CONFIGURED,FAILED,GET,2,1,LONG,SS,u,u,u,1,u,u
9,serialize,CONFIGURED,PASSED,GET,2,1,LONG,SS,u,u,u,1,u,u
9,spi,CONFIGURED,PASSED,GET,2,1,LONG,SS,u,u,u,1,u,u
9,store,CONFIGURED,PASSED,GET,2,1,LONG,SS,u,u,u,1,u,u
9,store_load,CONFIGURED,PASSED,GET,2,1,LONG,SS,u,u,u,1,u,u
9,vmem_store_checksum_first,CONFIGURED,PASSED,GET,2,1,LONG,SS,u,u,u,1,u,u
9,vmem_store_checksum_last,CONFIGURED,PASSED,GET,2,1,LONG,SS,u,u,u,1,u,u
10,bindings,CONFIGURED,PASSED,GET,2,1,LONG,IV,u,u,u,u,u,0
10,example,CONFIGURED,PASSED,GET,2,1,LONG,IV,u,u,u,u,u,0
10,file_store,CONFIGURED,PASSED,GET,2,1,LONG,IV,u,u,u,u,u,0
10,i2c,CONFIGURED,PASSED,GET,2,1,LONG,IV,u,u,u,u,u,0
10,log,CONFIGURED,PASSED,GET,2,1,LONG,IV,u,u,u,u,u,0
10,param3,CONFIGURED,PASSED,GET,2,1,LONG,IV,u,u,u,u,u,0
10,param4,CONFIGURED,PASSED,GET,2,1,LONG,IV,u,u,u,u,u,0
10,rparam3,CONFIGURED,FAILED,GET,2,1,LONG,IV,u,u,u,u,u,0
10,rparam4,CONFIGURED,FAILED,GET,2,1,LONG,IV,u,u,u,u,u,0
10,serialize,CONFIGURED,PASSED,GET,2,1,LONG,IV,u,u,u,u,u,0
10,spi,CONFIGURED,PASSED,GET,2,1,LONG,IV,u,u,u,u,u,0
10,store,CONFIGURED,PASSED,GET,2,1,LONG,IV,u,u,u,u,u,0
10,store_load,CONFIGURED,PASSED,GET,2,1,LONG,IV,u,u,u,u,u,0
10,vmem_store_checksum_first,CONFIGURED,PASSED,GET,2,1,LONG,IV,u,u,u,u,u,0
10,vmem_store_checksum_last,CONFIGURED,PASSED,GET,2,1,LONG,IV,u,u,u,u,u,0
11,bindings,CONFIGURED,PASSED,GET,2,1,LONG,VAT,u,u,180,1,u,u
11,example,CONFIGURED,PASSED,GET,2,1,LONG,VAT,u,u,180,1,u,u
11,file_store,CONFIGURED,PASSED,GET,2,1,LONG,VAT,u,u,180,1,u,u
11,i2c,CONFIGURED,PASSED,GET,2,1,LONG,VAT,u,u,180,1,u,u
11,log,CONFIGURED,PASSED,GET,2,1,LONG,VAT,u,u,180,1,u,u
11,param3,CONFIGURED,PASSED,GET,2,1,LONG,VAT,u,u,180,1,u,u
11,param4,CONFIGURED,PASSED,GET,2,1,LONG,VAT,u,u,180,1,u,u
11,rparam3,CONFIGURED,FAILED,GET,2,1,LONG,VAT,u,u,180,1,u,u
11,rparam4,CONFIGURED,FAILED,GET,2,1,LONG,VAT,u,u,180,1,u,u
11,serialize,CONFIGURED,PASSED,GET,2,1,LONG,VAT,u,u,180,1,u,u
11,spi,CONFIGURED,PASSED,GET,2,1,LONG,VAT,u,u,180,1,u,u
11,store,CONFIGURED,PASSED,GET,2,1,LONG,VAT,u,u,180,1,u,u
11,store_load,CONFIGURED,PASSED,GET,2,1,LONG,VAT,u,u,180,1,u,u
11,vmem_store_checksum_first,CONFIGURED,PASSED,GET,2,1,LONG,VAT,u,u,180,1,u,u
11,vmem_store_checksum_last,CONFIGURED,PASSED,GET,2,1,LONG,VAT,u,u,180,1,u,u
12,bindings,CONFIGURED,PASSED,GET,6,1,LONG,SS,u,u,u,1,u,u
12,example,CONFIGURED,PASSED,GET,6,1,LONG,SS,u,u,u,1,u,u
12,file_store,CONFIGURED,PASSED,GET,6,1,LONG,SS,u,u,u,1,u,u
12,i2c,CONFIGURED,PASSED,GET,6,1,LONG,SS,u,u,u,1,u,u
12,log,CONFIGURED,PASSED,GET,6,1,LONG,SS,u,u,u,1,u,u
12,param3,CONFIGURED,PASSED,GET,6,1,LONG,SS,u,u,u,1,u,u
12,param4,CONFIGURED,PASSED,GET,6,1,LONG,SS,u,u,u,1,u,u
12,rparam3,CONFIGURED,FAILED,GET,6,1,LONG,SS,u,u,u,1,u,u
12,rparam4,CONFIGURED,FAILED,GET,6,1,LONG,SS,u,u,u,1,u,u
12,serialize,CONFIGURED,PASSED,GET,6,1,LONG,SS,u,u,u,1,u,u
12,spi,CONFIGURED,PASSED,GET,6,1,LONG,SS,u,u,u,1,u,u
12,store,CONFIGURED,PASSED,GET,6,1,LONG,SS,u,u,u,1,u,u
12,store_load,CONFIGURED,PASSED,GET,6,1,LONG,SS,u,u,u,1,u,u
12,vmem_store_checksum_first,CONFIGURED,PASSED,GET,6,1,LONG,SS,u,u,u,1,u,u
12,vmem_store_checksum_last,CONFIGURED,PASSED,GET,6,1,LONG,SS,u,u,u,1,u,u
13,bindings,CONFIGURED,PASSED,GET,6,1,LONG,SS,u,u,u,-1,u,u
13,example,CONFIGURED,PASSED,GET,6,1,LONG,SS,u,u,u,-1,u,u
13,file_store,CONFIGURED,PASSED,GET,6,1,LONG,SS,u,u,u,-1,u,u
13,i2c,CONFIGURED,PASSED,GET,6,1,LONG,SS,u,u,u,-1,u,u
13,log,CONFIGURED,PASSED,GET,6,1,LONG,SS,u,u,u,-1,u,u
13,param3,CONFIGURED,PASSED,GET,6,1,LONG,SS,u,u,u,-1,u,u
13,param4,CONFIGURED,PASSED,GET,6,1,LONG,SS,u,u,u,-1,u,u
13,rparam3,CONFIGURED,FAILED,GET,6,1,LONG,SS,u,u,u,-1,u,u
13,rparam4,CONFIGURED,FAILED,GET,6,1,LONG,SS,u,u,u,-1,u,u
13,serialize,CONFIGURED,PASSED,GET,6,1,LONG,SS,u,u,u,-1,u,u
13,spi,CONFIGURED,PASSED,GET,6,1,LONG,SS,u,u,u,-1,u,u
13,store,CONFIGURED,PASSED,GET,6,1,LONG,SS,u,u,u,-1,u,u
13,store_load,CONFIGURED,PASSED,GET,6,1,LONG,SS,u,u,u,-1,u,u
13,vmem_store_checksum_first,CONFIGURED,PASSED,GET,6,1,LONG,SS,u,u,u,-1,u,u
13,vmem_store_checksum_last,CONFIGURED,PASSED,GET,6,1,LONG,SS,u,u,u,-1,u,u
14,bindings,CONFIGURED,PASSED,SET,2,1,LONG,SS,u,u,u,1,u,u
14,example,CONFIGURED,PASSED,SET,2,1,LONG,SS,u,u,u,1,u,u
14,file_store,CONFIGURED,PASSED,SET,2,1,LONG,SS,u,u,u,1,u,u
14,i2c,CONFIGURED,PASSED,SET,2,1,LONG,SS,u,u,u,1,u,u
14,log,CONFIGURED,PASSED,SET,2,1,LONG,SS,u,u,u,1,u,u
14,param3,CONFIGURED,PASSED,SET,2,1,LONG,SS,u,u,u,1,u,u
14,param4,CONFIGURED,PASSED,SET,2,1,LONG,SS,u,u,u,1,u,u
14,rparam3,CONFIGURED,FAILED,SET,2,1,LONG,SS,u,u,u,1,u,u
14,rparam4,CONFIGURED,FAILED,SET,2,1,LONG,SS,u,u,u,1,u,u
14,serialize,CONFIGURED,PASSED,SET,2,1,LONG,SS,u,u,u,1,u,u
14,spi,CONFIGURED,PASSED,SET,2,1,LONG,SS,u,u,u,1,u,u
14,store,CONFIGURED,PASSED,SET,2,1,LONG,SS,u,u,u,1,u,u
14,store_load,CONFIGURED,PASSED,SET,2,1,LONG,SS,u,u,u,1,u,u
14,vmem_store_checksum_first,CONFIGURED,PASSED,SET,2,1,LONG,SS,u,u,u,1,u,u
14,vmem_store_checksum_last,CONFIGURED,PASSED,SET,2,1,LONG,SS,u,u,u,1,u,u
15,bindings,CONFIGURED,PASSED,SET,2,1,LONG,SS,u,u,u,1,u,u
15,example,CONFIGURED,PASSED,SET,2,1,LONG,SS,u,u,u,1,u,u
15,file_store,CONFIGURED,PASSED,SET,2,1,LONG,SS,u,u,u,1,u,u
15,i2c,CONFIGURED,PASSED,SET,2,1,LONG,SS,u,u,u,1,u,u
15,log,CONFIGURED,PASSED,SET,2,1,LONG,SS,u,u,u,1,u,u
15,param3,CONFIGURED,PASSED,SET,2,1,LONG,SS,u,u,u,1,u,u
15,param4,CONFIGURED,PASSED,SET,2,1,LONG,SS,u,u,u,1,u,u
15,rparam3,CONFIGURED,FAILED,SET,2,1,LONG,SS,u,u,u,1,u,u
15,rparam4,CONFIGURED,FAILED,SET,2,1,LONG,SS,u,u,u,1,u,u
15,serialize,CONFIGURED,PASSED,SET,2,1,LONG,SS,u,u,u,1,u,u
15,spi,CONFIGURED,PASSED,SET,2,1,LONG,SS,u,u,u,1,u,u
15,store,CONFIGURED,PASSED,SET,2,1,LONG,SS,u,u,u,1,u,u
15,store_load,CONFIGURED,PASSED,SET,2,1,LONG,SS,u,u,u,1,u,u
15,vmem_store_checksum_first,CONFIGURED,PASSED,SET,2,1,LONG,SS,u,u,u,1,u,u
15,vmem_store_checksum_last,CONFIGURED,PASSED,SET,2,1,LONG,SS,u,u,u,1,u,u
16,bindings,CONFIGURED,PASSED,SET,2,1,LONG,IV,u,u,u,u,u,0
16,example,CONFIGURED,PASSED,SET,2,1,LONG,IV,u,u,u,u,u,0
16,file_store,CONFIGURED,PASSED,SET,2,1,LONG,IV,u,u,u,u,u,0
16,i2c,CONFIGURED,PASSED,SET,2,1,LONG,IV,u,u,u,u,u,0
16,log,CONFIGURED,PASSED,SET,2,1,LONG,IV,u,u,u,u,u,0
16,param3,CONFIGURED,PASSED,SET,2,1,LONG,IV,u,u,u,u,u,0
16,param4,CONFIGURED,PASSED,SET,2,1,LONG,IV,u,u,u,u,u,0
16,rparam3,CONFIGURED,FAILED,SET,2,1,LONG,IV,u,u,u,u,u,0
16,rparam4,CONFIGURED,FAILED,SET,2,1,LONG,IV,u,u,u,u,u,0
16,serialize,CONFIGURED,PASSED,SET,2,1,LONG,IV,u,u,u,u,u,0
16,spi,CONFIGURED,PASSED,SET,2,1,LONG,IV,u,u,u,u,u,0
16,store,CONFIGURED,PASSED,SET,2,1,LONG,IV,u,u,u,u,u,0
16,store_load,CONFIGURED,PASSED,SET,2,1,LONG,IV,u,u,u,u,u,0
16,vmem_store_checksum_first,CONFIGURED,PASSED,SET,2,1,LONG,IV,u,u,u,u,u,0
16,vmem_store_checksum_last,CONFIGURED,PASSED,SET,2,1,LONG,IV,u,u,u,u,u,0
17,bindings,CONFIGURED,PASSED,SET,2,1,LONG,VAT,u,u,180,1,u,u
17,example,CONFIGURED,PASSED,SET,2,1,LONG,VAT,u,u,180,1,u,u
17,file_store,CONFIGURED,PASSED,SET,2,1,LONG,VAT,u,u,180,1,u,u
17,i2c,CONFIGURED,PASSED,SET,2,1,LONG,VAT,u,u,180,1,u,u
17,log,CONFIGURED,PASSED,SET,2,1,LONG,VAT,u,u,180,1,u,u
17,param3,CONFIGURED,PASSED,SET,2,1,LONG,VAT,u,u,180,1,u,u
17,param4,CONFIGURED,PASSED,SET,2,1,LONG,VAT,u,u,180,1,u,u
17,rparam3,CONFIGURED,FAILED,SET,2,1,LONG,VAT,u,u,180,1,u,u
17,rparam4,CONFIGURED,FAILED,SET,2,1,LONG,VAT,u,u,180,1,u,u
17,serialize,CONFIGURED,PASSED,SET,2,1,LONG,VAT,u,u,180,1,u,u
17,spi,CONFIGURED,PASSED,SET,2,1,LONG,VAT,u,u,180,1,u,u
17,store,CONFIGURED,PASSED,SET,2,1,LONG,VAT,u,u,180,1,u,u
17,store_load,CONFIGURED,PASSED,SET,2,1,LONG,VAT,u,u,180,1,u,u
17,vmem_store_checksum_first,CONFIGURED,PASSED,SET,2,1,LONG,VAT,u,u,180,1,u,u
17,vmem_store_checksum_last,CONFIGURED,PASSED,SET,2,1,LONG,VAT,u,u,180,1,u,u
18,bindings,CONFIGURED,PASSED,SET,6,1,BIN,BF,0,7,u,u,-1,1
18,example,CONFIGURED,PASSED,SET,6,1,BIN,BF,0,7,u,u,-1,1
18,file_store,CONFIGURED,PASSED,SET,6,1,BIN,BF,0,7,u,u,-1,1
18,i2c,CONFIGURED,PASSED,SET,6,1,BIN,BF,0,7,u,u,-1,1
18,log,CONFIGURED,PASSED,SET,6,1,BIN,BF,0,7,u,u,-1,1
18,param3,CONFIGURED,PASSED,SET,6,1,BIN,BF,0,7,u,u,-1,1
18,param4,CONFIGURED,PASSED,SET,6,1,BIN,BF,0,7,u,u,-1,1
18,rparam3,CONFIGURED,FAILED,SET,6,1,BIN,BF,0,7,u,u,-1,1
18,rparam4,CONFIGURED,FAILED,SET,6,1,BIN,BF,0,7,u,u,-1,1
18,serialize,CONFIGURED,PASSED,SET,6,1,BIN,BF,0,7,u,u,-1,1
18,spi,CONFIGURED,PASSED,SET,6,1,BIN,BF,0,7,u,u,-1,1
18,store,CONFIGURED,PASSED,SET,6,1,BIN,BF,0,7,u,u,-1,1
18,store_load,CONFIGURED,PASSED,SET,6,1,BIN,BF,0,7,u,u,-1,1
18,vmem_store_checksum_first,CONFIGURED,PASSED,SET,6,1,BIN,BF,0,7,u,u,-1,1
18,vmem_store_checksum_last,CONFIGURED,PASSED,SET,6,1,BIN,BF,0,7,u,u,-1,1
19,bindings,CONFIGURED,PASSED,SAVE,2,1,LONG,SS,u,u,u,1,u,u
19,example,CONFIGURED,PASSED,SAVE,2,1,LONG,SS,u,u,u,1,u,u
19,file_store,CONFIGURED,PASSED,SAVE,2,1,LONG,SS,u,u,u,1,u,u
19,i2c,CONFIGURED,PASSED,SAVE,2,1,LONG,SS,u,u,u,1,u,u
19,log,CONFIGURED,PASSED,SAVE,2,1,LONG,SS,u,u,u,1,u,u
19,param3,CONFIGURED,PASSED,SAVE,2,1,LONG,SS,u,u,u,1,u,u
19,param4,CONFIGURED,PASSED,SAVE,2,1,LONG,SS,u,u,u,1,u,u
19,rparam3,CONFIGURED,FAILED,SAVE,2,1,LONG,SS,u,u,u,1,u,u
19,rparam4,CONFIGURED,FAILED,SAVE,2,1,LONG,SS,u,u,u,1,u,u
19,serialize,CONFIGURED,PASSED,SAVE,2,1,LONG,SS,u,u,u,1,u,u
19,spi,CONFIGURED,PASSED,SAVE,2,1,LONG,SS,u,u,u,1,u,u
19,store,CONFIGURED,PASSED,SAVE,2,1,LONG,SS,u,u,u,1,u,u
19,store_load,CONFIGURED,PASSED,SAVE,2,1,LONG,SS,u,u,u,1,u,u
19,vmem_store_checksum_first,CONFIGURED,PASSED,SAVE,2,1,LONG,SS,u,u,u,1,u,u
19,vmem_store_checksum_last,CONFIGURED,PASSED,SAVE,2,1,LONG,SS,u,u,u,1,u,u
20,bindings,CONFIGURED,PASSED,SAVE,2,1,LONG,SS,u,u,u,1,u,u
20,example,CONFIGURED,PASSED,SAVE,2,1,LONG,SS,u,u,u,1,u,u
20,file_store,CONFIGURED,PASSED,SAVE,2,1,LONG,SS,u,u,u,1,u,u
20,i2c,CONFIGURED,PASSED,SAVE,2,1,LONG,SS,u,u,u,1,u,u
20,log,CONFIGURED,PASSED,SAVE,2,1,LONG,SS,u,u,u,1,u,u
20,param3,CONFIGURED,PASSED,SAVE,2,1,LONG,SS,u,u,u,1,u,u
20,param4,CONFIGURED,PASSED,SAVE,2,1,LONG,SS,u,u,u,1,u,u
20,rparam3,CONFIGURED,PASSED,SAVE,2,1,LONG,SS,u,u,u,1,u,u
20,rparam4,CONFIGURED,PASSED,SAVE,2,1,LONG,SS,u,u,u,1,u,u
20,serialize,CONFIGURED,PASSED,SAVE,2,1,LONG,SS,u,u,u,1,u,u
20,spi,CONFIGURED,PASSED,SAVE,2,1,LONG,SS,u,u,u,1,u,u
20,store,CONFIGURED,PASSED,SAVE,2,1,LONG,SS,u,u,u,1,u,u
20,store_load,CONFIGURED,PASSED,SAVE,2,1,LONG,SS,u,u,u,1,u,u
20,vmem_store_checksum_first,CONFIGURED,PASSED,SAVE,2,1,LONG,SS,u,u,u,1,u,u
20,vmem_store_checksum_last,CONFIGURED,PASSED,SAVE,2,1,LONG,SS,u,u,u,1,u,u
21,bindings,CONFIGURED,PASSED,SAVE,2,1,LONG,IV,u,u,u,u,u,0
21,example,CONFIGURED,PASSED,SAVE,2,1,LONG,IV,u,u,u,u,u,0
21,file_store,CONFIGURED,PASSED,SAVE,2,1,LONG,IV,u,u,u,u,u,0
21,i2c,CONFIGURED,PASSED,SAVE,2,1,LONG,IV,u,u,u,u,u,0
21,log,CONFIGURED,PASSED,SAVE,2,1,LONG,IV,u,u,u,u,u,0
21,param3,CONFIGURED,PASSED,SAVE,2,1,LONG,IV,u,u,u,u,u,0
21,param4,CONFIGURED,PASSED,SAVE,2,1,LONG,IV,u,u,u,u,u,0
21,rparam3,CONFIGURED,PASSED,SAVE,2,1,LONG,IV,u,u,u,u,u,0
21,rparam4,CONFIGURED,PASSED,SAVE,2,1,LONG,IV,u,u,u,u,u,0
21,serialize,CONFIGURED,PASSED,SAVE,2,1,LONG,IV,u,u,u,u,u,0
21,spi,CONFIGURED,PASSED,SAVE,2,1,LONG,IV,u,u,u,u,u,0
21,store,CONFIGURED,PASSED,SAVE,2,1,LONG,IV,u,u,u,u,u,0
21,store_load,CONFIGURED,PASSED,SAVE,2,1,LONG,IV,u,u,u,u,u,0
21,vmem_store_checksum_first,CONFIGURED,PASSED,SAVE,2,1,LONG,IV,u,u,u,u,u,0
21,vmem_store_checksum_last,CONFIGURED,PASSED,SAVE,2,1,LONG,IV,u,u,u,u,u,0
22,bindings,CONFIGURED,PASSED,SAVE,2,1,LONG,VAT,u,u,180,1,u,u
22,example,CONFIGURED,PASSED,SAVE,2,1,LONG,VAT,u,u,180,1,u,u
22,file_store,CONFIGURED,PASSED,SAVE,2,1,LONG,VAT,u,u,180,1,u,u
22,i2c,CONFIGURED,PASSED,SAVE,2,1,LONG,VAT,u,u,180,1,u,u
22,log,CONFIGURED,PASSED,SAVE,2,1,LONG,VAT,u,u,180,1,u,u
22,param3,CONFIGURED,PASSED,SAVE,2,1,LONG,VAT,u,u,180,1,u,u
22,param4,CONFIGURED,PASSED,SAVE,2,1,LONG,VAT,u,u,180,1,u,u
22,rparam3,CONFIGURED,PASSED,SAVE,2,1,LONG,VAT,u,u,180,1,u,u
22,rparam4,CONFIGURED,PASSED,SAVE,2,1,LONG,VAT,u,u,180,1,u,u
22,serialize,CONFIGURED,PASSED,SAVE,2,1,LONG,VAT,u,u,180,1,u,u
22,spi,CONFIGURED,PASSED,SAVE,2,1,LONG,VAT,u,u,180,1,u,u
22,store,CONFIGURED,PASSED,SAVE,2,1,LONG,VAT,u,u,180,1,u,u
22,store_load,CONFIGURED,PASSED,SAVE,2,1,LONG,VAT,u,u,180,1,u,u
22,vmem_store_checksum_first,CONFIGURED,PASSED,SAVE,2,1,LONG,VAT,u,u,180,1,u,u
22,vmem_store_checksum_last,CONFIGURED,PASSED,SAVE,2,1,LONG,VAT,u,u,180,1,u,u
23,bindings,CONFIGURED,PASSED,SAVE,6,1,LONG,SS,u,u,u,1,u,u
23,example,CONFIGURED,PASSED,SAVE,6,1,LONG,SS,u,u,u,1,u,u
23,file_store,CONFIGURED,PASSED,SAVE,6,1,LONG,SS,u,u,u,1,u,u
23,i2c,CONFIGURED,PASSED,SAVE,6,1,LONG,SS,u,u,u,1,u,u
23,log,CONFIGURED,PASSED,SAVE,6,1,LONG,SS,u,u,u,1,u,u
23,param3,CONFIGURED,PASSED,SAVE,6,1,LONG,SS,u,u,u,1,u,u
23,param4,CONFIGURED,PASSED,SAVE,6,1,LONG,SS,u,u,u,1,u,u
23,rparam3,CONFIGURED,PASSED,SAVE,6,1,LONG,SS,u,u,u,1,u,u
23,rparam4,CONFIGURED,FAILED,SAVE,6,1,LONG,SS,u,u,u,1,u,u
23,serialize,CONFIGURED,PASSED,SAVE,6,1,LONG,SS,u,u,u,1,u,u
23,spi,CONFIGURED,PASSED,SAVE,6,1,LONG,SS,u,u,u,1,u,u
23,store,CONFIGURED,PASSED,SAVE,6,1,LONG,SS,u,u,u,1,u,u
23,store_load,CONFIGURED,PASSED,SAVE,6,1,LONG,SS,u,u,u,1,u,u
23,vmem_store_checksum_first,CONFIGURED,PASSED,SAVE,6,1,LONG,SS,u,u,u,1,u,u
23,vmem_store_checksum_last,CONFIGURED,PASSED,SAVE,6,1,LONG,SS,u,u,u,1,u,u
24,bindings,CONFIGURED,PASSED,SAVE,6,1,LONG,SS,u,u,u,-1,u,u
24,example,CONFIGURED,PASSED,SAVE,6,1,LONG,SS,u,u,u,-1,u,u
24,file_store,CONFIGURED,PASSED,SAVE,6,1,LONG,SS,u,u,u,-1,u,u
24,i2c,CONFIGURED,PASSED,SAVE,6,1,LONG,SS,u,u,u,-1,u,u
24,log,CONFIGURED,PASSED,SAVE,6,1,LONG,SS,u,u,u,-1,u,u
24,param3,CONFIGURED,PASSED,SAVE,6,1,LONG,SS,u,u,u,-1,u,u
24,param4,CONFIGURED,PASSED,SAVE,6,1,LONG,SS,u,u,u,-1,u,u
24,rparam3,CONFIGURED,PASSED,SAVE,6,1,LONG,SS,u,u,u,-1,u,u
24,rparam4,CONFIGURED,FAILED,SAVE,6,1,LONG,SS,u,u,u,-1,u,u
24,serialize,CONFIGURED,PASSED,SAVE,6,1,LONG,SS,u,u,u,-1,u,u
24,spi,CONFIGURED,PASSED,SAVE,6,1,LONG,SS,u,u,u,-1,u,u
24,store,CONFIGURED,PASSED,SAVE,6,1,LONG,SS,u,u,u,-1,u,u
24,store_load,CONFIGURED,PASSED,SAVE,6,1,LONG,SS,u,u,u,-1,u,u
24,vmem_store_checksum_first,CONFIGURED,PASSED,SAVE,6,1,LONG,SS,u,u,u,-1,u,u
24,vmem_store_checksum_last,CONFIGURED,PASSED,SAVE,6,1,LONG,SS,u,u,u,-1,u,u
25,bindings,CONFIGURED,PASSED,SAVE,7,1,LONG,SS,u,u,u,1,u,u
25,example,CONFIGURED,PASSED,SAVE,7,1,LONG,SS,u,u,u,1,u,u
25,file_store,CONFIGURED,PASSED,SAVE,7,1,LONG,SS,u,u,u,1,u,u
25,i2c,CONFIGURED,PASSED,SAVE,7,1,LONG,SS,u,u,u,1,u,u
25,log,CONFIGURED,PASSED,SAVE,7,1,LONG,SS,u,u,u,1,u,u
25,param3,CONFIGURED,PASSED,SAVE,7,1,LONG,SS,u,u,u,1,u,u
25,param4,CONFIGURED,PASSED,SAVE,7,1,LONG,SS,u,u,u,1,u,u
25,rparam3,CONFIGURED,PASSED,SAVE,7,1,LONG,SS,u,u,u,1,u,u
25,rparam4,CONFIGURED,FAILED,SAVE,7,1,LONG,SS,u,u,u,1,u,u
25,serialize,CONFIGURED,PASSED,SAVE,7,1,LONG,SS,u,u,u,1,u,u
25,spi,CONFIGURED,PASSED,SAVE,7,1,LONG,SS,u,u,u,1,u,u
25,store,CONFIGURED,PASSED,SAVE,7,1,LONG,SS,u,u,u,1,u,u
25,store_load,CONFIGURED,PASSED,SAVE,7,1,LONG,SS,u,u,u,1,u,u
25,vmem_store_checksum_first,CONFIGURED,PASSED,SAVE,7,1,LONG,SS,u,u,u,1,u,u
25,vmem_store_checksum_last,CONFIGURED,PASSED,SAVE,7,1,LONG,SS,u,u,u,1,u,u
26,bindings,CONFIGURED,PASSED,SAVE,7,1,LONG,SS,u,u,u,-1,u,u
26,example,CONFIGURED,PASSED,SAVE,7,1,LONG,SS,u,u,u,-1,u,u
26,file_store,CONFIGURED,PASSED,SAVE,7,1,LONG,SS,u,u,u,-1,u,u
26,i2c,CONFIGURED,PASSED,SAVE,7,1,LONG,SS,u,u,u,-1,u,u
26,log,CONFIGURED,PASSED,SAVE,7,1,LONG,SS,u,u,u,-1,u,u
26,param3,CONFIGURED,PASSED,SAVE,7,1,LONG,SS,u,u,u,-1,u,u
26,param4,CONFIGURED,PASSED,SAVE,7,1,LONG,SS,u,u,u,-1,u,u
26,rparam3,CONFIGURED,PASSED,SAVE,7,1,LONG,SS,u,u,u,-1,u,u
26,rparam4,CONFIGURED,FAILED,SAVE,7,1,LONG,SS,u,u,u,-1,u,u
26,serialize,CONFIGURED,PASSED,SAVE,7,1,LONG,SS,u,u,u,-1,u,u
26,spi,CONFIGURED,PASSED,SAVE,7,1,LONG,SS,u,u,u,-1,u,u
26,store,CONFIGURED,PASSED,SAVE,7,1,LONG,SS,u,u,u,-1,u,u
26,store_load,CONFIGURED,PASSED,SAVE,7,1,LONG,SS,u,u,u,-1,u,u
26,vmem_store_checksum_first,CONFIGURED,PASSED,SAVE,7,1,LONG,SS,u,u,u,-1,u,u
26,vmem_store_checksum_last,CONFIGURED,PASSED,SAVE,7,1,LONG,SS,u,u,u,-1,u,u
27,bindings,CONFIGURED,PASSED,LOAD,2,1,LONG,SS,u,u,u,1,u,u
27,example,CONFIGURED,PASSED,LOAD,2,1,LONG,SS,u,u,u,1,u,u
27,file_store,CONFIGURED,PASSED,LOAD,2,1,LONG,SS,u,u,u,1,u,u
27,i2c,CONFIGURED,PASSED,LOAD,2,1,LONG,SS,u,u,u,1,u,u
27,log,CONFIGURED,PASSED,LOAD,2,1,LONG,SS,u,u,u,1,u,u
27,param3,CONFIGURED,PASSED,LOAD,2,1,LONG,SS,u,u,u,1,u,u
27,param4,CONFIGURED,PASSED,LOAD,2,1,LONG,SS,u,u,u,1,u,u
27,rparam3,CONFIGURED,PASSED,LOAD,2,1,LONG,SS,u,u,u,1,u,u
27,rparam4,CONFIGURED,PASSED,LOAD,2,1,LONG,SS,u,u,u,1,u,u
27,serialize,CONFIGURED,PASSED,LOAD,2,1,LONG,SS,u,u,u,1,u,u
27,spi,CONFIGURED,PASSED,LOAD,2,1,LONG,SS,u,u,u,1,u,u
27,store,CONFIGURED,PASSED,LOAD,2,1,LONG,SS,u,u,u,1,u,u
27,store_load,CONFIGURED,PASSED,LOAD,2,1,LONG,SS,u,u,u,1,u,u
27,vmem_store_checksum_first,CONFIGURED,PASSED,LOAD,2,1,LONG,SS,u,u,u,1,u,u
27,vmem_store_checksum_last,CONFIGURED,PASSED,LOAD,2,1,LONG,SS,u,u,u,1,u,u
28,bindings,CONFIGURED,PASSED,LOAD,2,1,LONG,SS,u,u,u,1,u,u
28,example,CONFIGURED,PASSED,LOAD,2,1,LONG,SS,u,u,u,1,u,u
28,file_store,CONFIGURED,PASSED,LOAD,2,1,LONG,SS,u,u,u,1,u,u
28,i2c,CONFIGURED,PASSED,LOAD,2,1,LONG,SS,u,u,u,1,u,u
28,log,CONFIGURED,PASSED,LOAD,2,1,LONG,SS,u,u,u,1,u,u
28,param3,CONFIGURED,PASSED,LOAD,2,1,LONG,SS,u,u,u,1,u,u
28,param4,CONFIGURED,PASSED,LOAD,2,1,LONG,SS,u,u,u,1,u,u
28,rparam3,CONFIGURED,PASSED,LOAD,2,1,LONG,SS,u,u,u,1,u,u
28,rparam4,CONFIGURED,PASSED,LOAD,2,1,LONG,SS,u,u,u,1,u,u
28,serialize,CONFIGURED,PASSED,LOAD,2,1,LONG,SS,u,u,u,1,u,u
28,spi,CONFIGURED,PASSED,LOAD,2,1,LONG,SS,u,u,u,1,u,u
28,store,CONFIGURED,PASSED,LOAD,2,1,LONG,SS,u,u,u,1,u,u
28,store_load,CONFIGURED,PASSED,LOAD,2,1,LONG,SS,u,u,u,1,u,u
28,vmem_store_checksum_first,CONFIGURED,PASSED,LOAD,2,1,LONG,SS,u,u,u,1,u,u
28,vmem_store_checksum_last,CONFIGURED,PASSED,LOAD,2,1,LONG,SS,u,u,u,1,u,u
29,bindings,CONFIGURED,PASSED,LOAD,2,1,LONG,IV,u,u,u,u,u,0
29,example,CONFIGURED,PASSED,LOAD,2,1,LONG,IV,u,u,u,u,u,0
29,file_store,CONFIGURED,PASSED,LOAD,2,1,LONG,IV,u,u,u,u,u,0
29,i2c,CONFIGURED,PASSED,LOAD,2,1,LONG,IV,u,u,u,u,u,0
29,log,CONFIGURED,PASSED,LOAD,2,1,LONG,IV,u,u,u,u,u,0
29,param3,CONFIGURED,PASSED,LOAD,2,1,LONG,IV,u,u,u,u,u,0
29,param4,CONFIGURED,PASSED,LOAD,2,1,LONG,IV,u,u,u,u,u,0
29,rparam3,CONFIGURED,PASSED,LOAD,2,1,LONG,IV,u,u,u,u,u,0
29,rparam4,CONFIGURED,PASSED,LOAD,2,1,LONG,IV,u,u,u,u,u,0
29,serialize,CONFIGURED,PASSED,LOAD,2,1,LONG,IV,u,u,u,u,u,0
29,spi,CONFIGURED,PASSED,LOAD,2,1,LONG,IV,u,u,u,u,u,0
29,store,CONFIGURED,PASSED,LOAD,2,1,LONG,IV,u,u,u,u,u,0
29,store_load,CONFIGURED,PASSED,LOAD,2,1,LONG,IV,u,u,u,u,u,0
29,vmem_store_checksum_first,CONFIGURED,PASSED,LOAD,2,1,LONG,IV,u,u,u,u,u,0
29,vmem_store_checksum_last,CONFIGURED,PASSED,LOAD,2,1,LONG,IV,u,u,u,u,u,0
30,bindings,CONFIGURED,PASSED,LOAD,2,1,LONG,VAT,u,u,180,1,u,u
30,example,CONFIGURED,PASSED,LOAD,2,1,LONG,VAT,u,u,180,1,u,u
30,file_store,CONFIGURED,PASSED,LOAD,2,1,LONG,VAT,u,u,180,1,u,u
30,i2c,CONFIGURED,PASSED,LOAD,2,1,LONG,VAT,u,u,180,1,u,u
30,log,CONFIGURED,PASSED,LOAD,2,1,LONG,VAT,u,u,180,1,u,u
30,param3,CONFIGURED,PASSED,LOAD,2,1,LONG,VAT,u,u,180,1,u,u
30,param4,CONFIGURED,PASSED,LOAD,2,1,LONG,VAT,u,u,180,1,u,u
30,rparam3,CONFIGURED,PASSED,LOAD,2,1,LONG,VAT,u,u,180,1,u,u
30,rparam4,CONFIGURED,PASSED,LOAD,2,1,LONG,VAT,u,u,180,1,u,u
30,serialize,CONFIGURED,PASSED,LOAD,2,1,LONG,VAT,u,u,180,1,u,u
30,spi,CONFIGURED,PASSED,LOAD,2,1,LONG,VAT,u,u,180,1,u,u
30,store,CONFIGURED,PASSED,LOAD,2,1,LONG,VAT,u,u,180,1,u,u
30,store_load,CONFIGURED,PASSED,LOAD,2,1,LONG,VAT,u,u,180,1,u,u
30,vmem_store_checksum_first,CONFIGURED,PASSED,LOAD,2,1,LONG,VAT,u,u,180,1,u,u
30,vmem_store_checksum_last,CONFIGURED,PASSED,LOAD,2,1,LONG,VAT,u,u,180,1,u,u
31,bindings,CONFIGURED,PASSED,LOAD,6,1,LONG,SS,u,u,u,1,u,u
31,example,CONFIGURED,PASSED,LOAD,6,1,LONG,SS,u,u,u,1,u,u
31,file_store,CONFIGURED,PASSED,LOAD,6,1,LONG,SS,u,u,u,1,u,u
31,i2c,CONFIGURED,PASSED,LOAD,6,1,LONG,SS,u,u,u,1,u,u
31,log,CONFIGURED,PASSED,LOAD,6,1,LONG,SS,u,u,u,1,u,u
31,param3,CONFIGURED,PASSED,LOAD,6,1,LONG,SS,u,u,u,1,u,u
31,param4,CONFIGURED,PASSED,LOAD,6,1,LONG,SS,u,u,u,1,u,u
31,rparam3,CONFIGURED,PASSED,LOAD,6,1,LONG,SS,u,u,u,1,u,u
31,rparam4,CONFIGURED,FAILED,LOAD,6,1,LONG,SS,u,u,u,1,u,u
31,serialize,CONFIGURED,PASSED,LOAD,6,1,LONG,SS,u,u,u,1,u,u
31,spi,CONFIGURED,PASSED,LOAD,6,1,LONG,SS,u,u,u,1,u,u
31,store,CONFIGURED,PASSED,LOAD,6,1,LONG,SS,u,u,u,1,u,u
31,store_load,CONFIGURED,PASSED,LOAD,6,1,LONG,SS,u,u,u,1,u,u
31,vmem_store_checksum_first,CONFIGURED,PASSED,LOAD,6,1,LONG,SS,u,u,u,1,u,u
31,vmem_store_checksum_last,CONFIGURED,PASSED,LOAD,6,1,LONG,SS,u,u,u,1,u,u
32,bindings,CONFIGURED,PASSED,LOAD,6,1,LONG,SS,u,u,u,-1,u,u
32,example,CONFIGURED,PASSED,LOAD,6,1,LONG,SS,u,u,u,-1,u,u
32,file_store,CONFIGURED,PASSED,LOAD,6,1,LONG,SS,u,u,u,-1,u,u
32,i2c,CONFIGURED,PASSED,LOAD,6,1,LONG,SS,u,u,u,-1,u,u
32,log,CONFIGURED,PASSED,LOAD,6,1,LONG,SS,u,u,u,-1,u,u
32,param3,CONFIGURED,PASSED,LOAD,6,1,LONG,SS,u,u,u,-1,u,u
32,param4,CONFIGURED,PASSED,LOAD,6,1,LONG,SS,u,u,u,-1,u,u
32,rparam3,CONFIGURED,PASSED,LOAD,6,1,LONG,SS,u,u,u,-1,u,u
32,rparam4,CONFIGURED,FAILED,LOAD,6,1,LONG,SS,u,u,u,-1,u,u
32,serialize,CONFIGURED,PASSED,LOAD,6,1,LONG,SS,u,u,u,-1,u,u
32,spi,CONFIGURED,PASSED,LOAD,6,1,LONG,SS,u,u,u,-1,u,u
32,store,CONFIGURED,PASSED,LOAD,6,1,LONG,SS,u,u,u,-1,u,u
32,store_load,CONFIGURED,PASSED,LOAD,6,1,LONG,SS,u,u,u,-1,u,u
32,vmem_store_checksum_first,CONFIGURED,PASSED,LOAD,6,1,LONG,SS,u,u,u,-1,u,u
32,vmem_store_checksum_last,CONFIGURED,PASSED,LOAD,6,1,LONG,SS,u,u,u,-1,u,u
33,bindings,CONFIGURED,PASSED,LOAD,7,1,LONG,SS,u,u,u,1,u,u
33,example,CONFIGURED,PASSED,LOAD,7,1,LONG,SS,u,u,u,1,u,u
33,file_store,CONFIGURED,PASSED,LOAD,7,1,LONG,SS,u,u,u,1,u,u
33,i2c,CONFIGURED,PASSED,LOAD,7,1,LONG,SS,u,u,u,1,u,u
33,log,CONFIGURED,PASSED,LOAD,7,1,LONG,SS,u,u,u,1,u,u
33,param3,CONFIGURED,PASSED,LOAD,7,1,LONG,SS,u,u,u,1,u,u
33,param4,CONFIGURED,PASSED,LOAD,7,1,LONG,SS,u,u,u,1,u,u
33,rparam3,CONFIGURED,PASSED,LOAD,7,1,LONG,SS,u,u,u,1,u,u
33,rparam4,CONFIGURED,FAILED,LOAD,7,1,LONG,SS,u,u,u,1,u,u
33,serialize,CONFIGURED,PASSED,LOAD,7,1,LONG,SS,u,u,u,1,u,u
33,spi,CONFIGURED,PASSED,LOAD,7,1,LONG,SS,u,u,u,1,u,u
33,store,CONFIGURED,PASSED,LOAD,7,1,LONG,SS,u,u,u,1,u,u
33,store_load,CONFIGURED,PASSED,LOAD,7,1,LONG,SS,u,u,u,1,u,u
33,vmem_store_checksum_first,CONFIGURED,PASSED,LOAD,7,1,LONG,SS,u,u,u,1,u,u
33,vmem_store_checksum_last,CONFIGURED,PASSED,LOAD,7,1,LONG,SS,u,u,u,1,u,u
34,bindings,CONFIGURED,PASSED,LOAD,7,1,LONG,SS,u,u,u,-1,u,u
34,example,CONFIGURED,PASSED,LOAD,7,1,LONG,SS,u,u,u,-1,u,u
34,file_store,CONFIGURED,PASSED,LOAD,7,1,LONG,SS,u,u,u,-1,u,u
34,i2c,CONFIGURED,PASSED,LOAD,7,1,LONG,SS,u,u,u,-1,u,u
34,log,CONFIGURED,PASSED,LOAD,7,1,LONG,SS,u,u,u,-1,u,u
34,param3,CONFIGURED,PASSED,LOAD,7,1,LONG,SS,u,u,u,-1,u,u
34,param4,CONFIGURED,PASSED,LOAD,7,1,LONG,SS,u,u,u,-1,u,u
34,rparam3,CONFIGURED,PASSED,LOAD,7,1,LONG,SS,u,u,u,-1,u,u
34,rparam4,CONFIGURED,FAILED,LOAD,7,1,LONG,SS,u,u,u,-1,u,u
34,serialize,CONFIGURED,PASSED,LOAD,7,1,LONG,SS,u,u,u,-1,u,u
34,spi,CONFIGURED,PASSED,LOAD,7,1,LONG,SS,u,u,u,-1,u,u
34,store,CONFIGURED,PASSED,LOAD,7,1,LONG,SS,u,u,u,-1,u,u
34,store_load,CONFIGURED,PASSED,LOAD,7,1,LONG,SS,u,u,u,-1,u,u
34,vmem_store_checksum_first,CONFIGURED,PASSED,LOAD,7,1,LONG,SS,u,u,u,-1,u,u
34,vmem_store_checksum_last,CONFIGURED,PASSED,LOAD,7,1,LONG,SS,u,u,u,-1,u,u
