host_table.mut.200.1_1_13.SDL.param_table_init_or_create|.;0;0;0;0;0;0
host_table.mut.54.1_1_9.SDL.gs_param_table_by_id|.;0;0;0;0;0;0
host_table.mut.121.1_1_5.SDL.gs_param_table_by_name|.;0;0;0;0;0;0
host_table.mut.114.1_1_5.SDL.gs_param_table_by_name2|.;0;0;0;0;0;0
host_table.mut.136.1_1_5.SDL.gs_param_table_memory_initialize|.;0;0;0;0;0;0
host_table.mut.203.1_1_13.SDL.param_table_init_or_create|.;0;1;1;1;1;1
host_table.mut.128.1_1_9.SDL.gs_param_table_memory_initialize_zero|.;0;0;0;0;0;0
host_table.mut.102.1_1_9.SDL.gs_param_table_by_name2|.;0;0;0;0;0;0
host_table.mut.244.1_1_5.SDL.param_table_init_or_create|.;0;0;0;0;0;0
host_table.mut.211.1_1_9.SDL.param_table_init_or_create|.;0;0;0;0;0;0
host_table.mut.350.1_1_17.SDL.gs_param_table_copy_from_memory|.;0;0;0;0;0;0
host_table.mut.206.1_1_21.SDL.param_table_init_or_create|.;0;0;0;0;0;0
host_table.mut.287.1_1_9.SDL.gs_param_table_get_name|.;0;0;0;0;0;0
host_table.mut.58.1_1_9.SDL.gs_param_table_by_id|.;0;0;0;0;0;0
host_table.mut.271.1_1_13.SDL.gs_param_table_create|.;0;0;0;0;0;0
host_table.mut.334.1_2_56.SDL.gs_param_table_copy_from_memory|.;1;1;1;1;1;1
host_table.mut.159.1_1_9.SDL.gs_param_table_memory_initialize|.;0;0;0;0;0;0
host_table.mut.53.1_1_5.SDL.gs_param_table_by_id|.;0;0;0;0;0;0
host_table.mut.126.1_1_5.SDL.gs_param_table_memory_initialize_zero|.;0;0;0;0;0;0
host_table.mut.172.1_1_5.SDL.param_table_init_or_create|.;0;0;0;0;0;0
host_table.mut.87.1_1_13.SDL.gs_param_table_by_name2|.;0;0;0;0;0;0
host_table.mut.242.1_1_5.SDL.param_table_init_or_create|.;0;0;0;0;0;0
host_table.mut.241.1_1_5.SDL.param_table_init_or_create|.;0;0;0;0;0;0
host_table.mut.240.1_1_5.SDL.param_table_init_or_create|.;0;0;0;0;0;0
host_table.mut.389.1_1_9.SDL.gs_param_table_call_callback_for_all_addresses|.;0;0;0;0;0;0
host_table.mut.367.1_1_13.SDL.gs_param_table_copy_from_memory|.;0;0;0;0;0;0
host_table.mut.280.1_2_35.SDL.gs_param_table_init|.;1;1;1;1;1;1
host_table.mut.302.1_2_35.SDL.gs_param_table_copy_to_memory|.;1;1;1;1;1;1
host_table.mut.311.1_2_47.SDL.gs_param_table_copy_to_memory|.;0;0;0;0;0;0
host_table.mut.216.1_1_5.SDL.param_table_init_or_create|.;0;0;0;1;1;1
host_table.mut.243.1_1_5.SDL.param_table_init_or_create|.;0;0;0;0;0;0
host_table.mut.185.1_1_13.SDL.param_table_init_or_create|.;0;0;0;0;0;0
host_table.mut.89.1_1_21.SDL.gs_param_table_by_name2|.;0;0;0;0;0;0
host_table.mut.305.1_1_5.SDL.gs_param_table_copy_to_memory|.;0;0;0;0;0;0
host_table.mut.154.1_1_9.SDL.gs_param_table_memory_initialize|.;0;0;0;0;0;0
host_table.mut.99.1_1_9.SDL.gs_param_table_by_name2|.;0;0;0;0;0;0
host_table.mut.185.1_2_124.SDL.param_table_init_or_create|.;1;1;1;1;1;1
host_table.mut.204.1_1_13.SDL.param_table_init_or_create|.;0;0;0;0;0;0
host_table.mut.302.1_1_5.SDL.gs_param_table_copy_to_memory|.;0;0;0;0;0;0
host_table.mut.144.1_1_13.SDL.gs_param_table_memory_initialize|.;0;0;0;0;0;0
host_table.mut.321.1_1_13.SDL.gs_param_table_copy_to_memory|.;0;0;0;0;0;0
host_table.mut.334.1_1_5.SDL.gs_param_table_copy_from_memory|.;0;0;0;0;0;0
host_table.mut.297.1_1_5.SDL.gs_param_table_get_id|.;0;0;0;0;0;0
host_table.mut.391.1_1_5.SDL.gs_param_table_call_callback_for_all_addresses|.;0;0;0;0;0;0
host_table.mut.72.1_1_17.SDL.gs_param_table_iterate|.;0;0;0;0;0;0
host_table.mut.341.1_1_5.SDL.gs_param_table_copy_from_memory|.;0;0;0;0;0;0
host_table.mut.223.1_1_9.SDL.param_table_init_or_create|.;0;0;0;0;0;0
host_table.mut.250.1_1_9.SDL.param_table_init_or_create|.;0;0;0;0;0;0
host_table.mut.361.1_1_13.SDL.gs_param_table_copy_from_memory|.;0;0;0;0;0;0
host_table.mut.142.1_1_9.SDL.gs_param_table_memory_initialize|.;0;0;0;0;0;0
host_table.mut.83.1_1_5.SDL.gs_param_table_by_name2|.;0;0;0;0;0;0
host_table.mut.286.1_1_5.SDL.gs_param_table_get_name|.;0;0;0;0;0;0
host_table.mut.44.1_1_5.SDL.gs_param_table_raw|.;0;0;0;0;0;0
host_table.mut.378.1_1_5.SDL.gs_param_table_call_callback_for_all_addresses|.;0;0;0;0;0;0
host_table.mut.199.1_1_9.SDL.param_table_init_or_create|.;0;0;0;0;0;0
host_table.mut.344.1_2_47.SDL.gs_param_table_copy_from_memory|.;0;0;0;0;0;0
host_table.mut.268.1_1_5.SDL.gs_param_table_create|.;0;0;0;0;0;0
host_table.mut.358.1_1_17.SDL.gs_param_table_copy_from_memory|.;0;0;0;0;0;0
host_table.mut.234.1_1_5.SDL.param_table_init_or_create|.;0;0;0;0;0;0
host_table.mut.107.1_1_9.SDL.gs_param_table_by_name2|.;0;0;0;0;0;0
host_table.mut.62.1_1_5.SDL.gs_param_table_by_id|.;0;0;0;0;0;0
host_table.mut.232.1_1_5.SDL.param_table_init_or_create|.;0;0;0;0;0;0
host_table.mut.249.1_1_5.SDL.param_table_init_or_create|.;0;0;0;0;0;0
host_table.mut.90.1_1_21.SDL.gs_param_table_by_name2|.;0;0;0;0;0;0
host_table.mut.71.1_1_17.SDL.gs_param_table_iterate|.;0;0;0;0;0;0
host_table.mut.39.1_1_5.SDL.gs_param_table_max_instances|.;0;0;0;0;0;0
host_table.mut.336.1_1_5.SDL.gs_param_table_copy_from_memory|.;0;0;0;0;0;0
host_table.mut.145.1_1_13.SDL.gs_param_table_memory_initialize|.;0;0;0;0;0;0
host_table.mut.313.1_1_9.SDL.gs_param_table_copy_to_memory|.;0;0;0;0;0;0
host_table.mut.233.1_1_5.SDL.param_table_init_or_create|.;0;0;0;0;0;0
host_table.mut.170.1_1_5.SDL.param_table_init_or_create|.;0;0;0;0;0;0
host_table.mut.270.1_1_9.SDL.gs_param_table_create|.;0;0;0;0;0;0
host_table.mut.131.1_1_5.SDL.gs_param_table_memory_initialize_zero|.;0;0;0;0;0;0
host_table.mut.45.1_1_9.SDL.gs_param_table_raw|.;0;0;0;0;0;0
host_table.mut.258.1_1_9.SDL.param_table_init_or_create|.;0;0;0;0;0;0
host_table.mut.181.1_1_9.SDL.param_table_init_or_create|.;0;0;0;0;0;0
host_table.mut.136.1_2_35.SDL.gs_param_table_memory_initialize|.;1;1;1;1;1;1
host_table.mut.170.1_2_33.SDL.param_table_init_or_create|.;1;1;1;1;1;1
host_table.mut.193.1_1_9.SDL.param_table_init_or_create|.;0;0;0;0;0;0
host_table.mut.255.1_1_5.SDL.param_table_init_or_create|.;0;0;0;0;0;0
host_table.mut.226.1_1_9.SDL.param_table_init_or_create|.;0;0;0;0;0;0
host_table.mut.20.1_1_5.SDL.gs_param_host_init|.;0;0;0;0;0;0
host_table.mut.294.1_1_5.SDL.gs_param_table_get_id|.;0;0;0;0;0;0
host_table.mut.274.1_1_5.SDL.gs_param_table_create|.;0;1;1;0;0;1
host_table.mut.59.1_1_13.SDL.gs_param_table_by_id|.;0;0;0;0;0;0
host_table.mut.174.1_1_5.SDL.param_table_init_or_create|.;0;0;0;0;0;0
host_table.mut.151.1_1_13.SDL.gs_param_table_memory_initialize|.;0;0;0;0;0;0
host_table.mut.162.1_1_5.SDL.gs_param_table_memory_initialize|.;0;0;0;0;0;0
host_table.mut.349.1_1_13.SDL.gs_param_table_copy_from_memory|.;0;0;0;0;0;0
host_table.mut.184.1_1_9.SDL.param_table_init_or_create|.;0;0;0;0;0;0
host_table.mut.155.1_1_13.SDL.gs_param_table_memory_initialize|.;0;0;0;0;0;0
host_table.mut.239.1_1_5.SDL.param_table_init_or_create|.;0;0;0;0;0;0
host_table.mut.333.1_2_35.SDL.gs_param_table_copy_from_memory|.;1;1;1;1;1;1
host_table.mut.355.1_1_17.SDL.gs_param_table_copy_from_memory|.;0;0;0;0;0;0
host_table.mut.382.1_2_51.SDL.gs_param_table_call_callback_for_all_addresses|.;0;0;0;0;0;0
host_table.mut.69.1_1_9.SDL.gs_param_table_iterate|.;0;0;0;0;0;0
host_table.mut.236.1_1_5.SDL.param_table_init_or_create|.;0;0;0;0;0;0
host_table.mut.127.1_1_9.SDL.gs_param_table_memory_initialize_zero|.;0;0;0;0;0;0
host_table.mut.78.1_1_5.SDL.gs_param_table_iterate|.;0;0;0;0;0;0
host_table.mut.207.1_1_21.SDL.param_table_init_or_create|.;0;0;0;0;0;0
host_table.mut.227.1_1_9.SDL.param_table_init_or_create|.;0;0;0;0;0;0
host_table.mut.150.1_1_9.SDL.gs_param_table_memory_initialize|.;0;0;0;0;0;0
host_table.mut.205.1_1_17.SDL.param_table_init_or_create|.;0;0;0;0;0;0
host_table.mut.295.1_1_9.SDL.gs_param_table_get_id|.;0;0;0;0;0;0
host_table.mut.92.1_1_17.SDL.gs_param_table_by_name2|.;0;0;0;0;0;0
host_table.mut.222.1_1_5.SDL.param_table_init_or_create|.;0;0;0;0;0;0
host_table.mut.373.1_1_5.SDL.gs_param_table_copy_from_memory|.;0;0;0;0;0;0
host_table.mut.143.1_1_13.SDL.gs_param_table_memory_initialize|.;0;0;0;0;0;0
host_table.mut.68.1_1_5.SDL.gs_param_table_iterate|.;0;0;0;0;0;0
host_table.mut.346.1_1_9.SDL.gs_param_table_copy_from_memory|.;0;0;0;0;0;0
host_table.mut.380.1_1_9.SDL.gs_param_table_call_callback_for_all_addresses|.;0;0;0;0;0;0
host_table.mut.303.1_2_56.SDL.gs_param_table_copy_to_memory|.;1;1;1;1;1;1
host_table.mut.261.1_1_5.SDL.param_table_init_or_create|.;0;0;0;0;0;0
host_table.mut.245.1_1_5.SDL.param_table_init_or_create|.;0;0;0;0;0;0
host_table.mut.70.1_1_13.SDL.gs_param_table_iterate|.;0;0;0;0;0;0
host_table.mut.30.1_1_5.SDL.gs_param_table_lock_init|.;0;0;0;0;0;0
host_table.mut.316.1_1_13.SDL.gs_param_table_copy_to_memory|.;0;0;0;0;0;0
host_table.mut.257.1_1_5.SDL.param_table_init_or_create|.;0;0;0;0;0;0
host_table.mut.253.1_1_5.SDL.param_table_init_or_create|.;0;0;0;0;0;0
host_table.mut.247.1_1_5.SDL.param_table_init_or_create|.;0;0;0;0;0;0
host_table.mut.384.1_1_13.SDL.gs_param_table_call_callback_for_all_addresses|.;0;0;0;0;0;0
host_table.mut.235.1_1_5.SDL.param_table_init_or_create|.;0;0;0;0;0;0
host_table.mut.333.1_1_5.SDL.gs_param_table_copy_from_memory|.;0;0;0;0;0;0
host_table.mut.280.1_1_5.SDL.gs_param_table_init|.;0;0;0;0;0;0
host_table.mut.33.1_1_5.SDL.gs_param_table_lock_init|.;0;1;1;1;1;1
host_table.mut.327.1_1_5.SDL.gs_param_table_copy_to_memory|.;0;0;0;0;0;0
host_table.mut.386.1_1_17.SDL.gs_param_table_call_callback_for_all_addresses|.;0;0;0;0;0;0
host_table.mut.86.1_1_9.SDL.gs_param_table_by_name2|.;0;0;0;0;0;0
host_table.mut.88.1_1_17.SDL.gs_param_table_by_name2|.;0;0;0;0;0;0
host_table.mut.246.1_1_5.SDL.param_table_init_or_create|.;0;0;0;0;0;0
host_table.mut.308.1_1_5.SDL.gs_param_table_copy_to_memory|.;0;0;0;0;0;0
host_table.mut.303.1_1_5.SDL.gs_param_table_copy_to_memory|.;0;0;0;0;0;0
host_table.mut.189.1_1_9.SDL.param_table_init_or_create|.;0;0;0;0;0;0
host_table.mut.57.1_1_5.SDL.gs_param_table_by_id|.;0;0;0;0;0;0
host_table.mut.158.1_1_5.SDL.gs_param_table_memory_initialize|.;0;0;0;0;0;0
host_table.mut.182.1_1_13.SDL.param_table_init_or_create|.;0;0;0;0;0;0
host_table.mut.281.1_1_5.SDL.gs_param_table_init|.;0;0;0;0;0;0
host_table.mut.18.1_1_5.SDL.gs_param_host_init|.;0;0;0;0;0;0
store.mut.200.1_1_5.SDL.gs_param_table_load_fallback|./store;0;0;0;0;0;0
store.mut.273.1_2_35.SDL.gs_param_table_check|./store;1;1;1;1;1;1
store.mut.332.1_1_5.SDL.gs_param_store_clear|./store;0;0;0;0;0;0
store.mut.107.1_1_9.SDL.gs_param_store_load_auto_persist|./store;0;0;0;0;0;0
store.mut.302.1_1_9.SDL.gs_param_table_check_all|./store;0;0;0;0;0;0
store.mut.140.1_1_5.SDL.gs_param_table_load|./store;0;0;0;0;0;0
store.mut.148.1_1_5.SDL.gs_param_table_load|./store;0;0;0;0;0;0
store.mut.183.1_1_13.SDL.gs_param_table_load_fallback|./store;0;0;0;0;0;0
store.mut.90.1_1_5.SDL.get_slot|./store;0;0;0;0;0;0
store.mut.283.1_1_9.SDL.gs_param_table_check|./store;0;0;0;0;0;0
store.mut.371.1_1_9.SDL.gs_param_store_info|./store;0;0;0;0;0;0
store.mut.239.1_1_5.SDL.gs_param_table_save|./store;0;0;0;0;0;0
store.mut.51.1_1_5.SDL.find_store|./store;0;0;0;0;0;0
store.mut.277.1_1_9.SDL.gs_param_table_check|./store;0;0;0;0;0;0
store.mut.222.1_1_13.SDL.gs_param_table_save|./store;0;0;0;0;0;0
store.mut.31.1_1_17.SDL.find_store|./store;0;0;0;0;0;0
store.mut.369.1_1_13.SDL.gs_param_store_info|./store;0;0;0;0;0;0
store.mut.95.1_1_5.SDL.get_slot|./store;0;0;0;0;0;0
store.mut.86.1_1_9.SDL.get_slot|./store;0;0;0;0;0;0
store.mut.43.1_1_9.SDL.find_store|./store;0;0;0;0;0;0
store.mut.252.1_1_9.SDL.gs_param_table_save_all|./store;0;0;0;0;0;0
store.mut.72.1_1_13.SDL.get_store_by_index|./store;0;0;0;0;0;0
store.mut.119.1_1_5.SDL.gs_param_store_load_auto_persist|./store;0;0;0;0;0;0
store.mut.214.1_1_5.SDL.gs_param_table_save|./store;0;0;0;0;0;0
store.mut.255.1_1_9.SDL.gs_param_table_save_all|./store;0;0;0;0;0;0
store.mut.303.1_1_13.SDL.gs_param_table_check_all|./store;0;0;0;0;0;0
store.mut.67.1_1_13.SDL.get_store_by_index|./store;0;0;0;0;0;0
store.mut.136.1_1_9.SDL.gs_param_table_load|./store;0;0;0;0;0;0
store.mut.66.1_1_9.SDL.get_store_by_index|./store;0;0;0;0;0;0
store.mut.153.1_2_110.SDL.gs_param_table_load|./store;1;1;1;1;1;1
store.mut.120.1_1_9.SDL.gs_param_store_load_auto_persist|./store;0;0;0;0;0;0
store.mut.182.1_1_13.SDL.gs_param_table_load_fallback|./store;0;0;0;0;0;0
store.mut.228.1_1_9.SDL.gs_param_table_save|./store;0;0;0;0;0;0
store.mut.28.1_1_13.SDL.find_store|./store;0;0;0;0;0;0
store.mut.111.1_1_5.SDL.gs_param_store_load_auto_persist|./store;0;0;0;0;0;0
store.mut.34.1_1_17.SDL.find_store|./store;0;0;0;0;0;0
store.mut.25.1_1_5.SDL.find_store|./store;0;0;0;0;0;0
store.mut.245.1_2_35.SDL.gs_param_table_save_all|./store;1;1;1;1;1;1
store.mut.320.1_1_5.SDL.gs_param_table_check_all|./store;0;0;0;0;0;0
store.mut.189.1_1_5.SDL.gs_param_table_load_fallback|./store;0;0;0;0;0;0
store.mut.169.1_1_5.SDL.gs_param_table_load_fallback|./store;0;0;0;0;0;0
store.mut.83.1_1_5.SDL.get_slot|./store;0;0;0;0;0;0
store.mut.227.1_1_5.SDL.gs_param_table_save|./store;0;0;0;0;0;0
store.mut.257.1_1_9.SDL.gs_param_table_save_all|./store;0;0;0;0;0;0
store.mut.262.1_1_5.SDL.gs_param_table_save_all|./store;0;0;0;0;0;0
store.mut.307.1_1_13.SDL.gs_param_table_check_all|./store;0;0;0;0;0;0
store.mut.276.1_1_5.SDL.gs_param_table_check|./store;0;0;0;0;0;0
store.mut.169.1_2_35.SDL.gs_param_table_load_fallback|./store;1;1;1;1;1;1
store.mut.286.1_1_5.SDL.gs_param_table_check|./store;0;0;0;0;0;0
store.mut.60.1_1_13.SDL.get_store_by_index|./store;0;0;0;0;0;0
store.mut.353.1_1_9.SDL.store_info|./store;0;0;0;0;0;0
store.mut.141.1_1_9.SDL.gs_param_table_load|./store;0;0;0;0;0;0
store.mut.314.1_1_13.SDL.gs_param_table_check_all|./store;0;0;0;0;0;0
store.mut.220.1_1_9.SDL.gs_param_table_save|./store;0;0;0;0;0;0
store.mut.155.1_1_9.SDL.gs_param_table_load|./store;0;0;0;0;0;0
store.mut.27.1_1_9.SDL.find_store|./store;0;0;0;0;0;0
store.mut.84.1_1_9.SDL.get_slot|./store;0;0;0;0;0;0
store.mut.38.1_1_13.SDL.find_store|./store;0;0;0;0;0;0
store.mut.74.1_1_13.SDL.get_store_by_index|./store;0;0;0;0;0;0
store.mut.306.1_1_9.SDL.gs_param_table_check_all|./store;0;0;0;0;0;0
store.mut.115.1_1_5.SDL.gs_param_store_load_auto_persist|./store;0;0;0;0;0;0
store.mut.215.1_1_9.SDL.gs_param_table_save|./store;0;0;0;0;0;0
store.mut.282.1_1_5.SDL.gs_param_table_check|./store;0;0;0;0;0;0
store.mut.219.1_1_5.SDL.gs_param_table_save|./store;0;0;0;0;0;0
store.mut.116.1_1_9.SDL.gs_param_store_load_auto_persist|./store;0;0;0;0;0;0
store.mut.211.1_1_5.SDL.gs_param_table_save|./store;0;0;0;0;0;0
store.mut.57.1_1_5.SDL.get_store_by_index|./store;0;0;0;0;0;0
store.mut.300.1_1_5.SDL.gs_param_table_check_all|./store;0;0;0;0;0;0
store.mut.77.1_1_5.SDL.get_store_by_index|./store;0;0;0;0;0;0
store.mut.44.1_1_13.SDL.find_store|./store;0;0;0;0;0;0
store.mut.192.1_1_13.SDL.gs_param_table_load_fallback|./store;0;0;0;0;0;0
store.mut.18.1_1_5.SDL.gs_param_store_register|./store;0;0;0;0;0;0
store.mut.204.1_1_5.SDL.gs_param_table_load_fallback|./store;0;0;0;0;0;0
store.mut.46.1_1_9.SDL.find_store|./store;0;0;0;0;0;0
store.mut.368.1_1_13.SDL.gs_param_store_info|./store;0;0;0;0;0;0
store.mut.352.1_1_5.SDL.store_info|./store;0;0;0;0;0;0
store.mut.349.1_1_5.SDL.store_info|./store;0;0;0;0;0;0
store.mut.296.1_1_5.SDL.gs_param_table_check_all|./store;0;0;0;0;0;0
store.mut.29.1_1_17.SDL.find_store|./store;0;0;0;0;0;0
store.mut.232.1_1_9.SDL.gs_param_table_save|./store;0;0;0;0;0;0
store.mut.149.1_1_9.SDL.gs_param_table_load|./store;0;0;0;0;0;0
store.mut.190.1_1_9.SDL.gs_param_table_load_fallback|./store;0;0;0;0;0;0
store.mut.325.1_1_5.SDL.gs_param_store_clear|./store;0;0;0;0;0;0
store.mut.63.1_1_5.SDL.get_store_by_index|./store;0;0;0;0;0;0
store.mut.153.1_1_9.SDL.gs_param_table_load|./store;0;0;0;0;0;0
store.mut.179.1_1_13.SDL.gs_param_table_load_fallback|./store;0;0;0;0;0;0
store.mut.250.1_1_5.SDL.gs_param_table_save_all|./store;0;0;0;0;0;0
store.mut.105.1_1_5.SDL.gs_param_store_load_auto_persist|./store;0;0;0;0;0;0
store.mut.163.1_1_5.SDL.gs_param_table_load|./store;0;0;0;0;0;0
store.mut.35.1_1_17.SDL.find_store|./store;0;0;0;0;0;0
store.mut.195.1_1_9.SDL.gs_param_table_load_fallback|./store;0;0;0;0;0;0
store.mut.350.1_1_9.SDL.store_info|./store;0;0;0;0;0;0
store.mut.132.1_2_35.SDL.gs_param_table_load|./store;1;1;1;1;1;1
store.mut.159.1_1_9.SDL.gs_param_table_load|./store;0;0;0;0;0;0
store.mut.339.1_1_5.SDL.gs_param_store_lock|./store;0;0;0;0;0;0
store.mut.198.1_1_5.SDL.gs_param_table_load_fallback|./store;0;0;0;0;0;0
store.mut.364.1_1_9.SDL.gs_param_store_info|./store;0;0;0;0;0;0
store.mut.101.1_1_5.SDL.gs_param_store_load_auto_persist|./store;0;0;0;0;0;0
store.mut.253.1_1_13.SDL.gs_param_table_save_all|./store;0;0;0;0;0;0
store.mut.362.1_1_9.SDL.gs_param_store_info|./store;0;0;0;0;0;0
store.mut.36.1_1_17.SDL.find_store|./store;0;0;0;0;0;0
store.mut.91.1_1_9.SDL.get_slot|./store;0;0;0;0;0;0
store.mut.342.1_1_5.SDL.gs_param_store_lock|./store;0;0;0;0;0;0
store.mut.125.1_1_5.SDL.gs_param_store_load_auto_persist|./store;0;1;1;1;1;1
store.mut.73.1_1_13.SDL.get_store_by_index|./store;0;0;0;0;0;0
store.mut.375.1_1_5.SDL.gs_param_store_info|./store;0;0;0;0;0;0
store.mut.191.1_1_9.SDL.gs_param_table_load_fallback|./store;0;0;0;0;0;0
store.mut.58.1_1_9.SDL.get_store_by_index|./store;0;0;0;0;0;0
store.mut.273.1_1_5.SDL.gs_param_table_check|./store;0;0;0;0;0;0
store.mut.120.1_2_123.SDL.gs_param_store_load_auto_persist|./store;1;1;1;1;1;1
store.mut.201.1_1_9.SDL.gs_param_table_load_fallback|./store;0;0;0;0;0;0
store.mut.59.1_1_9.SDL.get_store_by_index|./store;0;0;0;0;0;0
store.mut.296.1_2_35.SDL.gs_param_table_check_all|./store;1;1;1;1;1;1
store.mut.232.1_2_107.SDL.gs_param_table_save|./store;1;1;1;1;1;1
store.mut.132.1_1_5.SDL.gs_param_table_load|./store;0;0;0;0;0;0
store.mut.340.1_1_9.SDL.gs_param_store_lock|./store;0;0;0;0;0;0
store.mut.177.1_1_9.SDL.gs_param_table_load_fallback|./store;0;0;0;0;0;0
store.mut.33.1_1_13.SDL.find_store|./store;0;0;0;0;0;0
store.mut.173.1_1_5.SDL.gs_param_table_load_fallback|./store;0;0;0;0;0;0
store.mut.102.1_1_9.SDL.gs_param_store_load_auto_persist|./store;0;0;0;0;0;0
store.mut.184.1_1_17.SDL.gs_param_table_load_fallback|./store;0;0;0;0;0;0
store.mut.325.1_2_51.SDL.gs_param_store_clear|./store;1;1;1;1;1;1
store.mut.211.1_2_35.SDL.gs_param_table_save|./store;1;1;1;1;1;1
store.mut.135.1_1_5.SDL.gs_param_table_load|./store;0;0;0;0;0;0
store.mut.291.1_1_5.SDL.gs_param_table_check|./store;0;0;0;0;0;0
store.mut.315.1_1_17.SDL.gs_param_table_check_all|./store;0;0;0;0;0;0
store.mut.156.1_1_13.SDL.gs_param_table_load|./store;0;0;0;0;0;0
store.mut.180.1_1_17.SDL.gs_param_table_load_fallback|./store;0;0;0;0;0;0
store.mut.30.1_1_17.SDL.find_store|./store;0;0;0;0;0;0
store.mut.143.1_1_13.SDL.gs_param_table_load|./store;0;0;0;0;0;0
store.mut.312.1_1_9.SDL.gs_param_table_check_all|./store;0;0;0;0;0;0
store.mut.19.1_1_5.SDL.gs_param_store_register|./store;0;0;0;0;0;0
store.mut.152.1_1_5.SDL.gs_param_table_load|./store;0;0;0;0;0;0
store.mut.221.1_1_9.SDL.gs_param_table_save|./store;0;0;0;0;0;0
store.mut.361.1_1_5.SDL.gs_param_store_info|./store;0;0;0;0;0;0
store.mut.71.1_1_9.SDL.get_store_by_index|./store;0;0;0;0;0;0
store.mut.266.1_1_5.SDL.gs_param_table_save_all|./store;0;0;0;0;0;0
store.mut.69.1_1_13.SDL.get_store_by_index|./store;0;0;0;0;0;0
store.mut.330.1_1_9.SDL.gs_param_store_clear|./store;0;0;0;0;0;0
store.mut.367.1_1_9.SDL.gs_param_store_info|./store;0;0;0;0;0;0
store.mut.287.1_1_9.SDL.gs_param_table_check|./store;0;0;0;0;0;0
store.mut.231.1_1_5.SDL.gs_param_table_save|./store;0;0;0;0;0;0
store.mut.329.1_1_5.SDL.gs_param_store_clear|./store;0;0;0;0;0;0
store.mut.245.1_1_5.SDL.gs_param_table_save_all|./store;0;0;0;0;0;0
store.mut.24.1_1_5.SDL.find_store|./store;0;0;0;0;0;0
store.mut.355.1_1_5.SDL.store_info|./store;0;0;0;0;0;0
store.mut.142.1_1_9.SDL.gs_param_table_load|./store;0;0;0;0;0;0
store.mut.234.1_1_9.SDL.gs_param_table_save|./store;0;0;0;0;0;0
filestore_common.mut.20.1_1_5.SDL.gs_param_file_store_clear|./store/file;0;0;0;0;0;0
filestore_common.mut.7.1_1_5.SDL.gs_param_file_store_make_filename|./store/file;0;0;0;0;0;0
filestore_common.mut.22.1_1_5.SDL.gs_param_file_store_clear|./store/file;0;0;0;0;0;0
filestore_common.mut.13.1_1_5.SDL.gs_param_file_store_clear|./store/file;0;0;0;0;0;0
filestore_common.mut.18.1_1_5.SDL.gs_param_file_store_clear|./store/file;0;0;0;0;0;0
filestore_bin.mut.181.1_1_5.SDL.file_store_save|./store/file;0;0;0;0;0;0
filestore_bin.mut.276.1_1_21.SDL.file_store_load_auto_persist|./store/file;0;0;0;0;0;0
filestore_bin.mut.288.1_1_5.SDL.file_store_clear|./store/file;0;0;0;0;0;0
filestore_bin.mut.50.1_1_9.SDL.check_for_accumulative_table_update|./store/file;0;0;0;0;0;0
filestore_bin.mut.205.1_1_5.SDL.file_store_load|./store/file;0;0;0;0;0;0
filestore_bin.mut.125.1_1_9.SDL.file_store_check|./store/file;0;0;0;0;0;0
filestore_bin.mut.186.1_1_5.SDL.file_store_load|./store/file;0;0;0;0;0;0
filestore_bin.mut.92.1_1_5.SDL.file_store_check|./store/file;0;0;0;0;0;0
filestore_bin.mut.277.1_1_25.SDL.file_store_load_auto_persist|./store/file;0;0;0;0;0;0
filestore_bin.mut.217.1_1_21.SDL.file_store_load|./store/file;0;0;0;0;0;0
filestore_bin.mut.48.1_1_5.SDL.check_for_accumulative_table_update|./store/file;0;0;0;0;0;0
filestore_bin.mut.138.1_1_5.SDL.file_store_save|./store/file;0;0;0;0;0;0
filestore_bin.mut.199.1_1_9.SDL.file_store_load|./store/file;0;0;0;0;0;0
filestore_bin.mut.128.1_1_5.SDL.file_store_check|./store/file;0;0;0;0;0;0
filestore_bin.mut.145.1_1_5.SDL.file_store_save|./store/file;0;0;0;0;0;0
filestore_bin.mut.56.1_2_133.SDL.check_for_accumulative_table_update|./store/file;1;1;1;1;1;1
filestore_bin.mut.246.1_1_5.SDL.file_store_load|./store/file;0;0;0;0;0;0
filestore_bin.mut.229.1_1_13.SDL.file_store_load|./store/file;0;0;0;0;0;0
filestore_bin.mut.236.1_1_21.SDL.file_store_load|./store/file;0;0;0;0;0;0
filestore_bin.mut.121.1_1_9.SDL.file_store_check|./store/file;0;0;0;0;0;0
filestore_bin.mut.215.1_1_17.SDL.file_store_load|./store/file;0;0;0;0;0;0
filestore_bin.mut.155.1_1_5.SDL.file_store_save|./store/file;0;0;0;0;0;0
filestore_bin.mut.86.1_1_5.SDL.file_store_auto_persist_set|./store/file;0;0;0;0;0;0
filestore_bin.mut.260.1_1_5.SDL.file_store_load_auto_persist|./store/file;0;0;0;0;0;0
filestore_bin.mut.143.1_1_5.SDL.file_store_save|./store/file;0;0;0;0;0;0
filestore_bin.mut.225.1_1_21.SDL.file_store_load|./store/file;0;0;0;0;0;0
filestore_bin.mut.122.1_1_9.SDL.file_store_check|./store/file;0;0;0;0;0;0
filestore_bin.mut.57.1_1_17.SDL.check_for_accumulative_table_update|./store/file;0;0;0;0;0;0
filestore_bin.mut.56.1_1_17.SDL.check_for_accumulative_table_update|./store/file;0;0;0;0;0;0
filestore_bin.mut.175.1_1_5.SDL.file_store_save|./store/file;0;0;0;0;0;0
filestore_bin.mut.265.1_1_5.SDL.file_store_load_auto_persist|./store/file;0;0;0;0;0;0
filestore_bin.mut.116.1_1_9.SDL.file_store_check|./store/file;0;0;0;0;0;0
filestore_bin.mut.69.1_1_5.SDL.file_store_auto_persist_set|./store/file;0;0;0;0;0;0
filestore_bin.mut.154.1_1_5.SDL.file_store_save|./store/file;0;0;0;0;0;0
filestore_bin.mut.210.1_1_9.SDL.file_store_load|./store/file;0;0;0;0;0;0
filestore_bin.mut.213.1_1_13.SDL.file_store_load|./store/file;0;0;0;0;0;0
filestore_bin.mut.174.1_1_5.SDL.file_store_save|./store/file;0;0;0;0;0;0
filestore_bin.mut.270.1_2_45.SDL.file_store_load_auto_persist|./store/file;0;0;0;0;0;0
filestore_bin.mut.161.1_1_5.SDL.file_store_save|./store/file;0;0;0;0;0;0
filestore_bin.mut.31.1_1_9.SDL.calculate_table_desc_checksum_be|./store/file;0;0;0;0;0;0
filestore_bin.mut.171.1_1_5.SDL.file_store_save|./store/file;0;1;1;1;1;1
filestore_bin.mut.103.1_1_5.SDL.file_store_check|./store/file;0;0;0;0;0;0
filestore_bin.mut.167.1_1_5.SDL.file_store_save|./store/file;0;0;0;0;0;0
filestore_bin.mut.173.1_1_5.SDL.file_store_save|./store/file;0;0;0;0;0;0
filestore_bin.mut.32.1_1_9.SDL.calculate_table_desc_checksum_be|./store/file;0;0;0;0;0;0
filestore_bin.mut.272.1_1_13.SDL.file_store_load_auto_persist|./store/file;0;0;0;0;0;0
filestore_bin.mut.168.1_1_5.SDL.file_store_save|./store/file;0;0;0;0;0;0
filestore_bin.mut.28.1_1_5.SDL.calculate_table_desc_checksum_be|./store/file;0;0;0;0;0;0
filestore_bin.mut.245.1_1_5.SDL.file_store_load|./store/file;0;0;0;0;0;0
filestore_bin.mut.74.1_1_5.SDL.file_store_auto_persist_set|./store/file;0;0;0;0;0;0
filestore_bin.mut.253.1_1_5.SDL.file_store_load_auto_persist|./store/file;0;0;0;0;0;0
filestore_bin.mut.79.1_1_5.SDL.file_store_auto_persist_set|./store/file;0;0;0;0;0;0
filestore_bin.mut.234.1_1_17.SDL.file_store_load|./store/file;0;0;0;0;0;0
filestore_bin.mut.98.1_1_5.SDL.file_store_check|./store/file;0;0;0;0;0;0
filestore_bin.mut.84.1_1_5.SDL.file_store_auto_persist_set|./store/file;0;0;0;0;0;0
filestore_bin.mut.159.1_1_5.SDL.file_store_save|./store/file;0;0;0;0;0;0
filestore_bin.mut.191.1_1_5.SDL.file_store_load|./store/file;0;0;0;0;0;0
filestore_bin.mut.133.1_1_5.SDL.file_store_save|./store/file;0;0;0;0;0;0
filestore_bin.mut.106.1_1_5.SDL.file_store_check|./store/file;0;0;0;0;0;0
filestore_bin.mut.258.1_1_5.SDL.file_store_load_auto_persist|./store/file;0;0;0;0;0;0
filestore_bin.mut.283.1_1_5.SDL.file_store_load_auto_persist|./store/file;0;0;0;0;0;0
filestore_bin.mut.35.1_1_5.SDL.calculate_table_desc_checksum_be|./store/file;0;0;0;0;0;0
filestore_bin.mut.107.1_1_9.SDL.file_store_check|./store/file;0;0;0;0;0;0
filestore_bin.mut.119.1_1_5.SDL.file_store_check|./store/file;0;0;0;0;0;0
filestore_bin.mut.275.1_1_17.SDL.file_store_load_auto_persist|./store/file;0;0;0;0;0;0
filestore_bin.mut.231.1_1_17.SDL.file_store_load|./store/file;0;0;0;0;0;0
filestore_bin.mut.162.1_1_5.SDL.file_store_save|./store/file;0;0;0;0;0;0
filestore_bin.mut.267.1_1_9.SDL.file_store_load_auto_persist|./store/file;0;0;0;0;0;0
filestore_bin.mut.115.1_1_5.SDL.file_store_check|./store/file;0;0;0;0;0;0
filestore_bin.mut.55.1_1_17.SDL.check_for_accumulative_table_update|./store/file;0;0;0;0;0;0
filestore_bin.mut.29.1_1_5.SDL.calculate_table_desc_checksum_be|./store/file;0;0;0;0;0;0
filestore_bin.mut.53.1_1_13.SDL.check_for_accumulative_table_update|./store/file;0;0;0;0;0;0
filestore_bin.mut.123.1_1_9.SDL.file_store_check|./store/file;0;0;0;0;0;0
filestore_bin.mut.62.1_1_5.SDL.check_for_accumulative_table_update|./store/file;0;0;0;0;0;0
filestore_bin.mut.180.1_1_5.SDL.file_store_save|./store/file;0;0;0;0;0;0
filestore_bin.mut.238.1_1_25.SDL.file_store_load|./store/file;0;0;0;0;0;0
filestore_bin.mut.108.1_1_9.SDL.file_store_check|./store/file;0;0;0;0;0;0
filestore_bin.mut.60.1_1_9.SDL.check_for_accumulative_table_update|./store/file;0;0;0;0;0;0
filestore_bin.mut.196.1_1_5.SDL.file_store_load|./store/file;0;0;0;0;0;0
filestore_bin.mut.223.1_1_17.SDL.file_store_load|./store/file;0;0;0;0;0;0
filestore_bin.mut.109.1_1_13.SDL.file_store_check|./store/file;0;0;0;0;0;0
filestore_bin.mut.112.1_1_9.SDL.file_store_check|./store/file;0;0;0;0;0;0
filestore_bin.mut.198.1_1_5.SDL.file_store_load|./store/file;0;0;0;0;0;0
filestore_cfg.mut.126.1_1_17.SDL.file_store_load|./store/file;0;0;0;0;0;0
filestore_cfg.mut.127.1_1_17.SDL.file_store_load|./store/file;0;0;0;0;0;0
filestore_cfg.mut.115.1_1_13.SDL.file_store_load|./store/file;0;0;0;0;0;0
filestore_cfg.mut.74.1_1_5.SDL.file_store_save|./store/file;0;0;0;0;0;0
filestore_cfg.mut.49.1_1_5.SDL.file_store_save|./store/file;0;0;0;0;0;0
filestore_cfg.mut.86.1_1_5.SDL.file_store_load|./store/file;0;0;0;0;0;0
filestore_cfg.mut.54.1_1_9.SDL.file_store_save|./store/file;0;0;0;0;0;0
filestore_cfg.mut.52.1_1_5.SDL.file_store_save|./store/file;0;0;0;0;0;0
filestore_cfg.mut.136.1_1_5.SDL.file_store_load|./store/file;0;0;0;0;0;0
filestore_cfg.mut.22.1_1_5.SDL.file_store_check|./store/file;0;0;0;0;0;0
filestore_cfg.mut.142.1_1_5.SDL.file_store_load|./store/file;0;0;0;0;0;0
filestore_cfg.mut.62.1_1_13.SDL.file_store_save|./store/file;0;0;0;0;0;0
filestore_cfg.mut.103.1_1_9.SDL.file_store_load|./store/file;0;0;0;0;0;0
filestore_cfg.mut.108.1_1_9.SDL.file_store_load|./store/file;0;0;0;0;0;0
filestore_cfg.mut.36.1_1_5.SDL.file_store_save|./store/file;0;0;0;0;0;0
filestore_cfg.mut.131.1_1_17.SDL.file_store_load|./store/file;0;0;0;0;0;0
filestore_cfg.mut.97.1_1_5.SDL.file_store_load|./store/file;0;0;0;0;0;0
filestore_cfg.mut.63.1_1_17.SDL.file_store_save|./store/file;0;0;0;0;0;0
filestore_cfg.mut.64.1_1_17.SDL.file_store_save|./store/file;0;0;0;0;0;0
filestore_cfg.mut.42.1_1_5.SDL.file_store_save|./store/file;0;0;0;0;0;0
filestore_cfg.mut.107.1_1_9.SDL.file_store_load|./store/file;0;0;0;0;0;0
filestore_cfg.mut.60.1_1_9.SDL.file_store_save|./store/file;0;0;0;0;0;0
filestore_cfg.mut.32.1_1_5.SDL.file_store_save|./store/file;0;0;0;0;0;0
filestore_cfg.mut.94.1_1_9.SDL.file_store_load|./store/file;0;0;0;0;0;0
filestore_cfg.mut.138.1_1_5.SDL.file_store_load|./store/file;0;0;0;0;0;0
filestore_cfg.mut.120.1_2_51.SDL.file_store_load|./store/file;0;0;0;0;0;0
filestore_cfg.mut.65.1_1_21.SDL.file_store_save|./store/file;0;0;0;0;0;0
filestore_cfg.mut.80.1_1_5.SDL.file_store_save|./store/file;0;0;0;0;0;0
filestore_cfg.mut.61.1_1_13.SDL.file_store_save|./store/file;0;0;0;0;0;0
filestore_cfg.mut.44.1_1_5.SDL.file_store_save|./store/file;0;0;0;0;0;0
filestore_cfg.mut.93.1_1_5.SDL.file_store_load|./store/file;0;0;0;0;0;0
filestore_cfg.mut.26.1_1_5.SDL.file_store_check|./store/file;0;0;0;0;0;0
filestore_cfg.mut.115.1_2_17.SDL.file_store_load|./store/file;0;0;0;0;0;0
filestore_cfg.mut.91.1_1_5.SDL.file_store_load|./store/file;0;0;0;0;0;0
filestore_cfg.mut.18.1_1_5.SDL.file_store_check|./store/file;0;0;0;0;0;0
filestore_cfg.mut.123.1_1_13.SDL.file_store_load|./store/file;0;0;0;0;0;0
filestore_cfg.mut.104.1_1_9.SDL.file_store_load|./store/file;0;0;0;0;0;0
filestore_cfg.mut.102.1_1_5.SDL.file_store_load|./store/file;0;0;0;0;0;0
filestore_cfg.mut.72.1_1_5.SDL.file_store_save|./store/file;0;0;0;0;0;0
filestore_cfg.mut.69.1_1_9.SDL.file_store_save|./store/file;0;0;0;0;0;0
filestore_cfg.mut.110.1_1_13.SDL.file_store_load|./store/file;0;0;0;0;0;0
filestore_cfg.mut.56.1_2_47.SDL.file_store_save|./store/file;0;0;0;0;0;0
vmem_common.mut.169.1_1_5.SDL.gs_param_store_vmem_check|./store/vmem;0;0;0;0;0;0
vmem_common.mut.120.1_1_9.SDL.vmem_param_auto_persist_set|./store/vmem;0;0;0;0;0;0
vmem_common.mut.81.1_1_5.SDL.gs_param_store_vmem_clear_slot|./store/vmem;0;0;0;0;0;0
vmem_common.mut.165.1_1_5.SDL.gs_param_store_vmem_check|./store/vmem;0;0;0;0;0;0
vmem_common.mut.17.1_1_9.SDL.gs_param_store_vmem_get_vmem|./store/vmem;0;0;0;0;0;0
vmem_common.mut.88.1_1_13.SDL.gs_param_store_vmem_clear_slot|./store/vmem;0;0;0;0;0;0
vmem_common.mut.158.1_1_5.SDL.gs_param_store_vmem_check|./store/vmem;0;0;0;0;0;0
vmem_common.mut.46.1_1_9.SDL.gs_param_store_vmem_get_vmem_slot|./store/vmem;0;0;0;0;0;0
vmem_common.mut.18.1_1_9.SDL.gs_param_store_vmem_get_vmem|./store/vmem;0;0;0;0;0;0
vmem_common.mut.188.1_1_5.SDL.gs_param_store_vmem_load_auto_persist|./store/vmem;0;0;0;0;0;0
vmem_common.mut.87.1_1_9.SDL.gs_param_store_vmem_clear_slot|./store/vmem;0;0;0;0;0;0
vmem_common.mut.36.1_1_5.SDL.gs_param_store_vmem_get_vmem_slot|./store/vmem;0;0;0;0;0;0
vmem_common.mut.128.1_1_5.SDL.gs_param_store_vmem_check|./store/vmem;0;0;0;0;0;0
vmem_common.mut.112.1_1_5.SDL.vmem_param_auto_persist_set|./store/vmem;0;0;0;0;0;0
vmem_common.mut.153.1_1_13.SDL.gs_param_store_vmem_check|./store/vmem;0;0;0;0;0;0
vmem_common.mut.119.1_1_5.SDL.vmem_param_auto_persist_set|./store/vmem;0;0;0;0;0;0
vmem_common.mut.152.1_1_9.SDL.gs_param_store_vmem_check|./store/vmem;0;0;0;0;0;0
vmem_common.mut.201.1_1_17.SDL.gs_param_store_vmem_load_auto_persist|./store/vmem;0;0;0;0;0;0
vmem_common.mut.183.1_1_5.SDL.gs_param_store_vmem_load_auto_persist|./store/vmem;0;0;0;0;0;0
vmem_common.mut.154.1_1_13.SDL.gs_param_store_vmem_check|./store/vmem;0;0;0;0;0;0
vmem_common.mut.193.1_2_45.SDL.gs_param_store_vmem_load_auto_persist|./store/vmem;0;0;0;0;0;0
vmem_common.mut.171.1_1_9.SDL.gs_param_store_vmem_check|./store/vmem;0;0;0;0;0;0
vmem_common.mut.44.1_1_5.SDL.gs_param_store_vmem_get_vmem_slot|./store/vmem;0;0;0;0;0;0
vmem_common.mut.51.1_1_9.SDL.gs_param_store_vmem_get_vmem_slot|./store/vmem;0;0;0;0;0;0
vmem_common.mut.146.1_1_9.SDL.gs_param_store_vmem_check|./store/vmem;0;0;0;0;0;0
vmem_common.mut.89.1_1_13.SDL.gs_param_store_vmem_clear_slot|./store/vmem;0;0;0;0;0;0
vmem_common.mut.197.1_1_17.SDL.gs_param_store_vmem_load_auto_persist|./store/vmem;0;0;0;0;0;0
vmem_common.mut.60.1_1_5.SDL.gs_param_store_vmem_get_vmem_slot|./store/vmem;0;0;0;0;0;0
vmem_common.mut.29.1_1_5.SDL.validate_vmem_versus_slot|./store/vmem;0;0;0;0;0;0
vmem_common.mut.91.1_1_21.SDL.gs_param_store_vmem_clear_slot|./store/vmem;0;0;0;0;0;0
vmem_common.mut.198.1_1_17.SDL.gs_param_store_vmem_load_auto_persist|./store/vmem;0;0;0;0;0;0
vmem_common.mut.62.1_1_9.SDL.gs_param_store_vmem_get_vmem_slot|./store/vmem;0;0;0;0;0;0
vmem_common.mut.70.1_1_9.SDL.gs_param_store_vmem_get_vmem_slot|./store/vmem;0;0;0;0;0;0
vmem_common.mut.73.1_1_5.SDL.gs_param_store_vmem_get_vmem_slot|./store/vmem;0;0;0;0;0;0
vmem_common.mut.61.1_1_9.SDL.gs_param_store_vmem_get_vmem_slot|./store/vmem;0;0;0;0;0;0
vmem_common.mut.26.1_1_5.SDL.validate_vmem_versus_slot|./store/vmem;0;0;0;0;0;0
vmem_common.mut.161.1_1_5.SDL.gs_param_store_vmem_check|./store/vmem;0;0;0;0;0;0
vmem_common.mut.48.1_1_13.SDL.gs_param_store_vmem_get_vmem_slot|./store/vmem;0;0;0;0;0;0
vmem_common.mut.57.1_1_5.SDL.gs_param_store_vmem_get_vmem_slot|./store/vmem;0;0;0;0;0;0
vmem_common.mut.27.1_1_9.SDL.validate_vmem_versus_slot|./store/vmem;0;0;0;0;0;0
vmem_common.mut.202.1_1_17.SDL.gs_param_store_vmem_load_auto_persist|./store/vmem;0;0;0;0;0;0
vmem_common.mut.15.1_1_5.SDL.gs_param_store_vmem_get_vmem|./store/vmem;0;0;0;0;0;0
vmem_common.mut.209.1_1_5.SDL.gs_param_store_vmem_load_auto_persist|./store/vmem;0;0;0;0;0;0
vmem_common.mut.159.1_1_9.SDL.gs_param_store_vmem_check|./store/vmem;0;0;0;0;0;0
vmem_common.mut.90.1_1_17.SDL.gs_param_store_vmem_clear_slot|./store/vmem;0;0;0;0;0;0
vmem_common.mut.190.1_1_9.SDL.gs_param_store_vmem_load_auto_persist|./store/vmem;0;0;0;0;0;0
vmem_common.mut.172.1_1_9.SDL.gs_param_store_vmem_check|./store/vmem;0;0;0;0;0;0
vmem_common.mut.47.1_1_13.SDL.gs_param_store_vmem_get_vmem_slot|./store/vmem;0;0;0;0;0;0
vmem_common.mut.142.1_1_9.SDL.gs_param_store_vmem_check|./store/vmem;0;0;0;0;0;0
vmem_common.mut.53.1_1_13.SDL.gs_param_store_vmem_get_vmem_slot|./store/vmem;0;0;0;0;0;0
vmem_common.mut.67.1_1_5.SDL.gs_param_store_vmem_get_vmem_slot|./store/vmem;0;0;0;0;0;0
vmem_common.mut.39.1_1_5.SDL.gs_param_store_vmem_get_vmem_slot|./store/vmem;0;0;0;0;0;0
vmem_common.mut.106.1_1_5.SDL.gs_param_store_vmem_lock|./store/vmem;0;0;0;0;0;0
vmem_common.mut.105.1_1_5.SDL.gs_param_store_vmem_lock|./store/vmem;0;0;0;0;0;0
vmem_common.mut.133.1_1_5.SDL.gs_param_store_vmem_check|./store/vmem;0;0;0;0;0;0
vmem_common.mut.140.1_1_5.SDL.gs_param_store_vmem_check|./store/vmem;0;0;0;0;0;0
vmem_common.mut.10.1_1_5.SDL.gs_param_store_vmem_format_vmem_entry|./store/vmem;0;0;0;0;0;0
vmem_common.mut.52.1_1_13.SDL.gs_param_store_vmem_get_vmem_slot|./store/vmem;0;0;0;0;0;0
vmem_common.mut.86.1_1_9.SDL.gs_param_store_vmem_clear_slot|./store/vmem;0;0;0;0;0;0
vmem_common.mut.99.1_1_5.SDL.gs_param_store_vmem_clear_slot|./store/vmem;0;0;0;0;0;0
vmem_common.mut.148.1_1_9.SDL.gs_param_store_vmem_check|./store/vmem;0;0;0;0;0;0
vmem_common.mut.69.1_1_9.SDL.gs_param_store_vmem_get_vmem_slot|./store/vmem;0;0;0;0;0;0
vmem_common.mut.195.1_1_13.SDL.gs_param_store_vmem_load_auto_persist|./store/vmem;0;0;0;0;0;0
vmem_common.mut.170.1_1_9.SDL.gs_param_store_vmem_check|./store/vmem;0;0;0;0;0;0
vmem_common.mut.175.1_1_5.SDL.gs_param_store_vmem_check|./store/vmem;0;0;0;0;0;0
vmem_common.mut.84.1_1_9.SDL.gs_param_store_vmem_clear_slot|./store/vmem;0;0;0;0;0;0
vmem_checksum_first.mut.47.1_1_5.SDL.check_for_accumulative_table_update|./store/vmem;0;0;0;0;0;0
vmem_checksum_first.mut.99.1_1_13.SDL.vmem_param_save|./store/vmem;0;0;0;0;0;0
vmem_checksum_first.mut.153.1_1_5.SDL.vmem_param_load|./store/vmem;0;0;0;0;0;0
vmem_checksum_first.mut.137.1_1_5.SDL.vmem_param_load|./store/vmem;0;0;0;0;0;0
vmem_checksum_first.mut.90.1_1_9.SDL.vmem_param_save|./store/vmem;0;0;0;0;0;0
vmem_checksum_first.mut.144.1_1_5.SDL.vmem_param_load|./store/vmem;0;0;0;0;0;0
vmem_checksum_first.mut.123.1_1_5.SDL.vmem_param_load|./store/vmem;0;0;0;0;0;0
vmem_checksum_first.mut.74.1_1_9.SDL.vmem_param_save|./store/vmem;0;0;0;0;0;0
vmem_checksum_first.mut.56.1_1_17.SDL.check_for_accumulative_table_update|./store/vmem;0;0;0;0;0;0
vmem_checksum_first.mut.49.1_1_9.SDL.check_for_accumulative_table_update|./store/vmem;0;0;0;0;0;0
vmem_checksum_first.mut.124.1_1_9.SDL.vmem_param_load|./store/vmem;0;0;0;0;0;0
vmem_checksum_first.mut.88.1_1_5.SDL.vmem_param_save|./store/vmem;0;0;0;0;0;0
vmem_checksum_first.mut.127.1_1_5.SDL.vmem_param_load|./store/vmem;0;0;0;0;0;0
vmem_checksum_first.mut.30.1_1_9.SDL.calculate_table_desc_checksum_be|./store/vmem;0;0;0;0;0;0
vmem_checksum_first.mut.52.1_1_13.SDL.check_for_accumulative_table_update|./store/vmem;0;0;0;0;0;0
vmem_checksum_first.mut.95.1_1_9.SDL.vmem_param_save|./store/vmem;0;0;0;0;0;0
vmem_checksum_first.mut.61.1_1_5.SDL.check_for_accumulative_table_update|./store/vmem;0;0;0;0;0;0
vmem_checksum_first.mut.152.1_1_5.SDL.vmem_param_load|./store/vmem;0;0;0;0;0;0
vmem_checksum_first.mut.55.1_2_133.SDL.check_for_accumulative_table_update|./store/vmem;1;1;1;1;1;1
vmem_checksum_first.mut.26.1_1_5.SDL.calculate_table_desc_checksum_be|./store/vmem;0;0;0;0;0;0
vmem_checksum_first.mut.111.1_1_5.SDL.vmem_param_save|./store/vmem;0;0;0;0;0;0
vmem_checksum_first.mut.33.1_1_5.SDL.calculate_table_desc_checksum_be|./store/vmem;0;0;0;0;0;0
vmem_checksum_first.mut.29.1_1_9.SDL.calculate_table_desc_checksum_be|./store/vmem;0;0;0;0;0;0
vmem_checksum_first.mut.140.1_1_5.SDL.vmem_param_load|./store/vmem;0;0;0;0;0;0
vmem_checksum_first.mut.105.1_1_21.SDL.vmem_param_save|./store/vmem;0;0;0;0;0;0
vmem_checksum_first.mut.91.1_1_9.SDL.vmem_param_save|./store/vmem;0;0;0;0;0;0
vmem_checksum_first.mut.157.1_1_5.SDL.vmem_param_load|./store/vmem;0;0;0;0;0;0
vmem_checksum_first.mut.73.1_1_5.SDL.vmem_param_save|./store/vmem;0;0;0;0;0;0
vmem_checksum_first.mut.98.1_1_13.SDL.vmem_param_save|./store/vmem;0;0;0;0;0;0
vmem_checksum_first.mut.66.1_1_5.SDL.vmem_param_save|./store/vmem;0;0;0;0;0;0
vmem_checksum_first.mut.103.1_1_17.SDL.vmem_param_save|./store/vmem;0;0;0;0;0;0
vmem_checksum_first.mut.27.1_1_5.SDL.calculate_table_desc_checksum_be|./store/vmem;0;0;0;0;0;0
vmem_checksum_first.mut.146.1_1_13.SDL.vmem_param_load|./store/vmem;0;0;0;0;0;0
vmem_checksum_first.mut.92.1_1_9.SDL.vmem_param_save|./store/vmem;0;0;0;0;0;0
vmem_checksum_first.mut.131.1_1_5.SDL.vmem_param_load|./store/vmem;0;0;0;0;0;0
vmem_checksum_first.mut.77.1_1_5.SDL.vmem_param_save|./store/vmem;0;0;0;0;0;0
vmem_checksum_first.mut.102.1_1_17.SDL.vmem_param_save|./store/vmem;0;0;0;0;0;0
vmem_checksum_first.mut.54.1_1_17.SDL.check_for_accumulative_table_update|./store/vmem;0;0;0;0;0;0
vmem_checksum_first.mut.83.1_1_5.SDL.vmem_param_save|./store/vmem;0;0;0;0;0;0
vmem_checksum_first.mut.145.1_1_9.SDL.vmem_param_load|./store/vmem;0;0;0;0;0;0
vmem_checksum_first.mut.59.1_1_9.SDL.check_for_accumulative_table_update|./store/vmem;0;0;0;0;0;0
vmem_checksum_first.mut.96.1_1_9.SDL.vmem_param_save|./store/vmem;0;0;0;0;0;0
vmem_checksum_first.mut.55.1_1_17.SDL.check_for_accumulative_table_update|./store/vmem;0;0;0;0;0;0
vmem_checksum_first.mut.116.1_1_5.SDL.vmem_param_load|./store/vmem;0;0;0;0;0;0
vmem_checksum_first.mut.87.1_1_5.SDL.vmem_param_save|./store/vmem;0;0;0;0;0;0
vmem_checksum_last.mut.94.1_1_5.SDL.vmem_param_load|./store/vmem;0;0;0;0;0;0
vmem_checksum_last.mut.91.1_1_5.SDL.vmem_param_load|./store/vmem;0;0;0;0;0;0
vmem_checksum_last.mut.100.1_1_5.SDL.vmem_param_load|./store/vmem;0;0;0;0;0;0
vmem_checksum_last.mut.51.1_1_5.SDL.vmem_param_save|./store/vmem;0;0;0;0;0;0
vmem_checksum_last.mut.36.1_1_5.SDL.vmem_param_save|./store/vmem;0;0;0;0;0;0
vmem_checksum_last.mut.19.1_1_5.SDL.vmem_param_save|./store/vmem;0;0;0;0;0;0
vmem_checksum_last.mut.42.1_1_5.SDL.vmem_param_save|./store/vmem;0;0;0;0;0;0
vmem_checksum_last.mut.59.1_1_13.SDL.vmem_param_save|./store/vmem;0;0;0;0;0;0
vmem_checksum_last.mut.40.1_1_5.SDL.vmem_param_save|./store/vmem;0;0;0;0;0;0
vmem_checksum_last.mut.55.1_1_9.SDL.vmem_param_save|./store/vmem;0;0;0;0;0;0
vmem_checksum_last.mut.78.1_1_9.SDL.vmem_param_load|./store/vmem;0;0;0;0;0;0
vmem_checksum_last.mut.30.1_1_5.SDL.vmem_param_save|./store/vmem;0;0;0;0;0;0
vmem_checksum_last.mut.77.1_1_5.SDL.vmem_param_load|./store/vmem;0;0;0;0;0;0
vmem_checksum_last.mut.65.1_1_5.SDL.vmem_param_save|./store/vmem;0;0;0;0;0;0
vmem_checksum_last.mut.85.1_1_5.SDL.vmem_param_load|./store/vmem;0;0;0;0;0;0
vmem_checksum_last.mut.54.1_1_9.SDL.vmem_param_save|./store/vmem;0;0;0;0;0;0
vmem_checksum_last.mut.95.1_1_9.SDL.vmem_param_load|./store/vmem;0;0;0;0;0;0
vmem_checksum_last.mut.70.1_1_5.SDL.vmem_param_load|./store/vmem;0;0;0;0;0;0
vmem_checksum_last.mut.27.1_1_9.SDL.vmem_param_save|./store/vmem;0;0;0;0;0;0
vmem_checksum_last.mut.47.1_1_5.SDL.vmem_param_save|./store/vmem;0;0;0;0;0;0
vmem_checksum_last.mut.81.1_1_5.SDL.vmem_param_load|./store/vmem;0;0;0;0;0;0
vmem_checksum_last.mut.101.1_1_5.SDL.vmem_param_load|./store/vmem;0;0;0;0;0;0
vmem_checksum_last.mut.105.1_1_5.SDL.vmem_param_load|./store/vmem;0;0;0;0;0;0
vmem_checksum_last.mut.58.1_1_13.SDL.vmem_param_save|./store/vmem;0;0;0;0;0;0
vmem_checksum_last.mut.43.1_1_5.SDL.vmem_param_save|./store/vmem;0;0;0;0;0;0
vmem_checksum_last.mut.60.1_1_17.SDL.vmem_param_save|./store/vmem;0;0;0;0;0;0
vmem_checksum_last.mut.52.1_1_5.SDL.vmem_param_save|./store/vmem;0;0;0;0;0;0
vmem_checksum_last.mut.26.1_1_5.SDL.vmem_param_save|./store/vmem;0;0;0;0;0;0
csp_service_handler.mut.218.1_1_9.SDL.gs_rparam_csp_service_handler|.;0;0;0;0;0;0
csp_service_handler.mut.166.1_1_13.SDL.gs_rparam_process_packet|.;0;0;0;0;0;0
csp_service_handler.mut.219.1_1_13.SDL.gs_rparam_csp_service_handler|.;0;0;0;0;0;0
csp_service_handler.mut.80.1_1_17.SDL.gs_rparam_process_packet|.;0;0;0;0;0;0
csp_service_handler.mut.72.1_1_13.SDL.gs_rparam_process_packet|.;0;0;0;0;0;0
csp_service_handler.mut.150.1_1_13.SDL.gs_rparam_process_packet|.;0;0;0;0;0;0
csp_service_handler.mut.179.1_1_13.SDL.gs_rparam_process_packet|.;0;0;0;0;0;0
csp_service_handler.mut.130.1_1_17.SDL.gs_rparam_process_packet|.;0;0;0;0;0;0
csp_service_handler.mut.129.1_1_17.SDL.gs_rparam_process_packet|.;0;0;0;0;0;0
csp_service_handler.mut.51.1_1_5.SDL.gs_rparam_process_packet|.;0;0;0;0;0;0
csp_service_handler.mut.116.1_1_17.SDL.gs_rparam_process_packet|.;0;0;0;0;0;0
csp_service_handler.mut.133.1_1_13.SDL.gs_rparam_process_packet|.;0;0;0;0;0;0
csp_service_handler.mut.22.1_1_5.SDL.validate_checksum|.;0;0;0;0;0;0
csp_service_handler.mut.222.1_1_9.SDL.gs_rparam_csp_service_handler|.;0;0;0;0;0;0
csp_service_handler.mut.188.1_1_13.SDL.gs_rparam_process_packet|.;0;0;0;0;0;0
csp_service_handler.mut.125.1_1_13.SDL.gs_rparam_process_packet|.;0;0;0;0;0;0
csp_service_handler.mut.23.1_1_9.SDL.validate_checksum|.;0;0;0;0;0;0
csp_service_handler.mut.158.1_1_13.SDL.gs_rparam_process_packet|.;0;0;0;0;0;0
csp_service_handler.mut.161.1_1_17.SDL.gs_rparam_process_packet|.;0;0;0;0;0;0
csp_service_handler.mut.87.1_1_17.SDL.gs_rparam_process_packet|.;0;0;0;0;0;0
csp_service_handler.mut.79.1_1_13.SDL.gs_rparam_process_packet|.;0;0;0;0;0;0
csp_service_handler.mut.74.1_1_17.SDL.gs_rparam_process_packet|.;0;0;0;0;0;0
csp_service_handler.mut.168.1_1_13.SDL.gs_rparam_process_packet|.;0;0;0;0;0;0
csp_service_handler.mut.94.1_1_21.SDL.gs_rparam_process_packet|.;0;0;0;0;0;0
csp_service_handler.mut.119.1_1_17.SDL.gs_rparam_process_packet|.;0;0;0;0;0;0
csp_service_handler.mut.86.1_1_17.SDL.gs_rparam_process_packet|.;0;0;0;0;0;0
csp_service_handler.mut.153.1_1_13.SDL.gs_rparam_process_packet|.;0;0;0;0;0;0
csp_service_handler.mut.206.1_1_9.SDL.gs_rparam_process_packet|.;0;0;0;0;0;0
csp_service_handler.mut.64.1_1_13.SDL.gs_rparam_process_packet|.;0;0;0;0;0;0
csp_service_handler.mut.144.1_1_13.SDL.gs_rparam_process_packet|.;0;0;0;0;0;0
csp_service_handler.mut.134.1_1_17.SDL.gs_rparam_process_packet|.;0;0;0;0;0;0
csp_service_handler.mut.171.1_1_17.SDL.gs_rparam_process_packet|.;0;0;0;0;0;0
csp_service_handler.mut.29.1_1_9.SDL.validate_checksum|.;0;0;0;0;0;0
csp_service_handler.mut.216.1_1_5.SDL.gs_rparam_csp_service_handler|.;0;0;0;0;0;0
csp_service_handler.mut.99.1_1_17.SDL.gs_rparam_process_packet|.;0;0;0;0;0;0
csp_service_handler.mut.19.1_1_5.SDL.validate_checksum|.;0;0;0;0;0;0
csp_service_handler.mut.101.1_1_21.SDL.gs_rparam_process_packet|.;0;0;0;0;0;0
csp_service_handler.mut.85.1_1_17.SDL.gs_rparam_process_packet|.;0;0;0;0;0;0
csp_service_handler.mut.205.1_1_5.SDL.gs_rparam_process_packet|.;0;0;0;0;0;0
csp_service_handler.mut.65.1_2_75.SDL.gs_rparam_process_packet|.;1;1;1;1;1;1
csp_service_handler.mut.113.1_1_17.SDL.gs_rparam_process_packet|.;0;0;0;0;0;0
csp_service_handler.mut.195.1_1_13.SDL.gs_rparam_process_packet|.;0;0;0;0;0;0
csp_service_handler.mut.61.1_1_17.SDL.gs_rparam_process_packet|.;0;0;0;0;0;0
csp_service_handler.mut.25.1_1_5.SDL.validate_checksum|.;0;0;0;0;0;0
csp_service_handler.mut.42.1_1_5.SDL.gs_rparam_process_packet|.;0;0;0;0;0;0
csp_service_handler.mut.184.1_1_13.SDL.gs_rparam_process_packet|.;0;0;0;0;0;0
csp_service_handler.mut.93.1_1_17.SDL.gs_rparam_process_packet|.;0;0;0;0;0;0
csp_service_handler.mut.81.1_1_17.SDL.gs_rparam_process_packet|.;0;0;0;0;0;0
csp_service_handler.mut.224.1_1_5.SDL.gs_rparam_csp_service_handler|.;0;0;0;0;0;0
csp_service_handler.mut.66.1_1_17.SDL.gs_rparam_process_packet|.;0;0;0;0;0;0
csp_service_handler.mut.193.1_1_17.SDL.gs_rparam_process_packet|.;0;0;0;0;0;0
csp_service_handler.mut.54.1_1_13.SDL.gs_rparam_process_packet|.;0;0;0;0;0;0
csp_service_handler.mut.88.1_1_17.SDL.gs_rparam_process_packet|.;0;0;0;0;0;0
csp_service_handler.mut.41.1_1_5.SDL.gs_rparam_process_packet|.;0;0;0;0;0;0
csp_service_handler.mut.28.1_1_5.SDL.validate_checksum|.;0;0;0;0;0;0
csp_service_handler.mut.65.1_1_17.SDL.gs_rparam_process_packet|.;0;0;0;0;0;0
csp_service_handler.mut.96.1_1_21.SDL.gs_rparam_process_packet|.;0;0;0;0;0;0
csp_service_handler.mut.173.1_1_13.SDL.gs_rparam_process_packet|.;0;0;0;0;0;0
csp_service_handler.mut.117.1_1_17.SDL.gs_rparam_process_packet|.;0;0;0;0;0;0
csp_service_handler.mut.105.1_1_17.SDL.gs_rparam_process_packet|.;0;0;0;0;0;0
csp_service_handler.mut.46.1_1_5.SDL.gs_rparam_process_packet|.;0;0;0;0;0;0
csp_service_handler.mut.138.1_1_13.SDL.gs_rparam_process_packet|.;0;0;0;0;0;0
csp_service_handler.mut.210.1_1_9.SDL.gs_rparam_process_packet|.;0;0;0;0;0;0
csp_service_handler.mut.128.1_1_13.SDL.gs_rparam_process_packet|.;0;0;0;0;0;0
csp_service_handler.mut.163.1_1_13.SDL.gs_rparam_process_packet|.;0;0;0;0;0;0
csp_service_handler.mut.152.1_1_13.SDL.gs_rparam_process_packet|.;0;0;0;0;0;0
csp_service_handler.mut.146.1_1_13.SDL.gs_rparam_process_packet|.;0;0;0;0;0;0
csp_service_handler.mut.156.1_1_13.SDL.gs_rparam_process_packet|.;0;0;0;0;0;0
csp_service_handler.mut.73.1_1_17.SDL.gs_rparam_process_packet|.;0;0;0;0;0;0
csp_service_handler.mut.177.1_1_13.SDL.gs_rparam_process_packet|.;0;0;0;0;0;0
csp_service_handler.mut.31.1_1_5.SDL.validate_checksum|.;0;0;0;0;0;0
csp_service_handler.mut.182.1_1_17.SDL.gs_rparam_process_packet|.;0;0;0;0;0;0
csp_service_handler.mut.112.1_1_17.SDL.gs_rparam_process_packet|.;0;0;0;0;0;0
csp_service_handler.mut.190.1_1_13.SDL.gs_rparam_process_packet|.;0;0;0;0;0;0
csp_service_handler.mut.60.1_1_13.SDL.gs_rparam_process_packet|.;0;0;0;0;0;0
telemetry_appender.mut.107.1_1_5.SDL.gs_log_appender_telem_append|./log;0;0;0;0;0;0
telemetry_appender.mut.118.1_1_9.SDL.gs_log_appender_telem_append_isr|./log;0;0;0;0;0;0
telemetry_appender.mut.79.1_1_9.SDL.gs_log_appender_telem_flush|./log;0;0;0;0;0;0
telemetry_appender.mut.76.1_1_9.SDL.gs_log_appender_telem_flush|./log;0;0;0;0;0;0
telemetry_appender.mut.126.1_1_5.SDL.gs_log_appender_telem_info|./log;0;0;0;0;0;0
telemetry_appender.mut.74.1_1_9.SDL.gs_log_appender_telem_flush|./log;0;0;0;0;0;0
telemetry_appender.mut.100.1_1_5.SDL.gs_log_appender_telem_append|./log;0;0;0;0;0;0
telemetry_appender.mut.72.1_1_9.SDL.gs_log_appender_telem_flush|./log;0;0;0;0;0;0
telemetry_appender.mut.104.1_1_9.SDL.gs_log_appender_telem_append|./log;0;0;0;0;0;0
telemetry_appender.mut.157.1_1_5.SDL.gs_log_appender_telem_hist|./log;0;0;0;0;0;0
telemetry_appender.mut.71.1_1_9.SDL.gs_log_appender_telem_flush|./log;0;0;0;0;0;0
telemetry_appender.mut.50.1_1_5.SDL.gs_log_appender_telem_init|./log;0;0;0;0;0;0
telemetry_appender.mut.89.1_1_5.SDL.gs_log_appender_telem_append_common|./log;0;0;0;0;0;0
telemetry_appender.mut.156.1_1_5.SDL.gs_log_appender_telem_hist|./log;0;0;0;0;0;0
telemetry_appender.mut.54.1_1_5.SDL.gs_log_appender_telem_init|./log;0;0;0;0;0;0
telemetry_appender.mut.154.1_1_5.SDL.gs_log_appender_telem_hist|./log;0;0;0;0;0;0
telemetry_appender.mut.56.1_1_5.SDL.gs_log_appender_telem_init|./log;0;0;0;0;0;0
telemetry_appender.mut.75.1_1_9.SDL.gs_log_appender_telem_flush|./log;0;0;0;0;0;0
telemetry_appender.mut.43.1_1_9.SDL.gs_log_appender_telem_init|./log;0;0;0;0;0;0
telemetry_appender.mut.57.1_1_5.SDL.gs_log_appender_telem_init|./log;0;0;0;0;0;0
telemetry_appender.mut.102.1_1_9.SDL.gs_log_appender_telem_append|./log;0;0;0;0;0;0
telemetry_appender.mut.44.1_1_9.SDL.gs_log_appender_telem_init|./log;0;0;0;0;0;0
telemetry_appender.mut.96.1_1_5.SDL.gs_log_appender_telem_append|./log;0;0;0;0;0;0
telemetry_appender.mut.112.1_1_5.SDL.gs_log_appender_telem_append_isr|./log;0;0;0;0;0;0
telemetry_appender.mut.49.1_1_5.SDL.gs_log_appender_telem_init|./log;0;0;0;0;0;0
telemetry_appender.mut.73.1_1_9.SDL.gs_log_appender_telem_flush|./log;0;0;0;0;0;0
telemetry_appender.mut.171.1_1_5.SDL.gs_log_appender_telem_clear|./log;0;0;0;0;0;0
telemetry_appender.mut.80.1_1_9.SDL.gs_log_appender_telem_flush|./log;0;0;0;0;0;0
telemetry_appender.mut.91.1_1_5.SDL.gs_log_appender_telem_append_common|./log;0;0;0;0;0;0
telemetry_appender.mut.170.1_1_5.SDL.gs_log_appender_telem_clear|./log;0;0;0;0;0;0
telemetry_appender.mut.150.1_1_5.SDL.gs_log_appender_telem_hist|./log;0;0;0;0;0;0
telemetry_appender.mut.132.1_1_5.SDL.gs_log_appender_telem_info|./log;0;0;0;0;0;0
telemetry_appender.mut.77.1_1_9.SDL.gs_log_appender_telem_flush|./log;0;0;0;0;0;0
telemetry_appender.mut.62.1_1_5.SDL.gs_log_appender_telem_flush|./log;0;0;0;0;0;0
telemetry_appender.mut.159.1_1_5.SDL.gs_log_appender_telem_hist|./log;0;0;0;0;0;0
telemetry_appender.mut.155.1_1_5.SDL.gs_log_appender_telem_hist|./log;0;0;0;0;0;0
telemetry_appender.mut.173.1_1_5.SDL.gs_log_appender_telem_clear|./log;0;0;0;0;0;0
telemetry_appender.mut.177.1_1_5.SDL.gs_log_appender_telem_clear|./log;0;0;0;0;0;0
telemetry_appender.mut.90.1_1_5.SDL.gs_log_appender_telem_append_common|./log;0;0;0;0;0;0
telemetry_appender.mut.139.1_1_5.SDL.gs_log_appender_telem_hist|./log;0;0;0;0;0;0
telemetry_appender.mut.37.1_1_5.SDL.gs_log_appender_telem_init|./log;0;0;0;0;0;0
telemetry_appender.mut.130.1_1_5.SDL.gs_log_appender_telem_info|./log;0;0;0;0;0;0
telemetry_appender.mut.103.1_1_9.SDL.gs_log_appender_telem_append|./log;0;0;0;0;0;0
telemetry_appender.mut.42.1_1_5.SDL.gs_log_appender_telem_init|./log;0;0;0;0;0;0
telemetry_appender.mut.78.1_1_9.SDL.gs_log_appender_telem_flush|./log;0;0;0;0;0;0
telemetry_appender.mut.69.1_1_5.SDL.gs_log_appender_telem_flush|./log;0;0;0;0;0;0
telemetry_appender.mut.172.1_1_5.SDL.gs_log_appender_telem_clear|./log;0;0;0;0;0;0
telemetry_appender.mut.81.1_1_9.SDL.gs_log_appender_telem_flush|./log;0;0;0;0;0;0
telemetry_appender.mut.151.1_1_5.SDL.gs_log_appender_telem_hist|./log;0;0;0;0;0;0
telemetry_appender.mut.144.1_1_5.SDL.gs_log_appender_telem_hist|./log;0;0;0;0;0;0
telemetry_appender.mut.175.1_1_5.SDL.gs_log_appender_telem_clear|./log;0;0;0;0;0;0
telemetry_appender.mut.166.1_1_5.SDL.gs_log_appender_telem_clear|./log;0;0;0;0;0;0
telemetry_appender.mut.84.1_1_5.SDL.gs_log_appender_telem_flush|./log;0;0;0;0;0;0
telemetry_appender.mut.116.1_1_5.SDL.gs_log_appender_telem_append_isr|./log;0;0;0;0;0;0
cmd_param.mut.295.1_1_5.SDL.cmd_set|./cmd;0;0;0;0;0;0
cmd_param.mut.22.1_1_5.SDL.get_tinst|./cmd;0;0;0;0;0;0
cmd_param.mut.539.1_1_13.SDL.cmd_export|./cmd;0;0;0;0;0;0
cmd_param.mut.376.1_1_9.SDL.cmd_get|./cmd;0;0;0;0;0;0
cmd_param.mut.280.1_1_5.SDL.cmd_set|./cmd;0;0;0;0;0;0
cmd_param.mut.346.1_1_5.SDL.cmd_get|./cmd;0;0;0;0;0;0
cmd_param.mut.368.1_1_5.SDL.cmd_get|./cmd;0;0;0;0;0;0
cmd_param.mut.499.1_1_5.SDL.cmd_param_clear_slot|./cmd;0;0;0;0;0;0
cmd_param.mut.665.1_1_5.SDL.gs_param_register_commands|./cmd;0;0;0;0;0;0
cmd_param.mut.548.1_1_9.SDL.cmd_export|./cmd;0;0;0;0;0;0
cmd_param.mut.382.1_1_9.SDL.cmd_get|./cmd;0;0;0;0;0;0
cmd_param.mut.250.1_1_5.SDL.cmd_tableinfo|./cmd;0;0;0;0;0;0
cmd_param.mut.241.1_1_17.SDL.cmd_tableinfo|./cmd;0;0;0;0;0;0
cmd_param.mut.170.1_1_5.SDL.cmd_list_parameters|./cmd;0;0;0;0;0;0
cmd_param.mut.369.1_1_9.SDL.cmd_get|./cmd;0;0;0;0;0;0
cmd_param.mut.48.1_1_9.SDL.convert_show_options|./cmd;0;0;0;0;0;0
cmd_param.mut.525.1_1_5.SDL.cmd_export|./cmd;0;0;0;0;0;0
cmd_param.mut.162.1_1_5.SDL.iter_list_parameters|./cmd;0;0;0;0;0;0
cmd_param.mut.146.1_1_9.SDL.cmd_select|./cmd;0;0;0;0;0;0
cmd_param.mut.381.1_1_9.SDL.cmd_get|./cmd;0;0;0;0;0;0
cmd_param.mut.163.1_1_5.SDL.iter_list_parameters|./cmd;0;0;0;0;0;0
cmd_param.mut.550.1_1_5.SDL.cmd_export|./cmd;0;0;0;0;0;0
cmd_param.mut.540.1_1_13.SDL.cmd_export|./cmd;0;0;0;0;0;0
cmd_param.mut.491.1_1_5.SDL.cmd_storeinfo|./cmd;0;0;0;0;0;0
cmd_param.mut.120.1_1_9.SDL.get_table_name|./cmd;0;0;0;0;0;0
cmd_param.mut.365.1_1_9.SDL.cmd_get|./cmd;0;0;0;0;0;0
cmd_param.mut.286.1_1_5.SDL.cmd_set|./cmd;0;0;0;0;0;0
cmd_param.mut.271.1_2_43.SDL.cmd_set|./cmd;0;0;0;0;0;0
cmd_param.mut.364.1_1_5.SDL.cmd_get|./cmd;0;0;0;0;0;0
cmd_param.mut.288.1_1_9.SDL.cmd_set|./cmd;0;0;0;0;0;0
cmd_param.mut.281.1_1_9.SDL.cmd_set|./cmd;0;0;0;0;0;0
cmd_param.mut.537.1_1_9.SDL.cmd_export|./cmd;0;0;0;0;0;0
cmd_param.mut.232.1_1_9.SDL.cmd_tableinfo|./cmd;0;0;0;0;0;0
cmd_param.mut.351.1_1_5.SDL.cmd_get|./cmd;0;0;0;0;0;0
cmd_param.mut.515.1_1_5.SDL.cmd_export|./cmd;0;0;0;0;0;0
cmd_param.mut.360.1_2_43.SDL.cmd_get|./cmd;0;0;0;0;0;0
cmd_param.mut.244.1_1_13.SDL.cmd_tableinfo|./cmd;0;0;0;0;0;0
cmd_param.mut.542.1_1_17.SDL.cmd_export|./cmd;0;0;0;0;0;0
cmd_param.mut.256.1_1_5.SDL.cmd_set|./cmd;0;0;0;0;0;0
cmd_param.mut.339.1_1_5.SDL.cmd_get|./cmd;0;0;0;0;0;0
cmd_param.mut.534.1_2_47.SDL.cmd_export|./cmd;0;0;0;0;0;0
cmd_param.mut.127.1_1_9.SDL.get_table_name|./cmd;0;0;0;0;0;0
cmd_param.mut.487.1_1_5.SDL.cmd_storeinfo|./cmd;0;0;0;0;0;0
cmd_param.mut.541.1_1_17.SDL.cmd_export|./cmd;0;0;0;0;0;0
cmd_param.mut.172.1_1_9.SDL.cmd_list_parameters|./cmd;0;0;0;0;0;0
cmd_param.mut.275.1_1_5.SDL.cmd_set|./cmd;0;0;0;0;0;0
cmd_param.mut.182.1_1_5.SDL.cmd_tableinfo|./cmd;0;0;0;0;0;0
cmd_param.mut.290.1_1_13.SDL.cmd_set|./cmd;0;0;0;0;0;0
cmd_param.mut.173.1_1_13.SDL.cmd_list_parameters|./cmd;0;0;0;0;0;0
cmd_param.mut.489.1_1_9.SDL.cmd_storeinfo|./cmd;0;0;0;0;0;0
cmd_param.mut.113.1_1_5.SDL.get_table_name|./cmd;0;0;0;0;0;0
cmd_param.mut.494.1_1_5.SDL.cmd_storeinfo|./cmd;0;0;0;0;0;0
cmd_param.mut.390.1_1_5.SDL.cmd_get|./cmd;0;0;0;0;0;0
cmd_param.mut.504.1_1_5.SDL.cmd_param_lock_store|./cmd;0;0;0;0;0;0
cmd_param.mut.529.1_1_9.SDL.cmd_export|./cmd;0;0;0;0;0;0
cmd_param.mut.46.1_1_5.SDL.convert_show_options|./cmd;0;0;0;0;0;0
cmd_param.mut.123.1_1_9.SDL.get_table_name|./cmd;0;0;0;0;0;0
cmd_param.mut.47.1_1_9.SDL.convert_show_options|./cmd;0;0;0;0;0;0
cmd_param.mut.52.1_1_9.SDL.convert_show_options|./cmd;0;0;0;0;0;0
cmd_param.mut.145.1_1_5.SDL.cmd_select|./cmd;0;0;0;0;0;0
cmd_param.mut.175.1_1_9.SDL.cmd_list_parameters|./cmd;0;0;0;0;0;0
cmd_param.mut.237.1_1_17.SDL.cmd_tableinfo|./cmd;0;0;0;0;0;0
cmd_param.mut.161.1_1_5.SDL.iter_list_parameters|./cmd;0;0;0;0;0;0
cmd_param.mut.177.1_1_5.SDL.cmd_list_parameters|./cmd;0;0;0;0;0;0
cmd_param.mut.522.1_1_5.SDL.cmd_export|./cmd;0;0;0;0;0;0
cmd_param.mut.378.1_1_9.SDL.cmd_get|./cmd;0;0;0;0;0;0
cmd_param.mut.25.1_1_5.SDL.get_tinst|./cmd;0;0;0;0;0;0
cmd_param.mut.392.1_1_5.SDL.cmd_get|./cmd;0;0;0;0;0;0
cmd_param.mut.387.1_1_13.SDL.cmd_get|./cmd;0;0;0;0;0;0
cmd_param.mut.375.1_1_5.SDL.cmd_get|./cmd;0;0;0;0;0;0
cmd_param.mut.114.1_1_9.SDL.get_table_name|./cmd;0;0;0;0;0;0
cmd_param.mut.267.1_1_5.SDL.cmd_set|./cmd;0;0;0;0;0;0
cmd_param.mut.125.1_1_5.SDL.get_table_name|./cmd;0;0;0;0;0;0
cmd_param.mut.488.1_1_9.SDL.cmd_storeinfo|./cmd;0;0;0;0;0;0
cmd_param.mut.236.1_1_13.SDL.cmd_tableinfo|./cmd;0;0;0;0;0;0
cmd_param.mut.129.1_1_13.SDL.get_table_name|./cmd;0;0;0;0;0;0
cmd_param.mut.243.1_1_13.SDL.cmd_tableinfo|./cmd;0;0;0;0;0;0
cmd_param.mut.289.1_1_9.SDL.cmd_set|./cmd;0;0;0;0;0;0
cmd_param.mut.384.1_1_13.SDL.cmd_get|./cmd;0;0;0;0;0;0
cmd_param.mut.517.1_1_9.SDL.cmd_export|./cmd;0;0;0;0;0;0
cmd_param.mut.509.1_1_5.SDL.cmd_param_unlock_store|./cmd;0;0;0;0;0;0
cmd_param.mut.128.1_1_13.SDL.get_table_name|./cmd;0;0;0;0;0;0
cmd_param.mut.386.1_1_9.SDL.cmd_get|./cmd;0;0;0;0;0;0
cmd_param.mut.121.1_1_13.SDL.get_table_name|./cmd;0;0;0;0;0;0
cmd_param.mut.51.1_1_9.SDL.convert_show_options|./cmd;0;0;0;0;0;0
cmd_param.mut.240.1_1_13.SDL.cmd_tableinfo|./cmd;0;0;0;0;0;0
cmd_param.mut.380.1_1_5.SDL.cmd_get|./cmd;0;0;0;0;0;0
cmd_param.mut.262.1_1_5.SDL.cmd_set|./cmd;0;0;0;0;0;0
cmd_param.mut.356.1_1_5.SDL.cmd_get|./cmd;0;0;0;0;0;0
cmd_param.mut.531.1_1_9.SDL.cmd_export|./cmd;0;0;0;0;0;0
cmd_param.mut.492.1_1_9.SDL.cmd_storeinfo|./cmd;0;0;0;0;0;0
cmd_param.mut.45.1_1_5.SDL.convert_show_options|./cmd;0;0;0;0;0;0
cmd_param.mut.50.1_1_5.SDL.convert_show_options|./cmd;0;0;0;0;0;0
cmd_param.mut.530.1_1_9.SDL.cmd_export|./cmd;0;0;0;0;0;0
cmd_param.mut.383.1_1_13.SDL.cmd_get|./cmd;0;0;0;0;0;0
cmd_param.mut.543.1_1_21.SDL.cmd_export|./cmd;0;0;0;0;0;0
slave_dispatch.mut.36.1_1_5.SDL.gs_pp_spi_slave_rx|./pp/spi;0;0;0;0;0;0
slave_dispatch.mut.43.1_1_9.SDL.gs_pp_spi_slave_rx|./pp/spi;0;0;0;0;0;0
slave_dispatch.mut.44.1_1_13.SDL.gs_pp_spi_slave_rx|./pp/spi;0;0;0;0;0;0
slave_dispatch.mut.40.1_1_5.SDL.gs_pp_spi_slave_rx|./pp/spi;0;0;0;0;0;0
slave_dispatch.mut.41.1_1_9.SDL.gs_pp_spi_slave_rx|./pp/spi;0;0;0;0;0;0
slave_dispatch.mut.55.1_1_9.SDL.gs_pp_spi_slave_rx|./pp/spi;0;0;0;0;0;0
slave_dispatch.mut.53.1_1_13.SDL.gs_pp_spi_slave_rx|./pp/spi;0;0;0;0;0;0
slave_dispatch.mut.50.1_1_5.SDL.gs_pp_spi_slave_rx|./pp/spi;0;0;0;0;0;0
slave_dispatch.mut.37.1_1_9.SDL.gs_pp_spi_slave_rx|./pp/spi;0;0;0;0;0;0
slave_dispatch.mut.42.1_1_9.SDL.gs_pp_spi_slave_rx|./pp/spi;0;0;0;0;0;0
slave_dispatch.mut.52.1_1_9.SDL.gs_pp_spi_slave_rx|./pp/spi;0;0;0;0;0;0
slave_dispatch_handler.mut.73.1_1_5.SDL._copy_data|./pp/spi;0;0;0;0;0;0
slave_dispatch_handler.mut.202.1_1_33.SDL.gs_param_spi_slave_dispatch_handler|./pp/spi;0;0;0;0;0;0
slave_dispatch_handler.mut.169.1_1_17.SDL.gs_param_spi_slave_dispatch_handler|./pp/spi;0;0;0;0;0;0
slave_dispatch_handler.mut.35.1_1_5.SDL._find_addr|./pp/spi;0;0;0;0;0;0
slave_dispatch_handler.mut.112.1_1_13.SDL._copy_data|./pp/spi;0;0;0;0;0;0
slave_dispatch_handler.mut.138.1_1_29.SDL.gs_param_spi_slave_dispatch_handler|./pp/spi;0;0;0;0;0;0
slave_dispatch_handler.mut.199.1_1_25.SDL.gs_param_spi_slave_dispatch_handler|./pp/spi;0;0;0;0;0;0
slave_dispatch_handler.mut.157.1_1_25.SDL.gs_param_spi_slave_dispatch_handler|./pp/spi;0;0;0;0;0;0
slave_dispatch_handler.mut.104.1_1_17.SDL._copy_data|./pp/spi;0;0;0;0;0;0
slave_dispatch_handler.mut.58.1_1_13.SDL._find_addr|./pp/spi;0;0;0;0;0;0
slave_dispatch_handler.mut.34.1_1_5.SDL._find_addr|./pp/spi;0;0;0;0;0;0
slave_dispatch_handler.mut.192.1_1_17.SDL.gs_param_spi_slave_dispatch_handler|./pp/spi;0;0;0;0;0;0
slave_dispatch_handler.mut.170.1_1_21.SDL.gs_param_spi_slave_dispatch_handler|./pp/spi;0;0;0;0;0;0
slave_dispatch_handler.mut.120.1_1_5.SDL._copy_data|./pp/spi;0;0;0;0;0;0
slave_dispatch_handler.mut.134.1_1_25.SDL.gs_param_spi_slave_dispatch_handler|./pp/spi;0;0;0;0;0;0
slave_dispatch_handler.mut.195.1_1_21.SDL.gs_param_spi_slave_dispatch_handler|./pp/spi;0;0;0;0;0;0
slave_dispatch_handler.mut.132.1_1_21.SDL.gs_param_spi_slave_dispatch_handler|./pp/spi;0;0;0;0;0;0
slave_dispatch_handler.mut.137.1_1_29.SDL.gs_param_spi_slave_dispatch_handler|./pp/spi;0;0;0;0;0;0
slave_dispatch_handler.mut.161.1_1_21.SDL.gs_param_spi_slave_dispatch_handler|./pp/spi;0;0;0;0;0;0
slave_dispatch_handler.mut.171.1_1_21.SDL.gs_param_spi_slave_dispatch_handler|./pp/spi;0;0;0;0;0;0
slave_dispatch_handler.mut.178.1_1_33.SDL.gs_param_spi_slave_dispatch_handler|./pp/spi;0;0;0;0;0;0
slave_dispatch_handler.mut.136.1_1_25.SDL.gs_param_spi_slave_dispatch_handler|./pp/spi;0;0;0;0;0;0
slave_dispatch_handler.mut.50.1_1_21.SDL._find_addr|./pp/spi;0;0;0;0;0;0
slave_dispatch_handler.mut.158.1_1_29.SDL.gs_param_spi_slave_dispatch_handler|./pp/spi;0;0;0;0;0;0
slave_dispatch_handler.mut.198.1_1_21.SDL.gs_param_spi_slave_dispatch_handler|./pp/spi;0;0;0;0;0;0
slave_dispatch_handler.mut.133.1_1_25.SDL.gs_param_spi_slave_dispatch_handler|./pp/spi;0;0;0;0;0;0
slave_dispatch_handler.mut.130.1_1_21.SDL.gs_param_spi_slave_dispatch_handler|./pp/spi;0;0;0;0;0;0
slave_dispatch_handler.mut.109.1_1_21.SDL._copy_data|./pp/spi;0;0;0;0;0;0
slave_dispatch_handler.mut.56.1_1_17.SDL._find_addr|./pp/spi;0;0;0;0;0;0
slave_dispatch_handler.mut.60.1_1_13.SDL._find_addr|./pp/spi;0;0;0;0;0;0
slave_dispatch_handler.mut.193.1_1_17.SDL.gs_param_spi_slave_dispatch_handler|./pp/spi;0;0;0;0;0;0
slave_dispatch_handler.mut.140.1_1_25.SDL.gs_param_spi_slave_dispatch_handler|./pp/spi;0;0;0;0;0;0
slave_dispatch_handler.mut.108.1_1_17.SDL._copy_data|./pp/spi;0;0;0;0;0;0
slave_dispatch_handler.mut.173.1_1_25.SDL.gs_param_spi_slave_dispatch_handler|./pp/spi;0;0;0;0;0;0
slave_dispatch_handler.mut.176.1_1_25.SDL.gs_param_spi_slave_dispatch_handler|./pp/spi;0;0;0;0;0;0
slave_dispatch_handler.mut.40.1_1_9.SDL._find_addr|./pp/spi;0;0;0;0;0;0
slave_dispatch_handler.mut.200.1_1_29.SDL.gs_param_spi_slave_dispatch_handler|./pp/spi;0;0;0;0;0;0
slave_dispatch_handler.mut.131.1_1_21.SDL.gs_param_spi_slave_dispatch_handler|./pp/spi;0;0;0;0;0;0
slave_dispatch_handler.mut.61.1_1_13.SDL._find_addr|./pp/spi;0;0;0;0;0;0
slave_dispatch_handler.mut.59.1_1_13.SDL._find_addr|./pp/spi;0;0;0;0;0;0
slave_dispatch_handler.mut.153.1_1_21.SDL.gs_param_spi_slave_dispatch_handler|./pp/spi;0;0;0;0;0;0
slave_dispatch_handler.mut.177.1_1_29.SDL.gs_param_spi_slave_dispatch_handler|./pp/spi;0;0;0;0;0;0
slave_dispatch_handler.mut.45.1_1_13.SDL._find_addr|./pp/spi;0;0;0;0;0;0
slave_dispatch_handler.mut.154.1_1_21.SDL.gs_param_spi_slave_dispatch_handler|./pp/spi;0;0;0;0;0;0
slave_dispatch_handler.mut.54.1_1_21.SDL._find_addr|./pp/spi;0;0;0;0;0;0
slave_dispatch_handler.mut.172.1_1_21.SDL.gs_param_spi_slave_dispatch_handler|./pp/spi;0;0;0;0;0;0
slave_dispatch_handler.mut.150.1_1_17.SDL.gs_param_spi_slave_dispatch_handler|./pp/spi;0;0;0;0;0;0
slave_dispatch_handler.mut.182.1_1_25.SDL.gs_param_spi_slave_dispatch_handler|./pp/spi;0;0;0;0;0;0
slave_dispatch_handler.mut.174.1_1_25.SDL.gs_param_spi_slave_dispatch_handler|./pp/spi;0;0;0;0;0;0
slave_dispatch_handler.mut.196.1_1_21.SDL.gs_param_spi_slave_dispatch_handler|./pp/spi;0;0;0;0;0;0
slave_dispatch_handler.mut.206.1_1_21.SDL.gs_param_spi_slave_dispatch_handler|./pp/spi;0;0;0;0;0;0
slave_dispatch_handler.mut.46.1_1_17.SDL._find_addr|./pp/spi;0;0;0;0;0;0
slave_dispatch_handler.mut.125.1_1_5.SDL.gs_param_spi_slave_dispatch_handler|./pp/spi;0;0;0;0;0;0
slave_dispatch_handler.mut.152.1_1_21.SDL.gs_param_spi_slave_dispatch_handler|./pp/spi;0;0;0;0;0;0
slave_dispatch_handler.mut.156.1_1_21.SDL.gs_param_spi_slave_dispatch_handler|./pp/spi;0;0;0;0;0;0
slave_dispatch_handler.mut.201.1_1_33.SDL.gs_param_spi_slave_dispatch_handler|./pp/spi;0;0;0;0;0;0
slave_dispatch_handler.mut.197.1_1_21.SDL.gs_param_spi_slave_dispatch_handler|./pp/spi;0;0;0;0;0;0
slave_dispatch_handler.mut.151.1_1_17.SDL.gs_param_spi_slave_dispatch_handler|./pp/spi;0;0;0;0;0;0
slave_dispatch_handler.mut.194.1_1_21.SDL.gs_param_spi_slave_dispatch_handler|./pp/spi;0;0;0;0;0;0
slave_dispatch_handler.mut.135.1_1_25.SDL.gs_param_spi_slave_dispatch_handler|./pp/spi;0;0;0;0;0;0
slave_dispatch_handler.mut.129.1_1_17.SDL.gs_param_spi_slave_dispatch_handler|./pp/spi;0;0;0;0;0;0
slave_dispatch_handler.mut.175.1_1_25.SDL.gs_param_spi_slave_dispatch_handler|./pp/spi;0;0;0;0;0;0
slave_dispatch_handler.mut.155.1_1_21.SDL.gs_param_spi_slave_dispatch_handler|./pp/spi;0;0;0;0;0;0
slave_dispatch_handler.mut.179.1_1_33.SDL.gs_param_spi_slave_dispatch_handler|./pp/spi;0;0;0;0;0;0
slave_dispatch_handler.mut.51.1_1_21.SDL._find_addr|./pp/spi;0;0;0;0;0;0
slave_dispatch_handler.mut.72.1_1_5.SDL._copy_data|./pp/i2c;0;0;0;0;0;0
slave_dispatch_handler.mut.151.1_1_21.SDL.gs_param_i2c_slave_dispatch_handler|./pp/i2c;0;0;0;0;0;0
slave_dispatch_handler.mut.130.1_1_21.SDL.gs_param_i2c_slave_dispatch_handler|./pp/i2c;0;0;0;0;0;0
slave_dispatch_handler.mut.134.1_1_25.SDL.gs_param_i2c_slave_dispatch_handler|./pp/i2c;0;0;0;0;0;0
slave_dispatch_handler.mut.57.1_1_13.SDL._find_addr|./pp/i2c;0;0;0;0;0;0
slave_dispatch_handler.mut.103.1_1_17.SDL._copy_data|./pp/i2c;0;0;0;0;0;0
slave_dispatch_handler.mut.188.1_1_21.SDL.gs_param_i2c_slave_dispatch_handler|./pp/i2c;0;0;0;0;0;0
slave_dispatch_handler.mut.189.1_1_21.SDL.gs_param_i2c_slave_dispatch_handler|./pp/i2c;0;0;0;0;0;0
slave_dispatch_handler.mut.143.1_1_13.SDL.gs_param_i2c_slave_dispatch_handler|./pp/i2c;0;0;0;0;0;0
slave_dispatch_handler.mut.45.1_1_17.SDL._find_addr|./pp/i2c;0;0;0;0;0;0
slave_dispatch_handler.mut.200.1_1_13.SDL.gs_param_i2c_slave_dispatch_handler|./pp/i2c;0;1;1;1;1;1
slave_dispatch_handler.mut.150.1_1_21.SDL.gs_param_i2c_slave_dispatch_handler|./pp/i2c;0;0;0;0;0;0
slave_dispatch_handler.mut.191.1_1_25.SDL.gs_param_i2c_slave_dispatch_handler|./pp/i2c;0;0;0;0;0;0
slave_dispatch_handler.mut.160.1_1_13.SDL.gs_param_i2c_slave_dispatch_handler|./pp/i2c;0;0;0;0;0;0
slave_dispatch_handler.mut.153.1_1_21.SDL.gs_param_i2c_slave_dispatch_handler|./pp/i2c;0;0;0;0;0;0
slave_dispatch_handler.mut.58.1_1_13.SDL._find_addr|./pp/i2c;0;0;0;0;0;0
slave_dispatch_handler.mut.34.1_1_5.SDL._find_addr|./pp/i2c;0;0;0;0;0;0
slave_dispatch_handler.mut.187.1_1_21.SDL.gs_param_i2c_slave_dispatch_handler|./pp/i2c;0;0;0;0;0;0
slave_dispatch_handler.mut.136.1_1_25.SDL.gs_param_i2c_slave_dispatch_handler|./pp/i2c;0;0;0;0;0;0
slave_dispatch_handler.mut.169.1_1_25.SDL.gs_param_i2c_slave_dispatch_handler|./pp/i2c;0;0;0;0;0;0
slave_dispatch_handler.mut.164.1_1_17.SDL.gs_param_i2c_slave_dispatch_handler|./pp/i2c;0;0;0;0;0;0
slave_dispatch_handler.mut.194.1_1_33.SDL.gs_param_i2c_slave_dispatch_handler|./pp/i2c;0;0;0;0;0;0
slave_dispatch_handler.mut.192.1_1_29.SDL.gs_param_i2c_slave_dispatch_handler|./pp/i2c;0;0;0;0;0;0
slave_dispatch_handler.mut.108.1_1_21.SDL._copy_data|./pp/i2c;0;0;0;0;0;0
slave_dispatch_handler.mut.147.1_1_17.SDL.gs_param_i2c_slave_dispatch_handler|./pp/i2c;0;0;0;0;0;0
slave_dispatch_handler.mut.50.1_1_21.SDL._find_addr|./pp/i2c;0;0;0;0;0;0
slave_dispatch_handler.mut.53.1_1_21.SDL._find_addr|./pp/i2c;0;0;0;0;0;0
slave_dispatch_handler.mut.152.1_1_21.SDL.gs_param_i2c_slave_dispatch_handler|./pp/i2c;0;0;0;0;0;0
slave_dispatch_handler.mut.171.1_1_25.SDL.gs_param_i2c_slave_dispatch_handler|./pp/i2c;0;0;0;0;0;0
slave_dispatch_handler.mut.138.1_1_29.SDL.gs_param_i2c_slave_dispatch_handler|./pp/i2c;0;0;0;0;0;0
slave_dispatch_handler.mut.133.1_1_25.SDL.gs_param_i2c_slave_dispatch_handler|./pp/i2c;0;0;0;0;0;0
slave_dispatch_handler.mut.172.1_1_29.SDL.gs_param_i2c_slave_dispatch_handler|./pp/i2c;0;0;0;0;0;0
slave_dispatch_handler.mut.155.1_1_29.SDL.gs_param_i2c_slave_dispatch_handler|./pp/i2c;0;0;0;0;0;0
slave_dispatch_handler.mut.60.1_1_13.SDL._find_addr|./pp/i2c;0;0;0;0;0;0
slave_dispatch_handler.mut.186.1_1_21.SDL.gs_param_i2c_slave_dispatch_handler|./pp/i2c;0;0;0;0;0;0
slave_dispatch_handler.mut.193.1_1_33.SDL.gs_param_i2c_slave_dispatch_handler|./pp/i2c;0;0;0;0;0;0
slave_dispatch_handler.mut.131.1_1_21.SDL.gs_param_i2c_slave_dispatch_handler|./pp/i2c;0;0;0;0;0;0
slave_dispatch_handler.mut.149.1_1_21.SDL.gs_param_i2c_slave_dispatch_handler|./pp/i2c;0;0;0;0;0;0
slave_dispatch_handler.mut.49.1_1_21.SDL._find_addr|./pp/i2c;0;0;0;0;0;0
slave_dispatch_handler.mut.129.1_1_17.SDL.gs_param_i2c_slave_dispatch_handler|./pp/i2c;0;0;0;0;0;0
slave_dispatch_handler.mut.165.1_1_21.SDL.gs_param_i2c_slave_dispatch_handler|./pp/i2c;0;0;0;0;0;0
slave_dispatch_handler.mut.184.1_1_17.SDL.gs_param_i2c_slave_dispatch_handler|./pp/i2c;0;0;0;0;0;0
slave_dispatch_handler.mut.59.1_1_13.SDL._find_addr|./pp/i2c;0;0;0;0;0;0
slave_dispatch_handler.mut.190.1_1_21.SDL.gs_param_i2c_slave_dispatch_handler|./pp/i2c;0;0;0;0;0;0
slave_dispatch_handler.mut.39.1_1_9.SDL._find_addr|./pp/i2c;0;0;0;0;0;0
slave_dispatch_handler.mut.154.1_1_25.SDL.gs_param_i2c_slave_dispatch_handler|./pp/i2c;0;0;0;0;0;0
slave_dispatch_handler.mut.185.1_1_17.SDL.gs_param_i2c_slave_dispatch_handler|./pp/i2c;0;0;0;0;0;0
slave_dispatch_handler.mut.107.1_1_17.SDL._copy_data|./pp/i2c;0;0;0;0;0;0
slave_dispatch_handler.mut.111.1_1_13.SDL._copy_data|./pp/i2c;0;0;0;0;0;0
slave_dispatch_handler.mut.137.1_1_29.SDL.gs_param_i2c_slave_dispatch_handler|./pp/i2c;0;0;0;0;0;0
slave_dispatch_handler.mut.166.1_1_21.SDL.gs_param_i2c_slave_dispatch_handler|./pp/i2c;0;0;0;0;0;0
slave_dispatch_handler.mut.33.1_1_5.SDL._find_addr|./pp/i2c;0;0;0;0;0;0
slave_dispatch_handler.mut.132.1_1_21.SDL.gs_param_i2c_slave_dispatch_handler|./pp/i2c;0;0;0;0;0;0
slave_dispatch_handler.mut.168.1_1_25.SDL.gs_param_i2c_slave_dispatch_handler|./pp/i2c;0;0;0;0;0;0
slave_dispatch_handler.mut.173.1_1_33.SDL.gs_param_i2c_slave_dispatch_handler|./pp/i2c;0;0;0;0;0;0
slave_dispatch_handler.mut.135.1_1_25.SDL.gs_param_i2c_slave_dispatch_handler|./pp/i2c;0;0;0;0;0;0
slave_dispatch_handler.mut.207.1_1_5.SDL.gs_pp_i2c_slave_rx|./pp/i2c;0;0;0;0;0;0
slave_dispatch_handler.mut.148.1_1_17.SDL.gs_param_i2c_slave_dispatch_handler|./pp/i2c;0;0;0;0;0;0
slave_dispatch_handler.mut.174.1_1_33.SDL.gs_param_i2c_slave_dispatch_handler|./pp/i2c;0;0;0;0;0;0
slave_dispatch_handler.mut.167.1_1_21.SDL.gs_param_i2c_slave_dispatch_handler|./pp/i2c;0;0;0;0;0;0
slave_dispatch_handler.mut.119.1_1_5.SDL._copy_data|./pp/i2c;0;0;0;0;0;0
slave_dispatch_handler.mut.44.1_1_13.SDL._find_addr|./pp/i2c;0;0;0;0;0;0
slave_dispatch_handler.mut.208.1_1_9.SDL.gs_pp_i2c_slave_rx|./pp/i2c;0;0;0;0;0;0
slave_dispatch_handler.mut.125.1_1_5.SDL.gs_param_i2c_slave_dispatch_handler|./pp/i2c;0;0;0;0;0;0
slave_dispatch_handler.mut.55.1_1_17.SDL._find_addr|./pp/i2c;0;0;0;0;0;0
slave_dispatch_handler.mut.170.1_1_25.SDL.gs_param_i2c_slave_dispatch_handler|./pp/i2c;0;0;0;0;0;0
slave_dispatch_handler.mut.180.1_1_13.SDL.gs_param_i2c_slave_dispatch_handler|./pp/i2c;0;0;0;0;0;0
