csp_endian.mut.73.1_1_2.SDL.csp_ntoh64|./lib/libcsp/src;1;1;1;1;1;1;1;1;1;1
csp_sfp.mut.97.1_1_3.SDL.csp_sfp_send_own_memcpy|./lib/libcsp/src;1;1;1;1;1;1;1;1;1;1
csp_sha1.mut.133.1_1_4.SDL.csp_sha1_init|./lib/libcsp/src/crypto;1;1;1;1;1;1;1;1;1;1
csp_crc32.mut.82.1_1_2.SDL.csp_crc32_append|./lib/libcsp/src;0;0;0;0;0;0;0;0;0;0
csp_crc32.mut.75.1_1_4.SDL.csp_crc32_memory|./lib/libcsp/src;0;0;0;0;0;0;0;0;0;0
csp_init.mut.76.1_1_2.SDL.csp_init|./lib/libcsp/src;0;0;0;0;0;0;0;0;0;0
csp_io.mut.82.1_1_2.SDL.csp_socket|./lib/libcsp/src;0;0;0;0;0;0;0;0;0;0
csp_io.mut.103.1_1_2.SDL.csp_socket|./lib/libcsp/src;1;1;1;1;1;1;1;1;1;1
csp_io.mut.298.1_1_2.SDL.csp_transaction_persistent|./lib/libcsp/src;1;1;1;1;1;1;1;1;1;1
pthread_queue.mut.161.1_1_2.SDL.pthread_queue_enqueue|./lib/libcsp/src/arch/posix;1;1;1;1;1;1;1;1;1;1
pthread_queue.mut.117.1_1_2.SDL.wait_slot_available|./lib/libcsp/src/arch/posix;1;1;1;1;1;1;1;1;1;1
csp_semaphore.mut.150.1_1_2.SDL.csp_bin_sem_post|./lib/libcsp/src/arch/posix;1;1;1;1;1;1;1;1;1;1
csp_conn.mut.189.1_1_2.SDL.csp_conn_find|./lib/libcsp/src;1;1;1;1;1;1;1;1;1;1
service_handler.mut.75.1_1_5.SDL.uptime|./src;0;0;0;0;0;0;0;0;0;0
commands.mut.434.1_1_5.SDL.cmd_cmp_poke|./src;0;0;0;0;0;0;0;0;0;0
csp_sfp.mut.146.1_1_3.SDL.csp_sfp_recv_fp|./lib/libcsp/src;1;1;1;1;1;1;1;1;1;1
csp_conn.mut.287.1_1_5.SDL.csp_close|./lib/libcsp/src;1;1;1;1;1;1;1;1;1;1
csp_io.mut.118.1_1_2.SDL.csp_accept|./lib/libcsp/src;1;1;1;1;1;1;1;1;1;1
csp_io.mut.294.1_1_2.SDL.csp_transaction_persistent|./lib/libcsp/src;0;0;0;0;0;0;0;0;0;0
csp_io.mut.281.1_1_2.SDL.csp_send|./lib/libcsp/src;1;1;1;1;1;1;1;1;1;1
csp_services.mut.143.1_1_2.SDL.csp_ps|./lib/libcsp/src;1;1;1;1;1;1;1;1;1;1
csp_sha1.mut.100.1_1_5.SDL.csp_sha1_compress|./lib/libcsp/src/crypto;1;1;1;1;1;1;1;1;1;1
csp_sha1.mut.86.1_1_2.SDL.csp_sha1_compress|./lib/libcsp/src/crypto;1;1;1;1;1;1;1;1;1;1
csp_xtea.mut.131.1_1_2.SDL.csp_xtea_encrypt_packet|./lib/libcsp/src/crypto;0;0;0;0;0;0;0;0;0;0
csp_hmac.mut.100.1_1_2.SDL.csp_hmac_done|./lib/libcsp/src/crypto;0;0;0;0;0;0;0;0;0;0
csp_hmac.mut.55.1_1_3.SDL.csp_hmac_init|./lib/libcsp/src/crypto;1;1;1;1;1;1;1;1;1;1
csp_buffer.mut.56.1_1_2.SDL.csp_buffer_init|./lib/libcsp/src;1;1;1;1;1;1;1;1;1;1
commands.mut.380.1_1_5.SDL.cmd_cmp_ifc|./src;0;0;0;0;0;0;0;0;0;0
router.mut.55.1_1_5.SDL.gs_csp_router_task_stop_with_timeout|./src;0;0;0;0;0;0;0;0;0;0
service_handler.mut.51.1_1_5.SDL.memfree|./src;1;1;1;1;1;1;1;1;1;1
router.mut.41.1_1_9.SDL.gs_csp_router_task_stop_with_timeout|./src;1;1;1;1;1;1;1;1;1;1
csp_buffer.mut.83.1_1_3.SDL.csp_buffer_free_resources|./lib/libcsp/src;0;0;0;0;0;0;0;0;0;0
csp_port.mut.39.1_1_2.SDL.csp_port_get_socket|./lib/libcsp/src;1;1;1;1;1;1;1;1;1;1
csp_xtea.mut.166.1_1_9.SDL.csp_xtea_decrypt_packet|./lib/libcsp/src/crypto;1;1;1;1;1;1;1;1;1;1
csp_semaphore.mut.128.1_1_2.SDL.csp_bin_sem_wait|./lib/libcsp/src/arch/posix;1;1;1;1;1;1;1;1;1;1
csp_semaphore.mut.110.1_1_3.SDL.csp_bin_sem_wait|./lib/libcsp/src/arch/posix;1;1;1;1;1;1;1;1;1;1
pthread_queue.mut.102.1_1_2.SDL.pthread_queue_delete|./lib/libcsp/src/arch/posix;0;0;0;0;0;0;0;0;0;0
csp_service_handler.mut.305.1_1_4.SDL.csp_service_handler|./lib/libcsp/src;1;1;1;1;1;1;1;1;1;1
csp_service_handler.mut.61.1_1_2.SDL.do_cmp_ident|./lib/libcsp/src;0;0;0;0;0;0;0;0;0;0
csp_init.mut.86.1_1_2.SDL.csp_free_resources|./lib/libcsp/src;0;0;0;0;0;0;0;0;0;0
csp_services.mut.133.1_1_2.SDL.csp_ps|./lib/libcsp/src;0;0;0;0;0;0;0;0;0;0
csp_conn.mut.111.1_1_2.SDL.csp_conn_init|./lib/libcsp/src;1;1;1;1;1;1;1;1;1;1
csp_rtable.mut.140.1_1_5.SDL.csp_rtable_save_route|./lib/libcsp/src/rtable;1;1;1;1;1;1;1;1;1;1
csp_rtable.mut.39.1_1_2.SDL.csp_rtable_parse|./lib/libcsp/src/rtable;1;1;1;1;1;1;1;1;1;1
csp_sfp.mut.187.1_1_3.SDL.csp_sfp_recv_fp|./lib/libcsp/src;0;0;0;0;0;0;0;0;0;0
csp_service_handler.mut.161.1_1_2.SDL.do_cmp_clock|./lib/libcsp/src;0;0;0;0;0;0;0;0;0;0
csp_service_handler.mut.218.1_1_2.SDL.csp_service_handler|./lib/libcsp/src;1;1;1;1;1;1;1;1;1;1
csp_service_handler.mut.162.1_1_2.SDL.do_cmp_clock|./lib/libcsp/src;0;0;0;0;0;0;0;0;0;0
csp_conn.mut.463.1_1_2.SDL.csp_conn_sport|./lib/libcsp/src;1;1;1;1;1;1;1;1;1;1
csp_services.mut.58.1_1_2.SDL.csp_ping|./lib/libcsp/src;1;1;1;1;1;1;1;1;1;1
csp_crc32.mut.96.1_1_2.SDL.csp_crc32_append|./lib/libcsp/src;1;1;1;1;1;1;1;1;1;1
csp_sha1.mut.79.1_1_2.SDL.csp_sha1_compress|./lib/libcsp/src/crypto;1;1;1;1;1;1;1;1;1;1
csp_xtea.mut.57.1_1_2.SDL.csp_xtea_encrypt_block|./lib/libcsp/src/crypto;1;1;1;1;1;1;1;1;1;1
csp_hmac.mut.137.1_1_2.SDL.csp_hmac_set_key|./lib/libcsp/src/crypto;1;1;1;1;1;1;1;1;1;1
commands.mut.124.1_1_5.SDL.cmd_ps|./src;1;1;1;1;1;1;1;1;1;1
commands.mut.319.1_1_5.SDL.cmd_cmp_ident|./src;1;1;1;1;1;1;1;1;1;1
commands.mut.366.1_1_5.SDL.cmd_cmp_ifc|./src;0;0;0;0;0;0;0;0;0;0
csp.mut.103.1_1_9.SDL.gs_csp_is_address_valid|./src;0;0;0;0;0;0;0;0;0;0
commands.mut.444.1_1_5.SDL.cmd_cmp_poke|./src;0;0;0;0;0;0;0;0;0;0
csp.mut.72.1_1_5.SDL.gs_csp_is_address_valid|./src;1;1;1;1;1;1;1;1;1;1
csp_buffer.mut.86.1_1_2.SDL.csp_buffer_free_resources|./lib/libcsp/src;0;0;0;0;0;0;0;0;0;0
csp_buffer.mut.193.1_1_2.SDL.csp_buffer_free|./lib/libcsp/src;0;0;0;0;0;0;0;0;0;0
csp_sfp.mut.218.1_1_4.SDL.csp_sfp_recv_fp|./lib/libcsp/src;1;1;1;1;1;1;1;1;1;1
csp_sfp.mut.101.1_1_3.SDL.csp_sfp_send_own_memcpy|./lib/libcsp/src;1;1;1;1;1;1;1;1;1;1
csp_hmac.mut.170.1_1_2.SDL.csp_hmac_verify|./lib/libcsp/src/crypto;0;0;0;0;0;0;0;0;0;0
csp_xtea.mut.60.1_1_2.SDL.csp_xtea_encrypt_block|./lib/libcsp/src/crypto;1;1;1;1;1;1;1;1;1;1
csp_sha1.mut.208.1_1_2.SDL.csp_sha1_memory|./lib/libcsp/src/crypto;1;1;1;1;1;1;1;1;1;1
csp_semaphore.mut.84.1_1_2.SDL.csp_bin_sem_create|./lib/libcsp/src/arch/posix;0;0;0;0;0;0;0;0;0;0
csp_service_handler.mut.299.1_1_3.SDL.csp_service_handler|./lib/libcsp/src;1;1;1;1;1;1;1;1;1;1
csp_route.mut.261.1_1_3.SDL.csp_route_work|./lib/libcsp/src;1;1;1;1;1;1;1;1;1;1
csp_io.mut.302.1_1_2.SDL.csp_transaction_persistent|./lib/libcsp/src;1;1;1;1;1;1;1;1;1;1
csp_conn.mut.110.1_1_2.SDL.csp_conn_init|./lib/libcsp/src;0;0;0;0;0;0;0;0;0;0
csp_conn.mut.324.1_1_3.SDL.csp_conn_close|./lib/libcsp/src;0;0;0;0;0;0;0;0;0;0
csp_conn.mut.352.1_1_2.SDL.csp_connect|./lib/libcsp/src;0;0;0;0;0;0;0;0;0;0
csp_rtable.mut.119.1_1_5.SDL.csp_rtable_save_route|./lib/libcsp/src/rtable;1;1;1;1;1;1;1;1;1;1
csp_buffer.mut.118.1_1_2.SDL.csp_buffer_get|./lib/libcsp/src;1;1;1;1;1;1;1;1;1;1
csp_rtable.mut.153.1_1_5.SDL.csp_rtable_save|./lib/libcsp/src/rtable;1;1;1;1;1;1;1;1;1;1
csp_sfp.mut.132.1_1_3.SDL.csp_sfp_recv_fp|./lib/libcsp/src;1;1;1;1;1;1;1;1;1;1
csp_udp.mut.46.1_1_3.SDL.csp_udp_new_packet|./lib/libcsp/src/transport;1;1;1;1;1;1;1;1;1;1
csp_qfifo.mut.136.1_1_2.SDL.csp_qfifo_write|./lib/libcsp/src;1;1;1;1;1;1;1;1;1;1
pthread_queue.mut.68.1_1_2.SDL.init_cond_clock_monotonic|./lib/libcsp/src/arch/posix;0;0;0;0;0;0;0;0;0;0
pthread_queue.mut.184.1_1_3.SDL.wait_item_available|./lib/libcsp/src/arch/posix;1;1;1;1;1;1;1;1;1;1
csp_endian.mut.125.1_1_2.SDL.csp_letoh32|./lib/libcsp/src;1;1;1;1;1;1;1;1;1;1
csp_conn.mut.176.1_1_9.SDL.csp_conn_free_resources|./lib/libcsp/src;0;0;0;0;0;0;0;0;0;0
csp_conn.mut.207.1_1_2.SDL.csp_conn_flush_rx_queue|./lib/libcsp/src;1;1;1;1;1;1;1;1;1;1
csp_iflist.mut.95.1_1_3.SDL.csp_iflist_print|./lib/libcsp/src;1;1;1;1;1;1;1;1;1;1
csp_port.mut.69.1_1_2.SDL.csp_port_free_resources|./lib/libcsp/src;1;1;1;1;1;1;1;1;1;1
commands.mut.93.1_1_9.SDL.cmd_ping|./src;1;1;1;1;1;1;1;1;1;1
csp.mut.73.1_1_5.SDL.gs_csp_is_address_valid|./src;1;1;1;1;1;1;1;1;1;1
csp_port.mut.82.1_1_9.SDL.csp_listen|./lib/libcsp/src;1;1;1;1;1;1;1;1;1;1
csp_hmac.mut.180.1_1_3.SDL.csp_hmac_verify|./lib/libcsp/src/crypto;1;1;1;1;1;1;1;1;1;1
csp_sha1.mut.137.1_1_4.SDL.csp_sha1_init|./lib/libcsp/src/crypto;1;1;1;1;1;1;1;1;1;1
csp_io.mut.89.1_1_2.SDL.csp_socket|./lib/libcsp/src;1;1;1;1;1;1;1;1;1;1
csp_io.mut.266.1_1_2.SDL.csp_send|./lib/libcsp/src;0;0;0;0;0;0;0;0;0;0
csp_time.mut.47.1_1_3.SDL.csp_get_s|./lib/libcsp/src/arch/posix;0;0;0;0;0;0;0;0;0;0
csp_sfp.mut.173.1_1_25.SDL.csp_sfp_recv_fp|./lib/libcsp/src;1;1;1;1;1;1;1;1;1;1
commands.mut.473.1_1_5.SDL.cmd_cmp_clock|./src;1;1;1;1;1;1;1;1;1;1
commands.mut.219.1_1_5.SDL.cmd_csp_rtable_print_table|./src;1;1;1;1;1;1;1;1;1;1
commands.mut.199.1_1_5.SDL.cmd_uptime|./src;1;1;1;1;1;1;1;1;1;1
csp_services.mut.226.1_1_3.SDL.csp_get_uptime|./lib/libcsp/src;1;1;1;1;1;1;1;1;1;1
csp_services.mut.44.1_1_2.SDL.csp_ping|./lib/libcsp/src;0;0;0;0;0;0;0;0;0;0
csp_route.mut.227.1_1_3.SDL.csp_route_work|./lib/libcsp/src;0;0;0;0;0;0;0;0;0;0
csp_init.mut.62.1_1_2.SDL.csp_init|./lib/libcsp/src;1;1;1;1;1;1;1;1;1;1
csp_rtable.mut.38.1_1_2.SDL.csp_rtable_parse|./lib/libcsp/src/rtable;1;1;1;1;1;1;1;1;1;1
csp_rtable.mut.86.1_1_2.SDL.csp_rtable_check|./lib/libcsp/src/rtable;1;1;1;1;1;1;1;1;1;1
csp_conn.mut.99.1_1_2.SDL.csp_conn_init|./lib/libcsp/src;0;0;0;0;0;0;0;0;0;0
csp_conn.mut.181.1_1_9.SDL.csp_conn_free_resources|./lib/libcsp/src;0;0;0;0;0;0;0;0;0;0
csp_semaphore.mut.93.1_1_2.SDL.csp_bin_sem_remove|./lib/libcsp/src/arch/posix;0;0;0;0;0;0;0;0;0;0
csp_queue.mut.51.1_1_2.SDL.csp_queue_dequeue_isr|./lib/libcsp/src/arch/posix;1;1;1;1;1;1;1;1;1;1
pthread_queue.mut.77.1_1_2.SDL.pthread_queue_create|./lib/libcsp/src/arch/posix;1;1;1;1;1;1;1;1;1;1
csp_sha1.mut.72.1_1_2.SDL.csp_sha1_compress|./lib/libcsp/src/crypto;1;1;1;1;1;1;1;1;1;1
csp_sfp.mut.53.1_1_2.SDL.csp_sfp_header_remove|./lib/libcsp/src;0;0;0;0;0;0;0;0;0;0
csp_port.mut.109.1_1_2.SDL.csp_bind|./lib/libcsp/src;1;1;1;1;1;1;1;1;1;1
csp_service_handler.mut.108.1_1_2.SDL.do_cmp_if_stats|./lib/libcsp/src;0;0;0;0;0;0;0;0;0;0
csp_udp.mut.38.1_1_2.SDL.csp_udp_new_packet|./lib/libcsp/src/transport;1;1;1;1;1;1;1;1;1;1
commands.mut.231.1_1_9.SDL.cmd_csp_iflist_print_interfaces|./src;1;1;1;1;1;1;1;1;1;1
commands.mut.329.1_1_5.SDL.cmd_cmp_route_set|./src;1;1;1;1;1;1;1;1;1;1
commands.mut.146.1_1_5.SDL.cmd_memfree|./src;1;1;1;1;1;1;1;1;1;1
commands.mut.117.1_1_5.SDL.cmd_ping|./src;1;1;1;1;1;1;1;1;1;1
commands.mut.318.1_1_5.SDL.cmd_cmp_ident|./src;1;1;1;1;1;1;1;1;1;1
commands.mut.115.1_1_5.SDL.cmd_ping|./src;1;1;1;1;1;1;1;1;1;1
csp.mut.47.1_1_5.SDL.gs_csp_is_address_valid|./src;0;0;0;0;0;0;0;0;0;0
csp.mut.83.1_1_5.SDL.gs_csp_is_address_valid|./src;0;0;0;0;0;0;0;0;0;0
router.mut.25.1_1_9.SDL.gs_csp_router_task|./src;1;1;1;1;1;1;1;1;1;1
pthread_queue.mut.217.1_1_3.SDL.pthread_queue_dequeue|./lib/libcsp/src/arch/posix;1;1;1;1;1;1;1;1;1;1
pthread_queue.mut.84.1_1_4.SDL.pthread_queue_create|./lib/libcsp/src/arch/posix;1;1;1;1;1;1;1;1;1;1
csp_services.mut.176.1_1_2.SDL.csp_get_memfree|./lib/libcsp/src;1;1;1;1;1;1;1;1;1;1
csp_iflist.mut.33.1_1_2.SDL.csp_iflist_get_by_name|./lib/libcsp/src;1;1;1;1;1;1;1;1;1;1
csp_sfp.mut.98.1_1_3.SDL.csp_sfp_send_own_memcpy|./lib/libcsp/src;1;1;1;1;1;1;1;1;1;1
csp_sfp.mut.57.1_1_2.SDL.csp_sfp_header_remove|./lib/libcsp/src;1;1;1;1;1;1;1;1;1;1
csp_sha1.mut.95.1_1_2.SDL.csp_sha1_compress|./lib/libcsp/src/crypto;1;1;1;1;1;1;1;1;1;1
csp_sha1.mut.115.1_1_5.SDL.csp_sha1_compress|./lib/libcsp/src/crypto;1;1;1;1;1;1;1;1;1;1
csp_hmac.mut.108.1_1_2.SDL.csp_hmac_done|./lib/libcsp/src/crypto;0;0;0;0;0;0;0;0;0;0
csp_xtea.mut.121.1_1_2.SDL.csp_xtea_encrypt|./lib/libcsp/src/crypto;1;1;1;1;1;1;1;1;1;1
csp_xtea.mut.146.1_1_2.SDL.csp_xtea_encrypt_packet|./lib/libcsp/src/crypto;1;1;1;1;1;1;1;1;1;1
csp_buffer.mut.64.1_1_2.SDL.csp_buffer_init|./lib/libcsp/src;1;1;1;1;1;1;1;1;1;1
csp_service_handler.mut.90.1_1_2.SDL.do_cmp_route_set|./lib/libcsp/src;1;1;1;1;1;1;1;1;1;1
csp_sfp.mut.206.1_1_25.SDL.csp_sfp_recv_fp|./lib/libcsp/src;1;1;1;1;1;1;1;1;1;1
csp_sfp.mut.211.1_1_3.SDL.csp_sfp_recv_fp|./lib/libcsp/src;1;1;1;1;1;1;1;1;1;1
csp_time.mut.30.1_1_2.SDL.csp_get_ms|./lib/libcsp/src/arch/posix;1;1;1;1;1;1;1;1;1;1
csp_service_handler.mut.272.1_1_4.SDL.csp_service_handler|./lib/libcsp/src;1;1;1;1;1;1;1;1;1;1
csp_service_handler.mut.314.1_1_3.SDL.csp_service_handler|./lib/libcsp/src;1;1;1;1;1;1;1;1;1;1
csp_conn.mut.416.1_1_3.SDL.csp_connect|./lib/libcsp/src;1;1;1;1;1;1;1;1;1;1
csp_conn.mut.274.1_1_3.SDL.csp_conn_new|./lib/libcsp/src;1;1;1;1;1;1;1;1;1;1
csp_rtable.mut.132.1_1_5.SDL.csp_rtable_save_route|./lib/libcsp/src/rtable;1;1;1;1;1;1;1;1;1;1
csp_crc32.mut.107.1_1_2.SDL.csp_crc32_verify|./lib/libcsp/src;0;0;0;0;0;0;0;0;0;0
csp_crc32.mut.126.1_1_2.SDL.csp_crc32_verify|./lib/libcsp/src;1;1;1;1;1;1;1;1;1;1
csp_xtea.mut.108.1_1_3.SDL.csp_xtea_encrypt|./lib/libcsp/src/crypto;0;0;0;0;0;0;0;0;0;0
csp_hmac.mut.79.1_1_2.SDL.csp_hmac_process|./lib/libcsp/src/crypto;0;0;0;0;0;0;0;0;0;0
commands.mut.378.1_1_5.SDL.cmd_cmp_ifc|./src;0;0;0;0;0;0;0;0;0;0
conn.mut.12.1_1_9.SDL.gs_csp_conn_get_open|./src;1;1;1;1;1;1;1;1;1;1
commands.mut.498.1_1_5.SDL.cmd_cmp_clock|./src;1;1;1;1;1;1;1;1;1;1
service_handler.mut.29.1_1_5.SDL.gs_csp_ping_service_handler|./src;1;1;1;1;1;1;1;1;1;1
csp.mut.69.1_1_5.SDL.gs_csp_is_address_valid|./src;1;1;1;1;1;1;1;1;1;1
csp_endian.mut.52.1_1_2.SDL.csp_ntoh32|./lib/libcsp/src;1;1;1;1;1;1;1;1;1;1
csp_buffer.mut.188.1_1_2.SDL.csp_buffer_free|./lib/libcsp/src;1;1;1;1;1;1;1;1;1;1
csp_hmac.mut.130.1_1_2.SDL.csp_hmac_memory|./lib/libcsp/src/crypto;0;0;0;0;0;0;0;0;0;0
csp_xtea.mut.111.1_1_3.SDL.csp_xtea_encrypt|./lib/libcsp/src/crypto;0;0;0;0;0;0;0;0;0;0
csp_queue.mut.44.1_1_2.SDL.csp_queue_dequeue|./lib/libcsp/src/arch/posix;1;1;1;1;1;1;1;1;1;1
csp_service_handler.mut.60.1_1_2.SDL.do_cmp_ident|./lib/libcsp/src;1;1;1;1;1;1;1;1;1;1
csp_service_handler.mut.76.1_1_2.SDL.do_cmp_ident|./lib/libcsp/src;1;1;1;1;1;1;1;1;1;1
csp_init.mut.33.1_1_2.SDL.csp_get_address|./lib/libcsp/src;1;1;1;1;1;1;1;1;1;1
csp_qfifo.mut.167.1_1_2.SDL.csp_qfifo_wake_up|./lib/libcsp/src;0;0;0;0;0;0;0;0;0;0
csp_conn.mut.292.1_1_2.SDL.csp_conn_close|./lib/libcsp/src;1;1;1;1;1;1;1;1;1;1
csp_conn.mut.355.1_1_2.SDL.csp_connect|./lib/libcsp/src;1;1;1;1;1;1;1;1;1;1
csp_conn.mut.457.1_1_2.SDL.csp_conn_dport|./lib/libcsp/src;1;1;1;1;1;1;1;1;1;1
csp_rtable.mut.98.1_1_2.SDL.csp_rtable_set|./lib/libcsp/src/rtable;1;1;1;1;1;1;1;1;1;1
commands.mut.230.1_1_9.SDL.cmd_csp_iflist_print_interfaces|./src;1;1;1;1;1;1;1;1;1;1
router.mut.45.1_1_17.SDL.gs_csp_router_task_stop_with_timeout|./src;1;1;1;1;1;1;1;1;1;1
service_handler.mut.74.1_1_5.SDL.uptime|./src;0;0;0;0;0;0;0;0;0;0
csp_xtea.mut.55.1_1_2.SDL.csp_xtea_encrypt_block|./lib/libcsp/src/crypto;1;1;1;1;1;1;1;1;1;1
csp_sha1.mut.104.1_1_2.SDL.csp_sha1_compress|./lib/libcsp/src/crypto;1;1;1;1;1;1;1;1;1;1
csp_sfp.mut.75.1_1_2.SDL.csp_sfp_send_own_memcpy|./lib/libcsp/src;1;1;1;1;1;1;1;1;1;1
csp_conn.mut.373.1_1_2.SDL.csp_connect|./lib/libcsp/src;1;1;1;1;1;1;1;1;1;1
csp_conn.mut.256.1_1_2.SDL.csp_conn_allocate|./lib/libcsp/src;1;1;1;1;1;1;1;1;1;1
csp_conn.mut.356.1_1_2.SDL.csp_connect|./lib/libcsp/src;1;1;1;1;1;1;1;1;1;1
csp_route.mut.238.1_1_4.SDL.csp_route_work|./lib/libcsp/src;0;0;0;0;0;0;0;0;0;0
csp_endian.mut.98.1_1_2.SDL.csp_letoh16|./lib/libcsp/src;1;1;1;1;1;1;1;1;1;1
csp_init.mut.68.1_1_2.SDL.csp_init|./lib/libcsp/src;1;1;1;1;1;1;1;1;1;1
pthread_queue.mut.215.1_1_3.SDL.pthread_queue_dequeue|./lib/libcsp/src/arch/posix;1;1;1;1;1;1;1;1;1;1
csp_io.mut.94.1_1_2.SDL.csp_socket|./lib/libcsp/src;1;1;1;1;1;1;1;1;1;1
csp_rtable.mut.51.1_1_4.SDL.csp_rtable_parse|./lib/libcsp/src/rtable;1;1;1;1;1;1;1;1;1;1
csp_iflist.mut.37.1_1_3.SDL.csp_iflist_get_by_name|./lib/libcsp/src;1;1;1;1;1;1;1;1;1;1
csp_iflist.mut.83.1_1_3.SDL.csp_bytesize|./lib/libcsp/src;1;1;1;1;1;1;1;1;1;1
csp_sfp.mut.221.1_1_3.SDL.csp_sfp_recv_fp|./lib/libcsp/src;1;1;1;1;1;1;1;1;1;1
csp_service_handler.mut.191.1_1_4.SDL.csp_cmp_handler|./lib/libcsp/src;0;0;0;0;0;0;0;0;0;0
csp_sha1.mut.87.1_1_5.SDL.csp_sha1_compress|./lib/libcsp/src/crypto;1;1;1;1;1;1;1;1;1;1
csp_sha1.mut.108.1_1_5.SDL.csp_sha1_compress|./lib/libcsp/src/crypto;1;1;1;1;1;1;1;1;1;1
csp_rtable.mut.64.1_1_4.SDL.csp_rtable_parse|./lib/libcsp/src/rtable;1;1;1;1;1;1;1;1;1;1
csp_system.mut.46.1_1_2.SDL.csp_sys_set_shutdown|./lib/libcsp/src/arch;1;1;1;1;1;1;1;1;1;1
pthread_queue.mut.142.1_1_3.SDL.pthread_queue_enqueue|./lib/libcsp/src/arch/posix;1;1;1;1;1;1;1;1;1;1
pthread_queue.mut.233.1_1_2.SDL.pthread_queue_items|./lib/libcsp/src/arch/posix;0;0;0;0;0;0;0;0;0;0
csp_semaphore.mut.119.1_1_3.SDL.csp_bin_sem_wait|./lib/libcsp/src/arch/posix;0;0;0;0;0;0;0;0;0;0
csp_conn.mut.276.1_1_3.SDL.csp_conn_new|./lib/libcsp/src;0;0;0;0;0;0;0;0;0;0
error.mut.7.1_1_5.SDL.gs_csp_error|./src;1;1;1;1;1;1;1;1;1;1
service_handler.mut.44.1_1_9.SDL.memfree|./src;0;0;0;0;0;0;0;0;0;0
service_handler.mut.47.1_1_5.SDL.memfree|./src;0;0;0;0;0;0;0;0;0;0
commands.mut.201.1_1_9.SDL.cmd_uptime|./src;1;1;1;1;1;1;1;1;1;1
csp_services.mut.205.1_1_2.SDL.csp_get_buf_free|./lib/libcsp/src;1;1;1;1;1;1;1;1;1;1
csp_services.mut.151.1_1_3.SDL.csp_ps|./lib/libcsp/src;1;1;1;1;1;1;1;1;1;1
csp_services.mut.248.1_1_2.SDL.csp_cmp|./lib/libcsp/src;1;1;1;1;1;1;1;1;1;1
csp_io.mut.331.1_1_2.SDL.csp_transaction_w_opts|./lib/libcsp/src;0;0;0;0;0;0;0;0;0;0
csp_conn.mut.363.1_1_2.SDL.csp_connect|./lib/libcsp/src;1;1;1;1;1;1;1;1;1;1
csp_conn.mut.172.1_1_9.SDL.csp_conn_free_resources|./lib/libcsp/src;1;1;1;1;1;1;1;1;1;1
csp_conn.mut.351.1_1_2.SDL.csp_connect|./lib/libcsp/src;0;0;0;0;0;0;0;0;0;0
csp_conn.mut.179.1_1_9.SDL.csp_conn_free_resources|./lib/libcsp/src;0;0;0;0;0;0;0;0;0;0
pthread_queue.mut.82.1_1_4.SDL.pthread_queue_create|./lib/libcsp/src/arch/posix;1;1;1;1;1;1;1;1;1;1
pthread_queue.mut.81.1_1_4.SDL.pthread_queue_create|./lib/libcsp/src/arch/posix;1;1;1;1;1;1;1;1;1;1
csp_sha1.mut.206.1_1_2.SDL.csp_sha1_memory|./lib/libcsp/src/crypto;1;1;1;1;1;1;1;1;1;1
csp_sha1.mut.154.1_1_4.SDL.csp_sha1_process|./lib/libcsp/src/crypto;1;1;1;1;1;1;1;1;1;1
csp_buffer.mut.130.1_1_2.SDL.csp_buffer_get|./lib/libcsp/src;1;1;1;1;1;1;1;1;1;1
csp_sfp.mut.201.1_1_3.SDL.csp_sfp_recv_fp|./lib/libcsp/src;1;1;1;1;1;1;1;1;1;1
csp_service_handler.mut.269.1_1_4.SDL.csp_service_handler|./lib/libcsp/src;1;1;1;1;1;1;1;1;1;1
csp_service_handler.mut.115.1_1_2.SDL.do_cmp_if_stats|./lib/libcsp/src;1;1;1;1;1;1;1;1;1;1
csp_port.mut.58.1_1_2.SDL.csp_port_init|./lib/libcsp/src;1;1;1;1;1;1;1;1;1;1
csp_port.mut.79.1_1_2.SDL.csp_listen|./lib/libcsp/src;0;0;0;0;0;0;0;0;0;0
csp_rtable.mut.82.1_1_2.SDL.csp_rtable_load|./lib/libcsp/src/rtable;1;1;1;1;1;1;1;1;1;1
csp_qfifo.mut.37.1_1_4.SDL.csp_qfifo_init|./lib/libcsp/src;1;1;1;1;1;1;1;1;1;1
csp_io.mut.105.1_1_2.SDL.csp_socket|./lib/libcsp/src;1;1;1;1;1;1;1;1;1;1
csp_time.mut.31.1_1_2.SDL.csp_get_uptime_s|./lib/libcsp/src/arch;0;0;0;0;0;0;0;0;0;0
csp_thread.mut.66.1_1_2.SDL.csp_sleep_ms|./lib/libcsp/src/arch/posix;1;1;1;1;1;1;1;1;1;1
csp_thread.mut.69.1_1_2.SDL.csp_sleep_ms|./lib/libcsp/src/arch/posix;1;1;1;1;1;1;1;1;1;1
pthread_queue.mut.151.1_1_2.SDL.pthread_queue_enqueue|./lib/libcsp/src/arch/posix;0;0;0;0;0;0;0;0;0;0
csp_services.mut.125.1_1_2.SDL.csp_ps|./lib/libcsp/src;0;0;0;0;0;0;0;0;0;0
csp_service_handler.mut.110.1_1_2.SDL.do_cmp_if_stats|./lib/libcsp/src;0;0;0;0;0;0;0;0;0;0
csp_service_handler.mut.175.1_1_2.SDL.csp_cmp_handler|./lib/libcsp/src;0;0;0;0;0;0;0;0;0;0
csp_service_handler.mut.72.1_1_2.SDL.do_cmp_ident|./lib/libcsp/src;1;1;1;1;1;1;1;1;1;1
csp_xtea.mut.117.1_1_3.SDL.csp_xtea_encrypt|./lib/libcsp/src/crypto;0;0;0;0;0;0;0;0;0;0
csp_iflist.mut.68.1_1_5.SDL.csp_iflist_get|./lib/libcsp/src;1;1;1;1;1;1;1;1;1;1
csp_sfp.mut.153.1_1_4.SDL.csp_sfp_recv_fp|./lib/libcsp/src;1;1;1;1;1;1;1;1;1;1
csp_buffer.mut.82.1_1_3.SDL.csp_buffer_free_resources|./lib/libcsp/src;1;1;1;1;1;1;1;1;1;1
commands.mut.61.1_1_9.SDL.cmd_ping|./src;0;0;0;0;0;0;0;0;0;0
commands.mut.446.1_1_5.SDL.cmd_cmp_poke|./src;0;0;0;0;0;0;0;0;0;0
commands.mut.212.1_1_9.SDL.csp_rtable_print_route|./src;1;1;1;1;1;1;1;1;1;1
commands.mut.237.1_1_9.SDL.cmd_csp_iflist_print_interfaces|./src;1;1;1;1;1;1;1;1;1;1
router.mut.71.1_1_5.SDL.gs_csp_router_task_start|./src;1;1;1;1;1;1;1;1;1;1
service_handler.mut.63.1_1_5.SDL.gs_csp_reboot_service_handler|./src;1;1;1;1;1;1;1;1;1;1
commands.mut.86.1_1_5.SDL.cmd_ping|./src;1;1;1;1;1;1;1;1;1;1
commands.mut.220.1_1_5.SDL.cmd_csp_rtable_print_table|./src;1;1;1;1;1;1;1;1;1;1
csp_route.mut.249.1_1_2.SDL.csp_route_work|./lib/libcsp/src;1;1;1;1;1;1;1;1;1;1
csp_route.mut.255.1_1_3.SDL.csp_route_work|./lib/libcsp/src;1;1;1;1;1;1;1;1;1;1
pthread_queue.mut.120.1_1_4.SDL.wait_slot_available|./lib/libcsp/src/arch/posix;1;1;1;1;1;1;1;1;1;1
csp_services.mut.169.1_1_2.SDL.csp_ps|./lib/libcsp/src;1;1;1;1;1;1;1;1;1;1
csp_services.mut.202.1_1_3.SDL.csp_get_buf_free|./lib/libcsp/src;1;1;1;1;1;1;1;1;1;1
csp_services.mut.204.1_1_2.SDL.csp_get_buf_free|./lib/libcsp/src;0;0;0;0;0;0;0;0;0;0
csp_io.mut.323.1_1_2.SDL.csp_transaction_persistent|./lib/libcsp/src;1;1;1;1;1;1;1;1;1;1
csp_service_handler.mut.65.1_1_2.SDL.do_cmp_ident|./lib/libcsp/src;0;0;0;0;0;0;0;0;0;0
csp_iflist.mut.94.1_1_2.SDL.csp_iflist_print|./lib/libcsp/src;0;0;0;0;0;0;0;0;0;0
csp_sha1.mut.148.1_1_4.SDL.csp_sha1_process|./lib/libcsp/src/crypto;1;1;1;1;1;1;1;1;1;1
csp_sha1.mut.89.1_1_5.SDL.csp_sha1_compress|./lib/libcsp/src/crypto;1;1;1;1;1;1;1;1;1;1
csp_service_handler.mut.86.1_1_2.SDL.do_cmp_route_set|./lib/libcsp/src;0;0;0;0;0;0;0;0;0;0
csp_service_handler.mut.211.1_1_2.SDL.csp_cmp_handler|./lib/libcsp/src;0;0;0;0;0;0;0;0;0;0
csp_if_lo.mut.43.1_1_2.SDL.csp_lo_tx|./lib/libcsp/src/interfaces;1;1;1;1;1;1;1;1;1;1
csp_rtable.mut.145.1_1_5.SDL.csp_rtable_save_route|./lib/libcsp/src/rtable;0;0;0;0;0;0;0;0;0;0
csp_hmac.mut.190.1_1_2.SDL.csp_hmac_verify|./lib/libcsp/src/crypto;1;1;1;1;1;1;1;1;1;1
csp_qfifo.mut.60.1_1_4.SDL.csp_qfifo_free_resources|./lib/libcsp/src;0;0;0;0;0;0;0;0;0;0
pthread_queue.mut.178.1_1_3.SDL.wait_item_available|./lib/libcsp/src/arch/posix;1;1;1;1;1;1;1;1;1;1
pthread_queue.mut.78.1_1_3.SDL.pthread_queue_create|./lib/libcsp/src/arch/posix;1;1;1;1;1;1;1;1;1;1
csp_malloc.mut.26.1_1_2.SDL.csp_malloc|./lib/libcsp/src/arch/posix;1;1;1;1;1;1;1;1;1;1
csp_conn.mut.150.1_1_5.SDL.csp_conn_free_resources|./lib/libcsp/src;0;0;0;0;0;0;0;0;0;0
csp_iflist.mut.96.1_1_3.SDL.csp_iflist_print|./lib/libcsp/src;1;1;1;1;1;1;1;1;1;1
commands.mut.336.1_1_5.SDL.cmd_cmp_route_set|./src;1;1;1;1;1;1;1;1;1;1
router.mut.44.1_1_13.SDL.gs_csp_router_task_stop_with_timeout|./src;1;1;1;1;1;1;1;1;1;1
csp.mut.55.1_1_5.SDL.gs_csp_is_address_valid|./src;0;0;0;0;0;0;0;0;0;0
csp.mut.133.1_1_5.SDL.gs_csp_free_resources|./src;0;0;0;0;0;0;0;0;0;0
commands.mut.509.1_1_5.SDL.cmd_cmp_clock_get|./src;1;1;1;1;1;1;1;1;1;1
csp.mut.117.1_1_5.SDL.gs_csp_is_address_valid|./src;1;1;1;1;1;1;1;1;1;1
csp_endian.mut.43.1_1_2.SDL.csp_hton32|./lib/libcsp/src;1;1;1;1;1;1;1;1;1;1
csp_qfifo.mut.108.1_1_2.SDL.csp_qfifo_write|./lib/libcsp/src;0;0;0;0;0;0;0;0;0;0
csp_port.mut.78.1_1_2.SDL.csp_listen|./lib/libcsp/src;1;1;1;1;1;1;1;1;1;1
csp_sha1.mut.90.1_1_5.SDL.csp_sha1_compress|./lib/libcsp/src/crypto;1;1;1;1;1;1;1;1;1;1
csp_hmac.mut.164.1_1_2.SDL.csp_hmac_append|./lib/libcsp/src/crypto;1;1;1;1;1;1;1;1;1;1
csp_xtea.mut.106.1_1_2.SDL.csp_xtea_encrypt|./lib/libcsp/src/crypto;0;0;0;0;0;0;0;0;0;0
csp_xtea.mut.54.1_1_2.SDL.csp_xtea_encrypt_block|./lib/libcsp/src/crypto;1;1;1;1;1;1;1;1;1;1
csp_service_handler.mut.246.1_1_3.SDL.csp_service_handler|./lib/libcsp/src;0;0;0;0;0;0;0;0;0;0
csp_io.mut.186.1_1_2.SDL.csp_send_direct|./lib/libcsp/src;1;1;1;1;1;1;1;1;1;1
csp_sfp.mut.43.1_1_2.SDL.csp_sfp_header_add|./lib/libcsp/src;1;1;1;1;1;1;1;1;1;1
csp_sfp.mut.105.1_1_3.SDL.csp_sfp_send_own_memcpy|./lib/libcsp/src;1;1;1;1;1;1;1;1;1;1
csp_service_handler.mut.181.1_1_4.SDL.csp_cmp_handler|./lib/libcsp/src;0;0;0;0;0;0;0;0;0;0
csp_conn.mut.155.1_1_13.SDL.csp_conn_free_resources|./lib/libcsp/src;1;1;1;1;1;1;1;1;1;1
csp_conn.mut.431.1_1_2.SDL.csp_connect|./lib/libcsp/src;1;1;1;1;1;1;1;1;1;1
csp_qfifo.mut.96.1_1_2.SDL.csp_qfifo_read|./lib/libcsp/src;1;1;1;1;1;1;1;1;1;1
csp_io.mut.247.1_1_2.SDL.csp_send_direct|./lib/libcsp/src;0;0;0;0;0;0;0;0;0;0
csp_io.mut.111.1_1_2.SDL.csp_accept|./lib/libcsp/src;0;0;0;0;0;0;0;0;0;0
csp_services.mut.49.1_1_2.SDL.csp_ping|./lib/libcsp/src;1;1;1;1;1;1;1;1;1;1
csp_sha1.mut.114.1_1_5.SDL.csp_sha1_compress|./lib/libcsp/src/crypto;1;1;1;1;1;1;1;1;1;1
csp_hmac.mut.115.1_1_2.SDL.csp_hmac_memory|./lib/libcsp/src/crypto;0;0;0;0;0;0;0;0;0;0
csp_buffer.mut.183.1_1_2.SDL.csp_buffer_free|./lib/libcsp/src;0;0;0;0;0;0;0;0;0;0
commands.mut.229.1_1_9.SDL.cmd_csp_iflist_print_interfaces|./src;1;1;1;1;1;1;1;1;1;1
commands.mut.152.1_1_5.SDL.cmd_reboot|./src;1;1;1;1;1;1;1;1;1;1
router.mut.24.1_1_5.SDL.gs_csp_router_task|./src;1;1;1;1;1;1;1;1;1;1
csp.mut.57.1_1_5.SDL.gs_csp_is_address_valid|./src;0;0;0;0;0;0;0;0;0;0
conn.mut.21.1_1_5.SDL.gs_csp_conn_get_open|./src;1;1;1;1;1;1;1;1;1;1
commands.mut.316.1_1_5.SDL.cmd_cmp_ident|./src;1;1;1;1;1;1;1;1;1;1
commands.mut.463.1_1_5.SDL.cmd_cmp_clock|./src;1;1;1;1;1;1;1;1;1;1
pthread_queue.mut.216.1_1_3.SDL.pthread_queue_dequeue|./lib/libcsp/src/arch/posix;1;1;1;1;1;1;1;1;1;1
pthread_queue.mut.220.1_1_2.SDL.pthread_queue_dequeue|./lib/libcsp/src/arch/posix;1;1;1;1;1;1;1;1;1;1
csp_semaphore.mut.106.1_1_2.SDL.csp_bin_sem_wait|./lib/libcsp/src/arch/posix;1;1;1;1;1;1;1;1;1;1
csp_system.mut.30.1_1_2.SDL.csp_sys_set_reboot|./lib/libcsp/src/arch;1;1;1;1;1;1;1;1;1;1
csp_sha1.mut.106.1_1_5.SDL.csp_sha1_compress|./lib/libcsp/src/crypto;1;1;1;1;1;1;1;1;1;1
csp_sha1.mut.123.1_1_2.SDL.csp_sha1_compress|./lib/libcsp/src/crypto;1;1;1;1;1;1;1;1;1;1
csp_service_handler.mut.148.1_1_2.SDL.do_cmp_clock|./lib/libcsp/src;0;0;0;0;0;0;0;0;0;0
csp_service_handler.mut.316.1_1_3.SDL.csp_service_handler|./lib/libcsp/src;1;1;1;1;1;1;1;1;1;1
csp_io.mut.300.1_1_2.SDL.csp_transaction_persistent|./lib/libcsp/src;1;1;1;1;1;1;1;1;1;1
csp_qfifo.mut.152.1_1_2.SDL.csp_qfifo_write|./lib/libcsp/src;0;0;0;0;0;0;0;0;0;0
csp_sfp.mut.104.1_1_3.SDL.csp_sfp_send_own_memcpy|./lib/libcsp/src;1;1;1;1;1;1;1;1;1;1
csp_sfp.mut.130.1_1_2.SDL.csp_sfp_recv_fp|./lib/libcsp/src;1;1;1;1;1;1;1;1;1;1
csp_conn.mut.322.1_1_9.SDL.csp_conn_close|./lib/libcsp/src;1;1;1;1;1;1;1;1;1;1
csp_conn.mut.249.1_1_3.SDL.csp_conn_allocate|./lib/libcsp/src;1;1;1;1;1;1;1;1;1;1
csp_rtable.mut.47.1_1_3.SDL.csp_rtable_parse|./lib/libcsp/src/rtable;1;1;1;1;1;1;1;1;1;1
commands.mut.383.1_1_5.SDL.cmd_cmp_ifc|./src;1;1;1;1;1;1;1;1;1;1
commands.mut.478.1_1_5.SDL.cmd_cmp_clock|./src;1;1;1;1;1;1;1;1;1;1
commands.mut.97.1_1_9.SDL.cmd_ping|./src;0;0;0;0;0;0;0;0;0;0
csp.mut.54.1_1_5.SDL.gs_csp_is_address_valid|./src;0;0;0;0;0;0;0;0;0;0
csp.mut.56.1_1_5.SDL.gs_csp_is_address_valid|./src;0;0;0;0;0;0;0;0;0;0
csp_semaphore.mut.142.1_1_2.SDL.csp_bin_sem_post|./lib/libcsp/src/arch/posix;0;0;0;0;0;0;0;0;0;0
csp_services.mut.35.1_1_2.SDL.csp_ping|./lib/libcsp/src;1;1;1;1;1;1;1;1;1;1
csp_if_lo.mut.38.1_1_3.SDL.csp_lo_tx|./lib/libcsp/src/interfaces;1;1;1;1;1;1;1;1;1;1
csp_sha1.mut.124.1_1_2.SDL.csp_sha1_compress|./lib/libcsp/src/crypto;1;1;1;1;1;1;1;1;1;1
csp_hmac.mut.148.1_1_2.SDL.csp_hmac_append|./lib/libcsp/src/crypto;0;0;0;0;0;0;0;0;0;0
csp_hmac.mut.162.1_1_2.SDL.csp_hmac_append|./lib/libcsp/src/crypto;1;1;1;1;1;1;1;1;1;1
csp_hmac.mut.66.1_1_2.SDL.csp_hmac_init|./lib/libcsp/src/crypto;1;1;1;1;1;1;1;1;1;1
csp_buffer.mut.123.1_1_2.SDL.csp_buffer_get|./lib/libcsp/src;0;0;0;0;0;0;0;0;0;0
csp_service_handler.mut.260.1_1_3.SDL.csp_service_handler|./lib/libcsp/src;0;0;0;0;0;0;0;0;0;0
csp_io.mut.308.1_1_2.SDL.csp_transaction_persistent|./lib/libcsp/src;0;0;0;0;0;0;0;0;0;0
csp_io.mut.253.1_1_2.SDL.csp_send_direct|./lib/libcsp/src;0;0;0;0;0;0;0;0;0;0
csp_sfp.mut.87.1_1_3.SDL.csp_sfp_send_own_memcpy|./lib/libcsp/src;1;1;1;1;1;1;1;1;1;1
csp_buffer.mut.112.1_1_3.SDL.csp_buffer_get|./lib/libcsp/src;1;1;1;1;1;1;1;1;1;1
csp_service_handler.mut.151.1_1_2.SDL.do_cmp_clock|./lib/libcsp/src;0;0;0;0;0;0;0;0;0;0
csp_service_handler.mut.255.1_1_3.SDL.csp_service_handler|./lib/libcsp/src;1;1;1;1;1;1;1;1;1;1
csp_sha1.mut.207.1_1_2.SDL.csp_sha1_memory|./lib/libcsp/src/crypto;1;1;1;1;1;1;1;1;1;1
csp_init.mut.48.1_1_2.SDL.csp_init|./lib/libcsp/src;0;0;0;0;0;0;0;0;0;0
csp_io.mut.175.1_1_2.SDL.csp_send_direct|./lib/libcsp/src;0;0;0;0;0;0;0;0;0;0
pthread_queue.mut.179.1_1_4.SDL.wait_item_available|./lib/libcsp/src/arch/posix;1;1;1;1;1;1;1;1;1;1
csp_conn.mut.525.1_1_2.SDL.csp_conn_get_array|./lib/libcsp/src;1;1;1;1;1;1;1;1;1;1
commands.mut.34.1_1_5.SDL.parse_node_timeout|./src;1;1;1;1;1;1;1;1;1;1
commands.mut.26.1_1_5.SDL.parse_node_timeout|./src;1;1;1;1;1;1;1;1;1;1
commands.mut.35.1_1_9.SDL.parse_node_timeout|./src;1;1;1;1;1;1;1;1;1;1
commands.mut.689.1_1_5.SDL.gs_csp_register_commands|./src;1;1;1;1;1;1;1;1;1;1
commands.mut.505.1_1_5.SDL.cmd_cmp_clock_get|./src;1;1;1;1;1;1;1;1;1;1
commands.mut.309.1_1_5.SDL.cmd_cmp_ident|./src;1;1;1;1;1;1;1;1;1;1
csp_sfp.mut.156.1_1_3.SDL.csp_sfp_recv_fp|./lib/libcsp/src;0;0;0;0;0;0;0;0;0;0
csp_endian.mut.136.1_1_2.SDL.csp_htole64|./lib/libcsp/src;1;1;1;1;1;1;1;1;1;1
csp_queue.mut.40.1_1_2.SDL.csp_queue_enqueue_isr|./lib/libcsp/src/arch/posix;1;1;1;1;1;1;1;1;1;1
pthread_queue.mut.61.1_1_2.SDL.init_cond_clock_monotonic|./lib/libcsp/src/arch/posix;1;1;1;1;1;1;1;1;1;1
csp_route.mut.281.1_1_4.SDL.csp_route_work|./lib/libcsp/src;0;0;0;0;0;0;0;0;0;0
csp_conn.mut.104.1_1_2.SDL.csp_conn_init|./lib/libcsp/src;1;1;1;1;1;1;1;1;1;1
csp_port.mut.70.1_1_2.SDL.csp_port_free_resources|./lib/libcsp/src;0;0;0;0;0;0;0;0;0;0
csp_rtable.mut.69.1_1_4.SDL.csp_rtable_parse|./lib/libcsp/src/rtable;0;0;0;0;0;0;0;0;0;0
csp_services.mut.53.1_1_2.SDL.csp_ping|./lib/libcsp/src;1;1;1;1;1;1;1;1;1;1
csp_services.mut.178.1_1_3.SDL.csp_get_memfree|./lib/libcsp/src;1;1;1;1;1;1;1;1;1;1
csp_services.mut.245.1_1_2.SDL.csp_cmp|./lib/libcsp/src;1;1;1;1;1;1;1;1;1;1
csp_crc32.mut.112.1_1_2.SDL.csp_crc32_verify|./lib/libcsp/src;1;1;1;1;1;1;1;1;1;1
csp_sha1.mut.122.1_1_2.SDL.csp_sha1_compress|./lib/libcsp/src/crypto;1;1;1;1;1;1;1;1;1;1
csp_xtea.mut.118.1_1_3.SDL.csp_xtea_encrypt|./lib/libcsp/src/crypto;0;0;0;0;0;0;0;0;0;0
csp_xtea.mut.114.1_1_3.SDL.csp_xtea_encrypt|./lib/libcsp/src/crypto;0;0;0;0;0;0;0;0;0;0
csp_buffer.mut.117.1_1_2.SDL.csp_buffer_get|./lib/libcsp/src;1;1;1;1;1;1;1;1;1;1
csp_buffer.mut.194.1_1_2.SDL.csp_buffer_free|./lib/libcsp/src;1;1;1;1;1;1;1;1;1;1
commands.mut.385.1_1_5.SDL.cmd_cmp_ifc|./src;0;0;0;0;0;0;0;0;0;0
csp.mut.74.1_1_5.SDL.gs_csp_is_address_valid|./src;1;1;1;1;1;1;1;1;1;1
csp_buffer.mut.128.1_1_2.SDL.csp_buffer_get|./lib/libcsp/src;0;0;0;0;0;0;0;0;0;0
csp_service_handler.mut.111.1_1_2.SDL.do_cmp_if_stats|./lib/libcsp/src;1;1;1;1;1;1;1;1;1;1
csp_crc32.mut.97.1_1_2.SDL.csp_crc32_append|./lib/libcsp/src;1;1;1;1;1;1;1;1;1;1
csp_io.mut.101.1_1_3.SDL.csp_socket|./lib/libcsp/src;1;1;1;1;1;1;1;1;1;1
csp_rtable.mut.142.1_1_9.SDL.csp_rtable_save_route|./lib/libcsp/src/rtable;0;0;0;0;0;0;0;0;0;0
csp_sha1.mut.135.1_1_4.SDL.csp_sha1_init|./lib/libcsp/src/crypto;1;1;1;1;1;1;1;1;1;1
csp_sha1.mut.117.1_1_5.SDL.csp_sha1_compress|./lib/libcsp/src/crypto;1;1;1;1;1;1;1;1;1;1
csp_sha1.mut.109.1_1_5.SDL.csp_sha1_compress|./lib/libcsp/src/crypto;1;1;1;1;1;1;1;1;1;1
csp_init.mut.57.1_1_2.SDL.csp_init|./lib/libcsp/src;1;1;1;1;1;1;1;1;1;1
pthread_queue.mut.212.1_1_2.SDL.pthread_queue_dequeue|./lib/libcsp/src/arch/posix;1;1;1;1;1;1;1;1;1;1
csp_conn.mut.227.1_1_2.SDL.csp_conn_allocate|./lib/libcsp/src;0;0;0;0;0;0;0;0;0;0
commands.mut.239.1_1_5.SDL.cmd_csp_iflist_print_interfaces|./src;1;1;1;1;1;1;1;1;1;1
commands.mut.369.1_1_5.SDL.cmd_cmp_ifc|./src;1;1;1;1;1;1;1;1;1;1
commands.mut.334.1_1_5.SDL.cmd_cmp_route_set|./src;1;1;1;1;1;1;1;1;1;1
commands.mut.228.1_1_5.SDL.cmd_csp_iflist_print_interfaces|./src;1;1;1;1;1;1;1;1;1;1
commands.mut.359.1_1_5.SDL.cmd_cmp_ifc|./src;1;1;1;1;1;1;1;1;1;1
commands.mut.349.1_1_5.SDL.cmd_cmp_route_set|./src;1;1;1;1;1;1;1;1;1;1
commands.mut.384.1_1_5.SDL.cmd_cmp_ifc|./src;1;1;1;1;1;1;1;1;1;1
service_handler.mut.24.1_1_5.SDL.gs_csp_cmp_service_handler|./src;1;1;1;1;1;1;1;1;1;1
pthread_queue.mut.200.1_1_2.SDL.pthread_queue_dequeue|./lib/libcsp/src/arch/posix;1;1;1;1;1;1;1;1;1;1
pthread_queue.mut.156.1_1_3.SDL.pthread_queue_enqueue|./lib/libcsp/src/arch/posix;1;1;1;1;1;1;1;1;1;1
csp_conn.mut.247.1_1_3.SDL.csp_conn_allocate|./lib/libcsp/src;0;0;0;0;0;0;0;0;0;0
csp_xtea.mut.56.1_1_2.SDL.csp_xtea_encrypt_block|./lib/libcsp/src/crypto;1;1;1;1;1;1;1;1;1;1
csp_xtea.mut.68.1_1_2.SDL.csp_xtea_encrypt_block|./lib/libcsp/src/crypto;0;0;0;0;0;0;0;0;0;0
csp_init.mut.71.1_1_2.SDL.csp_init|./lib/libcsp/src;1;1;1;1;1;1;1;1;1;1
csp_init.mut.39.1_1_2.SDL.csp_init|./lib/libcsp/src;0;0;0;0;0;0;0;0;0;0
csp_rtable.mut.126.1_1_5.SDL.csp_rtable_save_route|./lib/libcsp/src/rtable;1;1;1;1;1;1;1;1;1;1
csp_conn.mut.120.1_1_3.SDL.csp_conn_init|./lib/libcsp/src;1;1;1;1;1;1;1;1;1;1
csp_port.mut.111.1_1_2.SDL.csp_bind|./lib/libcsp/src;1;1;1;1;1;1;1;1;1;1
csp_qfifo.mut.127.1_1_2.SDL.csp_qfifo_write|./lib/libcsp/src;1;1;1;1;1;1;1;1;1;1
csp_crc32.mut.67.1_1_4.SDL.csp_crc32_memory|./lib/libcsp/src;1;1;1;1;1;1;1;1;1;1
pthread_queue.mut.44.1_1_2.SDL.get_deadline|./lib/libcsp/src/arch/posix;1;1;1;1;1;1;1;1;1;1
csp_services.mut.48.1_1_2.SDL.csp_ping|./lib/libcsp/src;1;1;1;1;1;1;1;1;1;1
csp_service_handler.mut.147.1_1_2.SDL.do_cmp_clock|./lib/libcsp/src;1;1;1;1;1;1;1;1;1;1
csp_hmac.mut.154.1_1_2.SDL.csp_hmac_append|./lib/libcsp/src/crypto;1;1;1;1;1;1;1;1;1;1
csp_sha1.mut.194.1_1_2.SDL.csp_sha1_done|./lib/libcsp/src/crypto;1;1;1;1;1;1;1;1;1;1
csp_sha1.mut.75.1_1_2.SDL.csp_sha1_compress|./lib/libcsp/src/crypto;1;1;1;1;1;1;1;1;1;1
csp_sha1.mut.155.1_1_4.SDL.csp_sha1_process|./lib/libcsp/src/crypto;1;1;1;1;1;1;1;1;1;1
csp_sha1.mut.156.1_1_4.SDL.csp_sha1_process|./lib/libcsp/src/crypto;0;0;0;0;0;0;0;0;0;0
csp_iflist.mut.53.1_1_3.SDL.csp_iflist_add|./lib/libcsp/src;1;1;1;1;1;1;1;1;1;1
router.mut.28.1_1_5.SDL.gs_csp_router_task|./src;1;1;1;1;1;1;1;1;1;1
csp_endian.mut.93.1_1_2.SDL.csp_betoh16|./lib/libcsp/src;1;1;1;1;1;1;1;1;1;1
csp_service_handler.mut.107.1_1_2.SDL.do_cmp_if_stats|./lib/libcsp/src;0;0;0;0;0;0;0;0;0;0
csp_service_handler.mut.265.1_1_4.SDL.csp_service_handler|./lib/libcsp/src;0;0;0;0;0;0;0;0;0;0
csp_buffer.mut.173.1_1_2.SDL.csp_buffer_free|./lib/libcsp/src;0;0;0;0;0;0;0;0;0;0
csp_xtea.mut.153.1_1_2.SDL.csp_xtea_decrypt|./lib/libcsp/src/crypto;1;1;1;1;1;1;1;1;1;1
csp_conn.mut.271.1_1_2.SDL.csp_conn_new|./lib/libcsp/src;1;1;1;1;1;1;1;1;1;1
csp_init.mut.87.1_1_2.SDL.csp_free_resources|./lib/libcsp/src;0;0;0;0;0;0;0;0;0;0
csp_semaphore.mut.85.1_1_2.SDL.csp_bin_sem_create|./lib/libcsp/src/arch/posix;1;1;1;1;1;1;1;1;1;1
pthread_queue.mut.154.1_1_2.SDL.pthread_queue_enqueue|./lib/libcsp/src/arch/posix;1;1;1;1;1;1;1;1;1;1
pthread_queue.mut.80.1_1_4.SDL.pthread_queue_create|./lib/libcsp/src/arch/posix;1;1;1;1;1;1;1;1;1;1
csp_malloc.mut.30.1_1_2.SDL.csp_calloc|./lib/libcsp/src/arch/posix;1;1;1;1;1;1;1;1;1;1
commands.mut.347.1_1_5.SDL.cmd_cmp_route_set|./src;1;1;1;1;1;1;1;1;1;1
commands.mut.156.1_1_5.SDL.cmd_reboot|./src;1;1;1;1;1;1;1;1;1;1
router.mut.56.1_1_5.SDL.gs_csp_router_task_stop_with_timeout|./src;1;1;1;1;1;1;1;1;1;1
router.mut.27.1_1_5.SDL.gs_csp_router_task|./src;0;0;0;0;0;0;0;0;0;0
commands.mut.475.1_1_5.SDL.cmd_cmp_clock|./src;0;0;0;0;0;0;0;0;0;0
pthread_queue.mut.62.1_1_2.SDL.init_cond_clock_monotonic|./lib/libcsp/src/arch/posix;1;1;1;1;1;1;1;1;1;1
csp_iflist.mut.54.1_1_4.SDL.csp_iflist_add|./lib/libcsp/src;1;1;1;1;1;1;1;1;1;1
csp_crc32.mut.120.1_1_2.SDL.csp_crc32_verify|./lib/libcsp/src;0;0;0;0;0;0;0;0;0;0
csp_conn.mut.311.1_1_2.SDL.csp_conn_close|./lib/libcsp/src;0;0;0;0;0;0;0;0;0;0
csp_xtea.mut.65.1_1_3.SDL.csp_xtea_encrypt_block|./lib/libcsp/src/crypto;0;0;0;0;0;0;0;0;0;0
csp_sha1.mut.136.1_1_4.SDL.csp_sha1_init|./lib/libcsp/src/crypto;1;1;1;1;1;1;1;1;1;1
csp_sha1.mut.150.1_1_4.SDL.csp_sha1_process|./lib/libcsp/src/crypto;1;1;1;1;1;1;1;1;1;1
csp_sha1.mut.126.1_1_2.SDL.csp_sha1_compress|./lib/libcsp/src/crypto;1;1;1;1;1;1;1;1;1;1
csp_rtable.mut.160.1_1_2.SDL.csp_rtable_clear|./lib/libcsp/src/rtable;1;1;1;1;1;1;1;1;1;1
csp_sfp.mut.215.1_1_4.SDL.csp_sfp_recv_fp|./lib/libcsp/src;1;1;1;1;1;1;1;1;1;1
csp_sfp.mut.174.1_1_4.SDL.csp_sfp_recv_fp|./lib/libcsp/src;1;1;1;1;1;1;1;1;1;1
csp_if_lo.mut.39.1_1_3.SDL.csp_lo_tx|./lib/libcsp/src/interfaces;1;1;1;1;1;1;1;1;1;1
csp_rtable.mut.74.1_1_3.SDL.csp_rtable_parse|./lib/libcsp/src/rtable;1;1;1;1;1;1;1;1;1;1
csp_rtable.mut.104.1_1_9.SDL.csp_rtable_set|./lib/libcsp/src/rtable;1;1;1;1;1;1;1;1;1;1
csp_services.mut.228.1_1_2.SDL.csp_get_uptime|./lib/libcsp/src;0;0;0;0;0;0;0;0;0;0
csp_services.mut.246.1_1_2.SDL.csp_cmp|./lib/libcsp/src;1;1;1;1;1;1;1;1;1;1
csp_services.mut.180.1_1_2.SDL.csp_get_memfree|./lib/libcsp/src;0;0;0;0;0;0;0;0;0;0
csp_iflist.mut.60.1_1_3.SDL.csp_iflist_add|./lib/libcsp/src;1;1;1;1;1;1;1;1;1;1
csp_io.mut.312.1_1_2.SDL.csp_transaction_persistent|./lib/libcsp/src;1;1;1;1;1;1;1;1;1;1
csp_io.mut.228.1_1_3.SDL.csp_send_direct|./lib/libcsp/src;1;1;1;1;1;1;1;1;1;1
csp_sfp.mut.147.1_1_4.SDL.csp_sfp_recv_fp|./lib/libcsp/src;1;1;1;1;1;1;1;1;1;1
csp_sha1.mut.153.1_1_4.SDL.csp_sha1_process|./lib/libcsp/src/crypto;1;1;1;1;1;1;1;1;1;1
csp_conn.mut.250.1_1_3.SDL.csp_conn_allocate|./lib/libcsp/src;0;0;0;0;0;0;0;0;0;0
csp_conn.mut.412.1_1_2.SDL.csp_connect|./lib/libcsp/src;1;1;1;1;1;1;1;1;1;1
csp_conn.mut.349.1_1_2.SDL.csp_connect|./lib/libcsp/src;1;1;1;1;1;1;1;1;1;1
csp_conn.mut.407.1_1_2.SDL.csp_connect|./lib/libcsp/src;0;0;0;0;0;0;0;0;0;0
commands.mut.64.1_1_9.SDL.cmd_ping|./src;0;0;0;0;0;0;0;0;0;0
csp.mut.77.1_1_5.SDL.gs_csp_is_address_valid|./src;1;1;1;1;1;1;1;1;1;1
csp_iflist.mut.39.1_1_2.SDL.csp_iflist_get_by_name|./lib/libcsp/src;1;1;1;1;1;1;1;1;1;1
csp_sfp.mut.172.1_1_3.SDL.csp_sfp_recv_fp|./lib/libcsp/src;1;1;1;1;1;1;1;1;1;1
csp_udp.mut.31.1_1_2.SDL.csp_udp_new_packet|./lib/libcsp/src/transport;1;1;1;1;1;1;1;1;1;1
csp_service_handler.mut.64.1_1_2.SDL.do_cmp_ident|./lib/libcsp/src;0;0;0;0;0;0;0;0;0;0
csp_sha1.mut.149.1_1_4.SDL.csp_sha1_process|./lib/libcsp/src/crypto;1;1;1;1;1;1;1;1;1;1
csp_hmac.mut.127.1_1_2.SDL.csp_hmac_memory|./lib/libcsp/src/crypto;1;1;1;1;1;1;1;1;1;1
csp_crc32.mut.93.1_1_2.SDL.csp_crc32_append|./lib/libcsp/src;1;1;1;1;1;1;1;1;1;1
csp_io.mut.197.1_1_2.SDL.csp_send_direct|./lib/libcsp/src;1;1;1;1;1;1;1;1;1;1
csp_services.mut.252.1_1_2.SDL.csp_cmp|./lib/libcsp/src;1;1;1;1;1;1;1;1;1;1
pthread_queue.mut.125.1_1_3.SDL.wait_slot_available|./lib/libcsp/src/arch/posix;1;1;1;1;1;1;1;1;1;1
csp_conn.mut.236.1_1_3.SDL.csp_conn_allocate|./lib/libcsp/src;1;1;1;1;1;1;1;1;1;1
commands.mut.379.1_1_5.SDL.cmd_cmp_ifc|./src;0;0;0;0;0;0;0;0;0;0
commands.mut.27.1_1_9.SDL.parse_node_timeout|./src;1;1;1;1;1;1;1;1;1;1
commands.mut.439.1_1_5.SDL.cmd_cmp_poke|./src;0;0;0;0;0;0;0;0;0;0
commands.mut.92.1_1_9.SDL.cmd_ping|./src;1;1;1;1;1;1;1;1;1;1
commands.mut.193.1_1_5.SDL.cmd_uptime|./src;1;1;1;1;1;1;1;1;1;1
commands.mut.320.1_1_5.SDL.cmd_cmp_ident|./src;1;1;1;1;1;1;1;1;1;1
csp_sfp.mut.207.1_1_4.SDL.csp_sfp_recv_fp|./lib/libcsp/src;1;1;1;1;1;1;1;1;1;1
csp_qfifo.mut.100.1_1_2.SDL.csp_qfifo_read|./lib/libcsp/src;1;1;1;1;1;1;1;1;1;1
csp_qfifo.mut.38.1_1_4.SDL.csp_qfifo_init|./lib/libcsp/src;0;0;0;0;0;0;0;0;0;0
csp_service_handler.mut.112.1_1_2.SDL.do_cmp_if_stats|./lib/libcsp/src;1;1;1;1;1;1;1;1;1;1
csp_service_handler.mut.101.1_1_2.SDL.do_cmp_if_stats|./lib/libcsp/src;0;0;0;0;0;0;0;0;0;0
csp_sha1.mut.98.1_1_5.SDL.csp_sha1_compress|./lib/libcsp/src/crypto;1;1;1;1;1;1;1;1;1;1
csp_hmac.mut.102.1_1_2.SDL.csp_hmac_done|./lib/libcsp/src/crypto;0;0;0;0;0;0;0;0;0;0
csp_hmac.mut.161.1_1_2.SDL.csp_hmac_append|./lib/libcsp/src/crypto;1;1;1;1;1;1;1;1;1;1
csp_port.mut.94.1_1_3.SDL.csp_bind|./lib/libcsp/src;1;1;1;1;1;1;1;1;1;1
csp_port.mut.100.1_1_2.SDL.csp_bind|./lib/libcsp/src;0;0;0;0;0;0;0;0;0;0
csp_crc32.mut.99.1_1_2.SDL.csp_crc32_append|./lib/libcsp/src;1;1;1;1;1;1;1;1;1;1
csp_init.mut.93.1_1_2.SDL.csp_get_conf|./lib/libcsp/src;1;1;1;1;1;1;1;1;1;1
csp_services.mut.75.1_1_2.SDL.csp_ping|./lib/libcsp/src;1;1;1;1;1;1;1;1;1;1
csp_conn.mut.343.1_1_2.SDL.csp_connect|./lib/libcsp/src;0;0;0;0;0;0;0;0;0;0
commands.mut.177.1_1_5.SDL.cmd_buf_free|./src;1;1;1;1;1;1;1;1;1;1
csp.mut.53.1_1_5.SDL.gs_csp_is_address_valid|./src;1;1;1;1;1;1;1;1;1;1
csp.mut.78.1_1_5.SDL.gs_csp_is_address_valid|./src;0;0;0;0;0;0;0;0;0;0
commands.mut.106.1_1_9.SDL.cmd_ping|./src;1;1;1;1;1;1;1;1;1;1
commands.mut.164.1_1_5.SDL.cmd_shutdown|./src;1;1;1;1;1;1;1;1;1;1
service_handler.mut.16.1_1_9.SDL.call_csp_packet_handler|./src;1;1;1;1;1;1;1;1;1;1
csp_xtea.mut.173.1_1_2.SDL.csp_xtea_decrypt_packet|./lib/libcsp/src/crypto;1;1;1;1;1;1;1;1;1;1
csp_sha1.mut.73.1_1_2.SDL.csp_sha1_compress|./lib/libcsp/src/crypto;1;1;1;1;1;1;1;1;1;1
csp_sha1.mut.69.1_1_3.SDL.csp_sha1_compress|./lib/libcsp/src/crypto;1;1;1;1;1;1;1;1;1;1
csp_sfp.mut.115.1_1_3.SDL.csp_sfp_send_own_memcpy|./lib/libcsp/src;1;1;1;1;1;1;1;1;1;1
csp_conn.mut.238.1_1_3.SDL.csp_conn_allocate|./lib/libcsp/src;1;1;1;1;1;1;1;1;1;1
csp_port.mut.108.1_1_2.SDL.csp_bind|./lib/libcsp/src;1;1;1;1;1;1;1;1;1;1
csp_endian.mut.28.1_1_2.SDL.csp_hton16|./lib/libcsp/src;1;1;1;1;1;1;1;1;1;1
csp_crc32.mut.117.1_1_2.SDL.csp_crc32_verify|./lib/libcsp/src;1;1;1;1;1;1;1;1;1;1
pthread_queue.mut.69.1_1_2.SDL.init_cond_clock_monotonic|./lib/libcsp/src/arch/posix;0;0;0;0;0;0;0;0;0;0
csp_io.mut.182.1_1_2.SDL.csp_send_direct|./lib/libcsp/src;0;0;0;0;0;0;0;0;0;0
csp_rtable_static.mut.33.1_1_2.SDL.csp_rtable_find_route|./lib/libcsp/src/rtable;1;1;1;1;1;1;1;1;1;1
commands.mut.49.1_1_5.SDL.cmd_ping|./src;1;1;1;1;1;1;1;1;1;1
commands.mut.393.1_1_5.SDL.cmd_cmp_ifc|./src;1;1;1;1;1;1;1;1;1;1
commands.mut.67.1_1_9.SDL.cmd_ping|./src;0;0;0;0;0;0;0;0;0;0
pthread_queue.mut.37.1_1_2.SDL.get_deadline|./lib/libcsp/src/arch/posix;0;0;0;0;0;0;0;0;0;0
csp_services.mut.113.1_1_2.SDL.csp_reboot|./lib/libcsp/src;1;1;1;1;1;1;1;1;1;1
csp_services.mut.177.1_1_3.SDL.csp_get_memfree|./lib/libcsp/src;0;0;0;0;0;0;0;0;0;0
csp_service_handler.mut.282.1_1_3.SDL.csp_service_handler|./lib/libcsp/src;1;1;1;1;1;1;1;1;1;1
csp_service_handler.mut.263.1_1_4.SDL.csp_service_handler|./lib/libcsp/src;0;0;0;0;0;0;0;0;0;0
csp_sfp.mut.217.1_1_4.SDL.csp_sfp_recv_fp|./lib/libcsp/src;1;1;1;1;1;1;1;1;1;1
csp_sfp.mut.175.1_1_4.SDL.csp_sfp_recv_fp|./lib/libcsp/src;0;0;0;0;0;0;0;0;0;0
csp_conn.mut.248.1_1_3.SDL.csp_conn_allocate|./lib/libcsp/src;1;1;1;1;1;1;1;1;1;1
csp_rtable.mut.129.1_1_9.SDL.csp_rtable_save_route|./lib/libcsp/src/rtable;1;1;1;1;1;1;1;1;1;1
csp_xtea.mut.76.1_1_2.SDL.csp_xtea_xor_byte|./lib/libcsp/src/crypto;0;0;0;0;0;0;0;0;0;0
csp_hmac.mut.96.1_1_3.SDL.csp_hmac_done|./lib/libcsp/src/crypto;0;0;0;0;0;0;0;0;0;0
commands.mut.352.1_1_5.SDL.cmd_cmp_route_set|./src;1;1;1;1;1;1;1;1;1;1
router.mut.39.1_1_5.SDL.gs_csp_router_task_stop_with_timeout|./src;1;1;1;1;1;1;1;1;1;1
pthread_queue.mut.201.1_1_3.SDL.pthread_queue_dequeue|./lib/libcsp/src/arch/posix;1;1;1;1;1;1;1;1;1;1
csp_time.mut.31.1_1_3.SDL.csp_get_ms|./lib/libcsp/src/arch/posix;1;1;1;1;1;1;1;1;1;1
csp_crc32.mut.87.1_1_2.SDL.csp_crc32_append|./lib/libcsp/src;1;1;1;1;1;1;1;1;1;1
csp_iflist.mut.78.1_1_3.SDL.csp_bytesize|./lib/libcsp/src;1;1;1;1;1;1;1;1;1;1
csp_conn.mut.335.1_1_2.SDL.csp_conn_close|./lib/libcsp/src;1;1;1;1;1;1;1;1;1;1
csp_conn.mut.429.1_1_2.SDL.csp_connect|./lib/libcsp/src;1;1;1;1;1;1;1;1;1;1
csp_conn.mut.118.1_1_2.SDL.csp_conn_init|./lib/libcsp/src;1;1;1;1;1;1;1;1;1;1
csp_sha1.mut.146.1_1_2.SDL.csp_sha1_process|./lib/libcsp/src/crypto;1;1;1;1;1;1;1;1;1;1
csp_sha1.mut.173.1_1_2.SDL.csp_sha1_done|./lib/libcsp/src/crypto;1;1;1;1;1;1;1;1;1;1
csp_hmac.mut.157.1_1_3.SDL.csp_hmac_append|./lib/libcsp/src/crypto;1;1;1;1;1;1;1;1;1;1
csp_service_handler.mut.334.1_1_3.SDL.csp_service_handler|./lib/libcsp/src;1;1;1;1;1;1;1;1;1;1
router.mut.51.1_1_5.SDL.gs_csp_router_task_stop_with_timeout|./src;1;1;1;1;1;1;1;1;1;1
csp.mut.101.1_1_5.SDL.gs_csp_is_address_valid|./src;0;0;0;0;0;0;0;0;0;0
csp.mut.79.1_1_5.SDL.gs_csp_is_address_valid|./src;1;1;1;1;1;1;1;1;1;1
commands.mut.130.1_1_5.SDL.cmd_ps|./src;1;1;1;1;1;1;1;1;1;1
commands.mut.322.1_1_5.SDL.cmd_cmp_ident|./src;1;1;1;1;1;1;1;1;1;1
clock.mut.17.1_1_5.SDL.csp_clock_get_time|./src;0;0;0;0;0;0;0;0;0;0
csp_time.mut.46.1_1_2.SDL.csp_get_s|./lib/libcsp/src/arch/posix;1;1;1;1;1;1;1;1;1;1
csp_services.mut.138.1_1_2.SDL.csp_ps|./lib/libcsp/src;1;1;1;1;1;1;1;1;1;1
csp_io.mut.254.1_1_2.SDL.csp_send_direct|./lib/libcsp/src;1;1;1;1;1;1;1;1;1;1
csp_sfp.mut.212.1_1_4.SDL.csp_sfp_recv_fp|./lib/libcsp/src;1;1;1;1;1;1;1;1;1;1
csp_conn.mut.436.1_1_2.SDL.csp_connect|./lib/libcsp/src;0;0;0;0;0;0;0;0;0;0
csp_rtable.mut.144.1_1_5.SDL.csp_rtable_save_route|./lib/libcsp/src/rtable;1;1;1;1;1;1;1;1;1;1
csp_xtea.mut.179.1_1_2.SDL.csp_xtea_decrypt_packet|./lib/libcsp/src/crypto;0;0;0;0;0;0;0;0;0;0
csp_endian.mut.130.1_1_2.SDL.csp_htobe64|./lib/libcsp/src;1;1;1;1;1;1;1;1;1;1
csp_endian.mut.35.1_1_2.SDL.csp_ntoh16|./lib/libcsp/src;1;1;1;1;1;1;1;1;1;1
csp_buffer.mut.66.1_1_3.SDL.csp_buffer_init|./lib/libcsp/src;1;1;1;1;1;1;1;1;1;1
csp_conn.mut.275.1_1_3.SDL.csp_conn_new|./lib/libcsp/src;1;1;1;1;1;1;1;1;1;1
csp_rtable_static.mut.51.1_1_9.SDL.csp_rtable_set_internal|./lib/libcsp/src/rtable;1;1;1;1;1;1;1;1;1;1
csp_rtable.mut.75.1_1_3.SDL.csp_rtable_parse|./lib/libcsp/src/rtable;1;1;1;1;1;1;1;1;1;1
csp_services.mut.72.1_1_2.SDL.csp_ping|./lib/libcsp/src;1;1;1;1;1;1;1;1;1;1
csp_services.mut.200.1_1_2.SDL.csp_get_buf_free|./lib/libcsp/src;1;1;1;1;1;1;1;1;1;1
csp_services.mut.181.1_1_2.SDL.csp_get_memfree|./lib/libcsp/src;1;1;1;1;1;1;1;1;1;1
csp_iflist.mut.44.1_1_2.SDL.csp_iflist_add|./lib/libcsp/src;0;0;0;0;0;0;0;0;0;0
csp_iflist.mut.84.1_1_3.SDL.csp_bytesize|./lib/libcsp/src;1;1;1;1;1;1;1;1;1;1
csp_sha1.mut.138.1_1_4.SDL.csp_sha1_init|./lib/libcsp/src/crypto;1;1;1;1;1;1;1;1;1;1
csp_hmac.mut.75.1_1_2.SDL.csp_hmac_process|./lib/libcsp/src/crypto;0;0;0;0;0;0;0;0;0;0
csp_hmac.mut.191.1_1_2.SDL.csp_hmac_verify|./lib/libcsp/src/crypto;0;0;0;0;0;0;0;0;0;0
csp_hmac.mut.103.1_1_2.SDL.csp_hmac_done|./lib/libcsp/src/crypto;0;0;0;0;0;0;0;0;0;0
service_handler.mut.15.1_1_5.SDL.call_csp_packet_handler|./src;1;1;1;1;1;1;1;1;1;1
commands.mut.110.1_1_5.SDL.cmd_ping|./src;1;1;1;1;1;1;1;1;1;1
csp_init.mut.45.1_1_2.SDL.csp_init|./lib/libcsp/src;1;1;1;1;1;1;1;1;1;1
csp_init.mut.82.1_1_2.SDL.csp_free_resources|./lib/libcsp/src;0;0;0;0;0;0;0;0;0;0
csp_semaphore.mut.123.1_1_3.SDL.csp_bin_sem_wait|./lib/libcsp/src/arch/posix;0;0;0;0;0;0;0;0;0;0
csp_queue.mut.33.1_1_2.SDL.csp_queue_enqueue|./lib/libcsp/src/arch/posix;1;1;1;1;1;1;1;1;1;1
pthread_queue.mut.158.1_1_3.SDL.pthread_queue_enqueue|./lib/libcsp/src/arch/posix;1;1;1;1;1;1;1;1;1;1
pthread_queue.mut.119.1_1_3.SDL.wait_slot_available|./lib/libcsp/src/arch/posix;1;1;1;1;1;1;1;1;1;1
csp_crc32.mut.115.1_1_3.SDL.csp_crc32_verify|./lib/libcsp/src;1;1;1;1;1;1;1;1;1;1
csp_conn.mut.396.1_1_3.SDL.csp_connect|./lib/libcsp/src;0;0;0;0;0;0;0;0;0;0
csp_conn.mut.323.1_1_3.SDL.csp_conn_close|./lib/libcsp/src;1;1;1;1;1;1;1;1;1;1
csp_sfp.mut.198.1_1_3.SDL.csp_sfp_recv_fp|./lib/libcsp/src;1;1;1;1;1;1;1;1;1;1
csp_rtable_static.mut.36.1_1_2.SDL.csp_rtable_find_route|./lib/libcsp/src/rtable;1;1;1;1;1;1;1;1;1;1
csp_services.mut.150.1_1_3.SDL.csp_ps|./lib/libcsp/src;1;1;1;1;1;1;1;1;1;1
csp_service_handler.mut.77.1_1_2.SDL.do_cmp_ident|./lib/libcsp/src;0;0;0;0;0;0;0;0;0;0
csp_service_handler.mut.104.1_1_2.SDL.do_cmp_if_stats|./lib/libcsp/src;0;0;0;0;0;0;0;0;0;0
csp_service_handler.mut.273.1_1_4.SDL.csp_service_handler|./lib/libcsp/src;1;1;1;1;1;1;1;1;1;1
csp_sha1.mut.190.1_1_2.SDL.csp_sha1_done|./lib/libcsp/src/crypto;1;1;1;1;1;1;1;1;1;1
csp_sha1.mut.157.1_1_4.SDL.csp_sha1_process|./lib/libcsp/src/crypto;1;1;1;1;1;1;1;1;1;1
csp_xtea.mut.104.1_1_2.SDL.csp_xtea_encrypt|./lib/libcsp/src/crypto;1;1;1;1;1;1;1;1;1;1
csp_hmac.mut.86.1_1_2.SDL.csp_hmac_done|./lib/libcsp/src/crypto;0;0;0;0;0;0;0;0;0;0
csp_endian.mut.109.1_1_2.SDL.csp_htole32|./lib/libcsp/src;1;1;1;1;1;1;1;1;1;1
csp_iflist.mut.102.1_1_3.SDL.csp_iflist_print|./lib/libcsp/src;1;1;1;1;1;1;1;1;1;1
csp_sfp.mut.227.1_1_9.SDL.csp_sfp_recv_fp|./lib/libcsp/src;1;1;1;1;1;1;1;1;1;1
csp_init.mut.53.1_1_2.SDL.csp_init|./lib/libcsp/src;0;0;0;0;0;0;0;0;0;0
csp_conn.mut.383.1_1_2.SDL.csp_connect|./lib/libcsp/src;1;1;1;1;1;1;1;1;1;1
csp_conn.mut.279.1_1_3.SDL.csp_conn_new|./lib/libcsp/src;1;1;1;1;1;1;1;1;1;1
csp_io.mut.324.1_1_2.SDL.csp_transaction_persistent|./lib/libcsp/src;1;1;1;1;1;1;1;1;1;1
csp_sha1.mut.151.1_1_4.SDL.csp_sha1_process|./lib/libcsp/src/crypto;1;1;1;1;1;1;1;1;1;1
csp_sha1.mut.118.1_1_5.SDL.csp_sha1_compress|./lib/libcsp/src/crypto;1;1;1;1;1;1;1;1;1;1
csp_sha1.mut.195.1_1_2.SDL.csp_sha1_done|./lib/libcsp/src/crypto;1;1;1;1;1;1;1;1;1;1
csp_sha1.mut.182.1_1_2.SDL.csp_sha1_done|./lib/libcsp/src/crypto;0;0;0;0;0;0;0;0;0;0
csp_hmac.mut.140.1_1_2.SDL.csp_hmac_set_key|./lib/libcsp/src/crypto;0;0;0;0;0;0;0;0;0;0
csp_buffer.mut.67.1_1_3.SDL.csp_buffer_init|./lib/libcsp/src;1;1;1;1;1;1;1;1;1;1
csp_buffer.mut.219.1_1_2.SDL.csp_buffer_size|./lib/libcsp/src;1;1;1;1;1;1;1;1;1;1
csp_buffer.mut.81.1_1_2.SDL.csp_buffer_free_resources|./lib/libcsp/src;0;0;0;0;0;0;0;0;0;0
service_handler.mut.49.1_1_5.SDL.memfree|./src;1;1;1;1;1;1;1;1;1;1
commands.mut.484.1_1_5.SDL.cmd_cmp_clock|./src;1;1;1;1;1;1;1;1;1;1
commands.mut.246.1_1_5.SDL.cmd_csp_conn_print_table|./src;0;0;0;0;0;0;0;0;0;0
commands.mut.210.1_1_9.SDL.csp_rtable_print_route|./src;1;1;1;1;1;1;1;1;1;1
commands.mut.112.1_1_9.SDL.cmd_ping|./src;1;1;1;1;1;1;1;1;1;1
csp_sfp.mut.109.1_1_3.SDL.csp_sfp_send_own_memcpy|./lib/libcsp/src;1;1;1;1;1;1;1;1;1;1
csp_services.mut.229.1_1_2.SDL.csp_get_uptime|./lib/libcsp/src;1;1;1;1;1;1;1;1;1;1
csp_conn.mut.208.1_1_3.SDL.csp_conn_flush_rx_queue|./lib/libcsp/src;1;1;1;1;1;1;1;1;1;1
pthread_queue.mut.237.1_1_2.SDL.pthread_queue_items|./lib/libcsp/src/arch/posix;1;1;1;1;1;1;1;1;1;1
csp_semaphore.mut.145.1_1_2.SDL.csp_bin_sem_post|./lib/libcsp/src/arch/posix;1;1;1;1;1;1;1;1;1;1
csp_hmac.mut.177.1_1_2.SDL.csp_hmac_verify|./lib/libcsp/src/crypto;1;1;1;1;1;1;1;1;1;1
csp_io.mut.338.1_1_2.SDL.csp_transaction_w_opts|./lib/libcsp/src;1;1;1;1;1;1;1;1;1;1
csp_rtable_static.mut.50.1_1_9.SDL.csp_rtable_set_internal|./lib/libcsp/src/rtable;1;1;1;1;1;1;1;1;1;1
csp_buffer.mut.201.1_1_2.SDL.csp_buffer_clone|./lib/libcsp/src;0;0;0;0;0;0;0;0;0;0
commands.mut.304.1_1_5.SDL.cmd_cmp_ident|./src;1;1;1;1;1;1;1;1;1;1
commands.mut.214.1_1_5.SDL.csp_rtable_print_route|./src;0;0;0;0;0;0;0;0;0;0
commands.mut.376.1_1_5.SDL.cmd_cmp_ifc|./src;1;1;1;1;1;1;1;1;1;1
service_handler.mut.48.1_1_5.SDL.memfree|./src;0;0;0;0;0;0;0;0;0;0
service_handler.mut.78.1_1_5.SDL.uptime|./src;1;1;1;1;1;1;1;1;1;1
csp_buffer.mut.61.1_1_2.SDL.csp_buffer_init|./lib/libcsp/src;0;0;0;0;0;0;0;0;0;0
csp_rtable.mut.141.1_1_9.SDL.csp_rtable_save_route|./lib/libcsp/src/rtable;1;1;1;1;1;1;1;1;1;1
csp_conn.mut.469.1_1_2.SDL.csp_conn_dst|./lib/libcsp/src;1;1;1;1;1;1;1;1;1;1
csp_conn.mut.81.1_1_3.SDL.csp_conn_enqueue_packet|./lib/libcsp/src;1;1;1;1;1;1;1;1;1;1
csp_io.mut.336.1_1_2.SDL.csp_transaction_w_opts|./lib/libcsp/src;1;1;1;1;1;1;1;1;1;1
csp_port.mut.59.1_1_2.SDL.csp_port_init|./lib/libcsp/src;0;0;0;0;0;0;0;0;0;0
csp_semaphore.mut.125.1_1_3.SDL.csp_bin_sem_wait|./lib/libcsp/src/arch/posix;1;1;1;1;1;1;1;1;1;1
csp_malloc.mut.34.1_1_2.SDL.csp_free|./lib/libcsp/src/arch/posix;1;1;1;1;1;1;1;1;1;1
pthread_queue.mut.176.1_1_2.SDL.wait_item_available|./lib/libcsp/src/arch/posix;1;1;1;1;1;1;1;1;1;1
csp_endian.mut.120.1_1_2.SDL.csp_betoh32|./lib/libcsp/src;1;1;1;1;1;1;1;1;1;1
csp_sfp.mut.205.1_1_25.SDL.csp_sfp_recv_fp|./lib/libcsp/src;1;1;1;1;1;1;1;1;1;1
csp_service_handler.mut.308.1_1_3.SDL.csp_service_handler|./lib/libcsp/src;1;1;1;1;1;1;1;1;1;1
csp_service_handler.mut.230.1_1_3.SDL.csp_service_handler|./lib/libcsp/src;0;0;0;0;0;0;0;0;0;0
csp_service_handler.mut.159.1_1_2.SDL.do_cmp_clock|./lib/libcsp/src;0;0;0;0;0;0;0;0;0;0
csp_service_handler.mut.164.1_1_2.SDL.do_cmp_clock|./lib/libcsp/src;0;0;0;0;0;0;0;0;0;0
csp_service_handler.mut.68.1_1_2.SDL.do_cmp_ident|./lib/libcsp/src;0;0;0;0;0;0;0;0;0;0
csp_sha1.mut.134.1_1_4.SDL.csp_sha1_init|./lib/libcsp/src/crypto;1;1;1;1;1;1;1;1;1;1
csp_sha1.mut.74.1_1_2.SDL.csp_sha1_compress|./lib/libcsp/src/crypto;1;1;1;1;1;1;1;1;1;1
csp_hmac.mut.50.1_1_2.SDL.csp_hmac_init|./lib/libcsp/src/crypto;1;1;1;1;1;1;1;1;1;1
csp_hmac.mut.184.1_1_2.SDL.csp_hmac_verify|./lib/libcsp/src/crypto;0;0;0;0;0;0;0;0;0;0
csp_route.mut.252.1_1_2.SDL.csp_route_work|./lib/libcsp/src;1;1;1;1;1;1;1;1;1;1
csp_rtable.mut.133.1_1_9.SDL.csp_rtable_save_route|./lib/libcsp/src/rtable;1;1;1;1;1;1;1;1;1;1
csp_thread.mut.67.1_1_2.SDL.csp_sleep_ms|./lib/libcsp/src/arch/posix;1;1;1;1;1;1;1;1;1;1
pthread_queue.mut.52.1_1_2.SDL.get_deadline|./lib/libcsp/src/arch/posix;1;1;1;1;1;1;1;1;1;1
commands.mut.95.1_1_13.SDL.cmd_ping|./src;0;0;0;0;0;0;0;0;0;0
commands.mut.488.1_1_5.SDL.cmd_cmp_clock|./src;0;0;0;0;0;0;0;0;0;0
commands.mut.111.1_1_9.SDL.cmd_ping|./src;0;0;0;0;0;0;0;0;0;0
pthread_queue.mut.213.1_1_2.SDL.pthread_queue_dequeue|./lib/libcsp/src/arch/posix;1;1;1;1;1;1;1;1;1;1
csp_service_handler.mut.69.1_1_2.SDL.do_cmp_ident|./lib/libcsp/src;0;0;0;0;0;0;0;0;0;0
csp_conn.mut.188.1_1_2.SDL.csp_conn_find|./lib/libcsp/src;1;1;1;1;1;1;1;1;1;1
csp_conn.mut.246.1_1_3.SDL.csp_conn_allocate|./lib/libcsp/src;0;0;0;0;0;0;0;0;0;0
csp_conn.mut.173.1_1_9.SDL.csp_conn_free_resources|./lib/libcsp/src;0;0;0;0;0;0;0;0;0;0
csp_conn.mut.121.1_1_4.SDL.csp_conn_init|./lib/libcsp/src;1;1;1;1;1;1;1;1;1;1
csp_conn.mut.245.1_1_3.SDL.csp_conn_allocate|./lib/libcsp/src;0;0;0;0;0;0;0;0;0;0
csp_io.mut.315.1_1_2.SDL.csp_transaction_persistent|./lib/libcsp/src;0;0;0;0;0;0;0;0;0;0
csp_sha1.mut.113.1_1_2.SDL.csp_sha1_compress|./lib/libcsp/src/crypto;1;1;1;1;1;1;1;1;1;1
commands.mut.381.1_1_5.SDL.cmd_cmp_ifc|./src;0;0;0;0;0;0;0;0;0;0
csp.mut.58.1_1_5.SDL.gs_csp_is_address_valid|./src;1;1;1;1;1;1;1;1;1;1
commands.mut.377.1_1_5.SDL.cmd_cmp_ifc|./src;1;1;1;1;1;1;1;1;1;1
commands.mut.247.1_1_9.SDL.cmd_csp_conn_print_table|./src;0;0;0;0;0;0;0;0;0;0
router.mut.50.1_1_5.SDL.gs_csp_router_task_stop_with_timeout|./src;0;0;0;0;0;0;0;0;0;0
pthread_queue.mut.105.1_1_2.SDL.pthread_queue_delete|./lib/libcsp/src/arch/posix;1;1;1;1;1;1;1;1;1;1
pthread_queue.mut.83.1_1_4.SDL.pthread_queue_create|./lib/libcsp/src/arch/posix;1;1;1;1;1;1;1;1;1;1
csp_semaphore.mut.146.1_1_2.SDL.csp_bin_sem_post|./lib/libcsp/src/arch/posix;1;1;1;1;1;1;1;1;1;1
csp_iflist.mut.76.1_1_2.SDL.csp_bytesize|./lib/libcsp/src;1;1;1;1;1;1;1;1;1;1
csp_sfp.mut.62.1_1_2.SDL.csp_sfp_header_remove|./lib/libcsp/src;0;0;0;0;0;0;0;0;0;0
csp_conn.mut.80.1_1_2.SDL.csp_conn_enqueue_packet|./lib/libcsp/src;1;1;1;1;1;1;1;1;1;1
csp_conn.mut.317.1_1_2.SDL.csp_conn_close|./lib/libcsp/src;1;1;1;1;1;1;1;1;1;1
csp_sha1.mut.125.1_1_2.SDL.csp_sha1_compress|./lib/libcsp/src/crypto;1;1;1;1;1;1;1;1;1;1
csp_sha1.mut.176.1_1_2.SDL.csp_sha1_done|./lib/libcsp/src/crypto;1;1;1;1;1;1;1;1;1;1
csp_xtea.mut.103.1_1_2.SDL.csp_xtea_encrypt|./lib/libcsp/src/crypto;1;1;1;1;1;1;1;1;1;1
csp_xtea.mut.64.1_1_3.SDL.csp_xtea_encrypt_block|./lib/libcsp/src/crypto;0;0;0;0;0;0;0;0;0;0
csp_xtea.mut.177.1_1_2.SDL.csp_xtea_decrypt_packet|./lib/libcsp/src/crypto;1;1;1;1;1;1;1;1;1;1
csp_service_handler.mut.94.1_1_2.SDL.do_cmp_route_set|./lib/libcsp/src;1;1;1;1;1;1;1;1;1;1
commands.mut.209.1_1_5.SDL.csp_rtable_print_route|./src;1;1;1;1;1;1;1;1;1;1
commands.mut.317.1_1_5.SDL.cmd_cmp_ident|./src;1;1;1;1;1;1;1;1;1;1
commands.mut.364.1_1_5.SDL.cmd_cmp_ifc|./src;1;1;1;1;1;1;1;1;1;1
csp.mut.44.1_1_5.SDL.gs_csp_is_address_valid|./src;1;1;1;1;1;1;1;1;1;1
csp_iflist.mut.34.1_1_3.SDL.csp_iflist_get_by_name|./lib/libcsp/src;1;1;1;1;1;1;1;1;1;1
csp_services.mut.140.1_1_2.SDL.csp_ps|./lib/libcsp/src;0;0;0;0;0;0;0;0;0;0
csp_services.mut.201.1_1_3.SDL.csp_get_buf_free|./lib/libcsp/src;1;1;1;1;1;1;1;1;1;1
csp_xtea.mut.139.1_1_2.SDL.csp_xtea_encrypt_packet|./lib/libcsp/src/crypto;1;1;1;1;1;1;1;1;1;1
csp_hmac.mut.69.1_1_2.SDL.csp_hmac_init|./lib/libcsp/src/crypto;1;1;1;1;1;1;1;1;1;1
csp_sha1.mut.116.1_1_5.SDL.csp_sha1_compress|./lib/libcsp/src/crypto;1;1;1;1;1;1;1;1;1;1
csp_port.mut.105.1_1_2.SDL.csp_bind|./lib/libcsp/src;0;0;0;0;0;0;0;0;0;0
csp_service_handler.mut.73.1_1_2.SDL.do_cmp_ident|./lib/libcsp/src;0;0;0;0;0;0;0;0;0;0
csp_service_handler.mut.333.1_1_2.SDL.csp_service_handler|./lib/libcsp/src;1;1;1;1;1;1;1;1;1;1
pthread_queue.mut.85.1_1_4.SDL.pthread_queue_create|./lib/libcsp/src/arch/posix;1;1;1;1;1;1;1;1;1;1
csp_rtable.mut.63.1_1_4.SDL.csp_rtable_parse|./lib/libcsp/src/rtable;1;1;1;1;1;1;1;1;1;1
csp_rtable.mut.54.1_1_4.SDL.csp_rtable_parse|./lib/libcsp/src/rtable;1;1;1;1;1;1;1;1;1;1
csp_conn.mut.420.1_1_3.SDL.csp_connect|./lib/libcsp/src;1;1;1;1;1;1;1;1;1;1
csp_sfp.mut.49.1_1_2.SDL.csp_sfp_header_remove|./lib/libcsp/src;1;1;1;1;1;1;1;1;1;1
csp_sfp.mut.161.1_1_3.SDL.csp_sfp_recv_fp|./lib/libcsp/src;0;0;0;0;0;0;0;0;0;0
csp_sfp.mut.81.1_1_3.SDL.csp_sfp_send_own_memcpy|./lib/libcsp/src;1;1;1;1;1;1;1;1;1;1
csp_sfp.mut.203.1_1_4.SDL.csp_sfp_recv_fp|./lib/libcsp/src;1;1;1;1;1;1;1;1;1;1
csp_init.mut.83.1_1_2.SDL.csp_free_resources|./lib/libcsp/src;0;0;0;0;0;0;0;0;0;0
csp_service_handler.mut.281.1_1_3.SDL.csp_service_handler|./lib/libcsp/src;1;1;1;1;1;1;1;1;1;1
csp_service_handler.mut.302.1_1_3.SDL.csp_service_handler|./lib/libcsp/src;1;1;1;1;1;1;1;1;1;1
csp_route.mut.218.1_1_4.SDL.csp_route_work|./lib/libcsp/src;0;0;0;0;0;0;0;0;0;0
csp_conn.mut.296.1_1_2.SDL.csp_conn_close|./lib/libcsp/src;0;0;0;0;0;0;0;0;0;0
csp_conn.mut.152.1_1_2.SDL.csp_conn_free_resources|./lib/libcsp/src;1;1;1;1;1;1;1;1;1;1
csp_rtable.mut.59.1_1_3.SDL.csp_rtable_parse|./lib/libcsp/src/rtable;0;0;0;0;0;0;0;0;0;0
csp_buffer.mut.131.1_1_2.SDL.csp_buffer_get|./lib/libcsp/src;1;1;1;1;1;1;1;1;1;1
log.mut.8.1_1_5.SDL.gs_csp_log_init|./src;0;0;0;0;0;0;0;0;0;0
commands.mut.186.1_1_5.SDL.cmd_buf_free|./src;1;1;1;1;1;1;1;1;1;1
router.mut.76.1_1_5.SDL.gs_csp_router_task_stop|./src;1;1;1;1;1;1;1;1;1;1
csp_crc32.mut.127.1_1_2.SDL.csp_crc32_verify|./lib/libcsp/src;0;0;0;0;0;0;0;0;0;0
pthread_queue.mut.235.1_1_2.SDL.pthread_queue_items|./lib/libcsp/src/arch/posix;1;1;1;1;1;1;1;1;1;1
csp_endian.mut.60.1_1_2.SDL.csp_hton64|./lib/libcsp/src;1;1;1;1;1;1;1;1;1;1
csp_sfp.mut.60.1_1_2.SDL.csp_sfp_header_remove|./lib/libcsp/src;1;1;1;1;1;1;1;1;1;1
csp_route.mut.256.1_1_4.SDL.csp_route_work|./lib/libcsp/src;1;1;1;1;1;1;1;1;1;1
csp_hmac.mut.46.1_1_2.SDL.csp_hmac_init|./lib/libcsp/src/crypto;0;0;0;0;0;0;0;0;0;0
csp_conn.mut.353.1_1_2.SDL.csp_connect|./lib/libcsp/src;1;1;1;1;1;1;1;1;1;1
csp_conn.mut.350.1_1_2.SDL.csp_connect|./lib/libcsp/src;1;1;1;1;1;1;1;1;1;1
commands.mut.382.1_1_5.SDL.cmd_cmp_ifc|./src;0;0;0;0;0;0;0;0;0;0
csp_buffer.mut.166.1_1_2.SDL.csp_buffer_free|./lib/libcsp/src;1;1;1;1;1;1;1;1;1;1
csp_sfp.mut.56.1_1_9.SDL.csp_sfp_header_remove|./lib/libcsp/src;1;1;1;1;1;1;1;1;1;1
csp_iflist.mut.97.1_1_3.SDL.csp_iflist_print|./lib/libcsp/src;0;0;0;0;0;0;0;0;0;0
csp_init.mut.52.1_1_2.SDL.csp_init|./lib/libcsp/src;1;1;1;1;1;1;1;1;1;1
csp_init.mut.74.1_1_2.SDL.csp_init|./lib/libcsp/src;1;1;1;1;1;1;1;1;1;1
csp_service_handler.mut.230.1_2_41.SDL.csp_service_handler|./lib/libcsp/src;0;0;0;0;0;0;0;0;0;0
csp_io.mut.170.1_1_2.SDL.csp_send_direct|./lib/libcsp/src;0;0;0;0;0;0;0;0;0;0
csp_io.mut.164.1_1_2.SDL.csp_read|./lib/libcsp/src;1;1;1;1;1;1;1;1;1;1
csp_xtea.mut.162.1_1_2.SDL.csp_xtea_decrypt_packet|./lib/libcsp/src/crypto;0;0;0;0;0;0;0;0;0;0
csp_xtea.mut.143.1_1_2.SDL.csp_xtea_encrypt_packet|./lib/libcsp/src/crypto;1;1;1;1;1;1;1;1;1;1
csp_hmac.mut.123.1_1_2.SDL.csp_hmac_memory|./lib/libcsp/src/crypto;0;0;0;0;0;0;0;0;0;0
pthread_queue.mut.96.1_1_2.SDL.pthread_queue_create|./lib/libcsp/src/arch/posix;1;1;1;1;1;1;1;1;1;1
pthread_queue.mut.106.1_1_2.SDL.pthread_queue_delete|./lib/libcsp/src/arch/posix;1;1;1;1;1;1;1;1;1;1
csp_conn.mut.337.1_1_2.SDL.csp_conn_close|./lib/libcsp/src;1;1;1;1;1;1;1;1;1;1
router.mut.54.1_1_5.SDL.gs_csp_router_task_stop_with_timeout|./src;0;0;0;0;0;0;0;0;0;0
csp_route.mut.211.1_1_4.SDL.csp_route_work|./lib/libcsp/src;0;0;0;0;0;0;0;0;0;0
csp_iflist.mut.81.1_1_3.SDL.csp_bytesize|./lib/libcsp/src;1;1;1;1;1;1;1;1;1;1
csp_service_handler.mut.303.1_1_4.SDL.csp_service_handler|./lib/libcsp/src;1;1;1;1;1;1;1;1;1;1
csp_xtea.mut.63.1_1_3.SDL.csp_xtea_encrypt_block|./lib/libcsp/src/crypto;0;0;0;0;0;0;0;0;0;0
csp_sha1.mut.132.1_1_4.SDL.csp_sha1_init|./lib/libcsp/src/crypto;1;1;1;1;1;1;1;1;1;1
csp_io.mut.321.1_1_2.SDL.csp_transaction_persistent|./lib/libcsp/src;1;1;1;1;1;1;1;1;1;1
csp_conn.mut.393.1_1_2.SDL.csp_connect|./lib/libcsp/src;1;1;1;1;1;1;1;1;1;1
csp_conn.mut.347.1_1_2.SDL.csp_connect|./lib/libcsp/src;0;0;0;0;0;0;0;0;0;0
csp_queue.mut.55.1_1_2.SDL.csp_queue_size|./lib/libcsp/src/arch/posix;1;1;1;1;1;1;1;1;1;1
csp_rtable_static.mut.58.1_1_2.SDL.csp_rtable_free|./lib/libcsp/src/rtable;1;1;1;1;1;1;1;1;1;1
csp_rtable.mut.152.1_1_5.SDL.csp_rtable_save|./lib/libcsp/src/rtable;1;1;1;1;1;1;1;1;1;1
csp_rtable.mut.92.1_1_2.SDL.csp_rtable_set|./lib/libcsp/src/rtable;1;1;1;1;1;1;1;1;1;1
commands.mut.82.1_1_5.SDL.cmd_ping|./src;0;0;0;0;0;0;0;0;0;0
commands.mut.158.1_1_5.SDL.cmd_reboot|./src;1;1;1;1;1;1;1;1;1;1
pthread_queue.mut.210.1_1_2.SDL.pthread_queue_dequeue|./lib/libcsp/src/arch/posix;0;0;0;0;0;0;0;0;0;0
csp_init.mut.58.1_1_2.SDL.csp_init|./lib/libcsp/src;0;0;0;0;0;0;0;0;0;0
csp_conn.mut.526.1_1_2.SDL.csp_conn_get_array|./lib/libcsp/src;1;1;1;1;1;1;1;1;1;1
csp_conn.mut.395.1_1_3.SDL.csp_connect|./lib/libcsp/src;1;1;1;1;1;1;1;1;1;1
csp_conn.mut.74.1_1_2.SDL.csp_conn_enqueue_packet|./lib/libcsp/src;0;0;0;0;0;0;0;0;0;0
csp_iflist.mut.57.1_1_4.SDL.csp_iflist_add|./lib/libcsp/src;1;1;1;1;1;1;1;1;1;1
csp_sha1.mut.147.1_1_3.SDL.csp_sha1_process|./lib/libcsp/src/crypto;1;1;1;1;1;1;1;1;1;1
csp_buffer.mut.223.1_1_2.SDL.csp_buffer_data_size|./lib/libcsp/src;1;1;1;1;1;1;1;1;1;1
service_handler.mut.68.1_1_5.SDL.gs_csp_buf_free_service_handler|./src;1;1;1;1;1;1;1;1;1;1
commands.mut.485.1_1_5.SDL.cmd_cmp_clock|./src;1;1;1;1;1;1;1;1;1;1
commands.mut.137.1_1_5.SDL.cmd_memfree|./src;1;1;1;1;1;1;1;1;1;1
commands.mut.54.1_1_5.SDL.cmd_ping|./src;1;1;1;1;1;1;1;1;1;1
csp_port.mut.84.1_1_2.SDL.csp_listen|./lib/libcsp/src;1;1;1;1;1;1;1;1;1;1
csp_sha1.mut.96.1_1_5.SDL.csp_sha1_compress|./lib/libcsp/src/crypto;1;1;1;1;1;1;1;1;1;1
csp_sha1.mut.105.1_1_5.SDL.csp_sha1_compress|./lib/libcsp/src/crypto;1;1;1;1;1;1;1;1;1;1
csp_sha1.mut.107.1_1_5.SDL.csp_sha1_compress|./lib/libcsp/src/crypto;1;1;1;1;1;1;1;1;1;1
csp_xtea.mut.144.1_1_2.SDL.csp_xtea_encrypt_packet|./lib/libcsp/src/crypto;1;1;1;1;1;1;1;1;1;1
csp_service_handler.mut.315.1_1_3.SDL.csp_service_handler|./lib/libcsp/src;1;1;1;1;1;1;1;1;1;1
csp_io.mut.129.1_1_2.SDL.csp_read|./lib/libcsp/src;1;1;1;1;1;1;1;1;1;1
csp_udp.mut.39.1_1_3.SDL.csp_udp_new_packet|./lib/libcsp/src/transport;1;1;1;1;1;1;1;1;1;1
csp_buffer.mut.178.1_1_2.SDL.csp_buffer_free|./lib/libcsp/src;0;0;0;0;0;0;0;0;0;0
csp_conn.mut.424.1_1_4.SDL.csp_connect|./lib/libcsp/src;1;1;1;1;1;1;1;1;1;1
csp_iflist.mut.80.1_1_3.SDL.csp_bytesize|./lib/libcsp/src;1;1;1;1;1;1;1;1;1;1
csp_iflist.mut.87.1_1_2.SDL.csp_bytesize|./lib/libcsp/src;1;1;1;1;1;1;1;1;1;1
csp_endian.mut.151.1_1_2.SDL.csp_betoh64|./lib/libcsp/src;1;1;1;1;1;1;1;1;1;1
csp_hmac.mut.56.1_1_3.SDL.csp_hmac_init|./lib/libcsp/src/crypto;1;1;1;1;1;1;1;1;1;1
csp_io.mut.311.1_1_2.SDL.csp_transaction_persistent|./lib/libcsp/src;1;1;1;1;1;1;1;1;1;1
csp_conn.mut.191.1_1_3.SDL.csp_conn_find|./lib/libcsp/src;1;1;1;1;1;1;1;1;1;1
csp_conn.mut.113.1_1_2.SDL.csp_conn_init|./lib/libcsp/src;1;1;1;1;1;1;1;1;1;1
csp_conn.mut.320.1_1_2.SDL.csp_conn_close|./lib/libcsp/src;0;0;0;0;0;0;0;0;0;0
csp_conn.mut.417.1_1_3.SDL.csp_connect|./lib/libcsp/src;1;1;1;1;1;1;1;1;1;1
csp_init.mut.63.1_1_2.SDL.csp_init|./lib/libcsp/src;0;0;0;0;0;0;0;0;0;0
csp_semaphore.mut.131.1_1_2.SDL.csp_bin_sem_wait|./lib/libcsp/src/arch/posix;1;1;1;1;1;1;1;1;1;1
pthread_queue.mut.157.1_1_3.SDL.pthread_queue_enqueue|./lib/libcsp/src/arch/posix;1;1;1;1;1;1;1;1;1;1
csp_queue.mut.29.1_1_2.SDL.csp_queue_remove|./lib/libcsp/src/arch/posix;1;1;1;1;1;1;1;1;1;1
csp_sfp.mut.199.1_1_3.SDL.csp_sfp_recv_fp|./lib/libcsp/src;1;1;1;1;1;1;1;1;1;1
csp_sfp.mut.106.1_1_3.SDL.csp_sfp_send_own_memcpy|./lib/libcsp/src;1;1;1;1;1;1;1;1;1;1
csp_sfp.mut.92.1_1_3.SDL.csp_sfp_send_own_memcpy|./lib/libcsp/src;0;0;0;0;0;0;0;0;0;0
csp_rtable.mut.67.1_1_3.SDL.csp_rtable_parse|./lib/libcsp/src/rtable;1;1;1;1;1;1;1;1;1;1
commands.mut.59.1_1_5.SDL.cmd_ping|./src;1;1;1;1;1;1;1;1;1;1
commands.mut.443.1_1_5.SDL.cmd_cmp_poke|./src;0;0;0;0;0;0;0;0;0;0
csp.mut.74.1_2_34.SDL.gs_csp_is_address_valid|./src;1;1;1;1;1;1;1;1;1;1
csp.mut.94.1_1_5.SDL.gs_csp_is_address_valid|./src;0;0;0;0;0;0;0;0;0;0
router.mut.68.1_1_5.SDL.gs_csp_router_task_start|./src;0;0;0;0;0;0;0;0;0;0
csp_route.mut.282.1_1_4.SDL.csp_route_work|./lib/libcsp/src;0;0;0;0;0;0;0;0;0;0
csp_conn.mut.413.1_1_3.SDL.csp_connect|./lib/libcsp/src;1;1;1;1;1;1;1;1;1;1
csp_conn.mut.122.1_1_4.SDL.csp_conn_init|./lib/libcsp/src;0;0;0;0;0;0;0;0;0;0
csp_queue.mut.25.1_1_2.SDL.csp_queue_create|./lib/libcsp/src/arch/posix;1;1;1;1;1;1;1;1;1;1
csp_sha1.mut.97.1_1_5.SDL.csp_sha1_compress|./lib/libcsp/src/crypto;1;1;1;1;1;1;1;1;1;1
csp_sha1.mut.88.1_1_5.SDL.csp_sha1_compress|./lib/libcsp/src/crypto;1;1;1;1;1;1;1;1;1;1
csp_xtea.mut.167.1_1_2.SDL.csp_xtea_decrypt_packet|./lib/libcsp/src/crypto;1;1;1;1;1;1;1;1;1;1
csp_endian.mut.156.1_1_2.SDL.csp_letoh64|./lib/libcsp/src;1;1;1;1;1;1;1;1;1;1
csp_sfp.mut.125.1_1_2.SDL.csp_sfp_recv_fp|./lib/libcsp/src;0;0;0;0;0;0;0;0;0;0
csp_sfp.mut.150.1_1_4.SDL.csp_sfp_recv_fp|./lib/libcsp/src;1;1;1;1;1;1;1;1;1;1
csp_service_handler.mut.235.1_1_3.SDL.csp_service_handler|./lib/libcsp/src;0;0;0;0;0;0;0;0;0;0
csp.mut.75.1_1_5.SDL.gs_csp_is_address_valid|./src;1;1;1;1;1;1;1;1;1;1
commands.mut.372.1_1_5.SDL.cmd_cmp_ifc|./src;0;0;0;0;0;0;0;0;0;0
commands.mut.387.1_1_5.SDL.cmd_cmp_ifc|./src;1;1;1;1;1;1;1;1;1;1
commands.mut.202.1_1_9.SDL.cmd_uptime|./src;1;1;1;1;1;1;1;1;1;1
csp_port.mut.63.1_1_2.SDL.csp_port_init|./lib/libcsp/src;1;1;1;1;1;1;1;1;1;1
csp_rtable.mut.49.1_1_4.SDL.csp_rtable_parse|./lib/libcsp/src/rtable;1;1;1;1;1;1;1;1;1;1
csp_rtable_static.mut.53.1_1_2.SDL.csp_rtable_set_internal|./lib/libcsp/src/rtable;1;1;1;1;1;1;1;1;1;1
csp_io.mut.255.1_1_2.SDL.csp_send_direct|./lib/libcsp/src;1;1;1;1;1;1;1;1;1;1
csp_semaphore.mut.107.1_1_3.SDL.csp_bin_sem_wait|./lib/libcsp/src/arch/posix;1;1;1;1;1;1;1;1;1;1
csp_services.mut.158.1_1_3.SDL.csp_ps|./lib/libcsp/src;0;0;0;0;0;0;0;0;0;0
csp_services.mut.225.1_1_3.SDL.csp_get_uptime|./lib/libcsp/src;0;0;0;0;0;0;0;0;0;0
csp_hmac.mut.142.1_1_2.SDL.csp_hmac_set_key|./lib/libcsp/src/crypto;1;1;1;1;1;1;1;1;1;1
csp_endian.mut.84.1_1_2.SDL.csp_htole16|./lib/libcsp/src;1;1;1;1;1;1;1;1;1;1
router.mut.42.1_1_13.SDL.gs_csp_router_task_stop_with_timeout|./src;0;0;0;0;0;0;0;0;0;0
service_handler.mut.43.1_1_5.SDL.memfree|./src;0;0;0;0;0;0;0;0;0;0
csp.mut.88.1_1_5.SDL.gs_csp_is_address_valid|./src;0;0;0;0;0;0;0;0;0;0
csp_sfp.mut.59.1_1_2.SDL.csp_sfp_header_remove|./lib/libcsp/src;1;1;1;1;1;1;1;1;1;1
csp_sfp.mut.131.1_1_3.SDL.csp_sfp_recv_fp|./lib/libcsp/src;1;1;1;1;1;1;1;1;1;1
csp_sfp.mut.126.1_1_9.SDL.csp_sfp_recv_fp|./lib/libcsp/src;0;0;0;0;0;0;0;0;0;0
csp_semaphore.mut.117.1_1_3.SDL.csp_bin_sem_wait|./lib/libcsp/src/arch/posix;1;1;1;1;1;1;1;1;1;1
csp_conn.mut.481.1_1_2.SDL.csp_conn_flags|./lib/libcsp/src;0;0;0;0;0;0;0;0;0;0
csp_rtable.mut.94.1_1_3.SDL.csp_rtable_set|./lib/libcsp/src/rtable;1;1;1;1;1;1;1;1;1;1
csp_io.mut.250.1_1_2.SDL.csp_send_direct|./lib/libcsp/src;1;1;1;1;1;1;1;1;1;1
csp_crc32.mut.90.1_1_3.SDL.csp_crc32_append|./lib/libcsp/src;1;1;1;1;1;1;1;1;1;1
csp_sha1.mut.76.1_1_2.SDL.csp_sha1_compress|./lib/libcsp/src/crypto;1;1;1;1;1;1;1;1;1;1
csp_xtea.mut.69.1_1_2.SDL.csp_xtea_encrypt_block|./lib/libcsp/src/crypto;0;0;0;0;0;0;0;0;0;0
csp_hmac.mut.91.1_1_2.SDL.csp_hmac_done|./lib/libcsp/src/crypto;1;1;1;1;1;1;1;1;1;1
csp_buffer.mut.85.1_1_2.SDL.csp_buffer_free_resources|./lib/libcsp/src;1;1;1;1;1;1;1;1;1;1
service_handler.mut.34.1_1_5.SDL.gs_csp_ps_service_handler|./src;1;1;1;1;1;1;1;1;1;1
commands.mut.91.1_1_5.SDL.cmd_ping|./src;1;1;1;1;1;1;1;1;1;1
commands.mut.128.1_1_5.SDL.cmd_ps|./src;0;0;0;0;0;0;0;0;0;0
commands.mut.105.1_1_9.SDL.cmd_ping|./src;1;1;1;1;1;1;1;1;1;1
commands.mut.79.1_1_5.SDL.cmd_ping|./src;1;1;1;1;1;1;1;1;1;1
csp.mut.65.1_1_5.SDL.gs_csp_is_address_valid|./src;0;0;0;0;0;0;0;0;0;0
service_handler.mut.58.1_1_5.SDL.gs_csp_mem_free_service_handler|./src;1;1;1;1;1;1;1;1;1;1
csp.mut.76.1_1_5.SDL.gs_csp_is_address_valid|./src;0;0;0;0;0;0;0;0;0;0
csp.mut.80.1_1_5.SDL.gs_csp_is_address_valid|./src;1;1;1;1;1;1;1;1;1;1
commands.mut.465.1_1_5.SDL.cmd_cmp_clock|./src;0;0;0;0;0;0;0;0;0;0
commands.mut.144.1_1_9.SDL.cmd_memfree|./src;1;1;1;1;1;1;1;1;1;1
csp_route.mut.274.1_1_3.SDL.csp_route_work|./lib/libcsp/src;1;1;1;1;1;1;1;1;1;1
csp_services.mut.157.1_1_3.SDL.csp_ps|./lib/libcsp/src;1;1;1;1;1;1;1;1;1;1
csp_service_handler.mut.109.1_1_2.SDL.do_cmp_if_stats|./lib/libcsp/src;0;0;0;0;0;0;0;0;0;0
csp_service_handler.mut.186.1_1_4.SDL.csp_cmp_handler|./lib/libcsp/src;0;0;0;0;0;0;0;0;0;0
csp_service_handler.mut.79.1_1_2.SDL.do_cmp_ident|./lib/libcsp/src;0;0;0;0;0;0;0;0;0;0
csp_service_handler.mut.297.1_1_3.SDL.csp_service_handler|./lib/libcsp/src;1;1;1;1;1;1;1;1;1;1
csp_rtable.mut.157.1_1_2.SDL.csp_rtable_clear|./lib/libcsp/src/rtable;1;1;1;1;1;1;1;1;1;1
csp_if_lo.mut.36.1_1_2.SDL.csp_lo_tx|./lib/libcsp/src/interfaces;0;0;0;0;0;0;0;0;0;0
service_handler.mut.18.1_1_5.SDL.call_csp_packet_handler|./src;1;1;1;1;1;1;1;1;1;1
commands.mut.170.1_1_5.SDL.cmd_shutdown|./src;1;1;1;1;1;1;1;1;1;1
pthread_queue.mut.153.1_1_2.SDL.pthread_queue_enqueue|./lib/libcsp/src/arch/posix;1;1;1;1;1;1;1;1;1;1
pthread_queue.mut.79.1_1_3.SDL.pthread_queue_create|./lib/libcsp/src/arch/posix;1;1;1;1;1;1;1;1;1;1
csp_port.mut.75.1_1_2.SDL.csp_listen|./lib/libcsp/src;0;0;0;0;0;0;0;0;0;0
csp_service_handler.mut.106.1_1_2.SDL.do_cmp_if_stats|./lib/libcsp/src;0;0;0;0;0;0;0;0;0;0
csp_services.mut.39.1_1_2.SDL.csp_ping|./lib/libcsp/src;0;0;0;0;0;0;0;0;0;0
csp_services.mut.118.1_1_2.SDL.csp_shutdown|./lib/libcsp/src;1;1;1;1;1;1;1;1;1;1
csp_io.mut.199.1_1_3.SDL.csp_send_direct|./lib/libcsp/src;1;1;1;1;1;1;1;1;1;1
csp_sfp.mut.66.1_1_2.SDL.csp_sfp_header_remove|./lib/libcsp/src;1;1;1;1;1;1;1;1;1;1
csp_conn.mut.98.1_1_2.SDL.csp_conn_init|./lib/libcsp/src;1;1;1;1;1;1;1;1;1;1
csp_conn.mut.354.1_1_2.SDL.csp_connect|./lib/libcsp/src;1;1;1;1;1;1;1;1;1;1
csp_iflist.mut.77.1_1_3.SDL.csp_bytesize|./lib/libcsp/src;1;1;1;1;1;1;1;1;1;1
csp_rtable.mut.93.1_1_3.SDL.csp_rtable_set|./lib/libcsp/src/rtable;1;1;1;1;1;1;1;1;1;1
csp_init.mut.85.1_1_2.SDL.csp_free_resources|./lib/libcsp/src;0;0;0;0;0;0;0;0;0;0
csp_conn.mut.348.1_1_2.SDL.csp_connect|./lib/libcsp/src;1;1;1;1;1;1;1;1;1;1
csp_rtable.mut.62.1_1_3.SDL.csp_rtable_parse|./lib/libcsp/src/rtable;1;1;1;1;1;1;1;1;1;1
csp_qfifo.mut.59.1_1_4.SDL.csp_qfifo_free_resources|./lib/libcsp/src;1;1;1;1;1;1;1;1;1;1
csp_io.mut.61.1_1_2.SDL.csp_socket|./lib/libcsp/src;0;0;0;0;0;0;0;0;0;0
csp_io.mut.68.1_1_2.SDL.csp_socket|./lib/libcsp/src;0;0;0;0;0;0;0;0;0;0
csp_services.mut.57.1_1_2.SDL.csp_ping|./lib/libcsp/src;1;1;1;1;1;1;1;1;1;1
csp_service_handler.mut.105.1_1_2.SDL.do_cmp_if_stats|./lib/libcsp/src;0;0;0;0;0;0;0;0;0;0
csp_service_handler.mut.274.1_1_4.SDL.csp_service_handler|./lib/libcsp/src;1;1;1;1;1;1;1;1;1;1
csp_hmac.mut.67.1_1_2.SDL.csp_hmac_init|./lib/libcsp/src/crypto;0;0;0;0;0;0;0;0;0;0
csp_xtea.mut.59.1_1_2.SDL.csp_xtea_encrypt_block|./lib/libcsp/src/crypto;1;1;1;1;1;1;1;1;1;1
csp_sha1.mut.91.1_1_5.SDL.csp_sha1_compress|./lib/libcsp/src/crypto;1;1;1;1;1;1;1;1;1;1
csp_sha1.mut.158.1_1_4.SDL.csp_sha1_process|./lib/libcsp/src/crypto;0;0;0;0;0;0;0;0;0;0
csp_sfp.mut.70.1_1_2.SDL.csp_sfp_send_own_memcpy|./lib/libcsp/src;1;1;1;1;1;1;1;1;1;1
commands.mut.496.1_1_5.SDL.cmd_cmp_clock|./src;0;0;0;0;0;0;0;0;0;0
router.mut.65.1_1_5.SDL.gs_csp_router_task_start|./src;1;1;1;1;1;1;1;1;1;1
csp.mut.63.1_1_5.SDL.gs_csp_is_address_valid|./src;0;0;0;0;0;0;0;0;0;0
csp_endian.mut.103.1_1_2.SDL.csp_htobe32|./lib/libcsp/src;1;1;1;1;1;1;1;1;1;1
pthread_queue.mut.141.1_1_2.SDL.pthread_queue_enqueue|./lib/libcsp/src/arch/posix;1;1;1;1;1;1;1;1;1;1
csp_service_handler.mut.178.1_1_2.SDL.csp_cmp_handler|./lib/libcsp/src;1;1;1;1;1;1;1;1;1;1
csp_service_handler.mut.113.1_1_2.SDL.do_cmp_if_stats|./lib/libcsp/src;0;0;0;0;0;0;0;0;0;0
csp_route.mut.51.1_1_2.SDL.csp_route_check_options|./lib/libcsp/src;0;0;0;0;0;0;0;0;0;0
csp_conn.mut.475.1_1_2.SDL.csp_conn_src|./lib/libcsp/src;1;1;1;1;1;1;1;1;1;1
csp_port.mut.90.1_1_2.SDL.csp_bind|./lib/libcsp/src;0;0;0;0;0;0;0;0;0;0
csp_rtable.mut.151.1_1_5.SDL.csp_rtable_save|./lib/libcsp/src/rtable;1;1;1;1;1;1;1;1;1;1
csp_io.mut.152.1_1_2.SDL.csp_read|./lib/libcsp/src;1;1;1;1;1;1;1;1;1;1
csp_services.mut.161.1_1_3.SDL.csp_ps|./lib/libcsp/src;1;1;1;1;1;1;1;1;1;1
csp_hmac.mut.119.1_1_2.SDL.csp_hmac_memory|./lib/libcsp/src/crypto;1;1;1;1;1;1;1;1;1;1
csp_buffer.mut.57.1_1_2.SDL.csp_buffer_init|./lib/libcsp/src;0;0;0;0;0;0;0;0;0;0
commands.mut.487.1_1_5.SDL.cmd_cmp_clock|./src;1;1;1;1;1;1;1;1;1;1
router.mut.52.1_1_5.SDL.gs_csp_router_task_stop_with_timeout|./src;1;1;1;1;1;1;1;1;1;1
csp.mut.76.1_2_28.SDL.gs_csp_is_address_valid|./src;0;0;0;0;0;0;0;0;0;0
router.mut.61.1_1_5.SDL.gs_csp_router_task_start|./src;0;0;0;0;0;0;0;0;0;0
csp.mut.70.1_1_5.SDL.gs_csp_is_address_valid|./src;0;0;0;0;0;0;0;0;0;0
commands.mut.260.1_1_5.SDL.cmd_csp_conn_print_table|./src;1;1;1;1;1;1;1;1;1;1
commands.mut.168.1_1_5.SDL.cmd_shutdown|./src;1;1;1;1;1;1;1;1;1;1
commands.mut.452.1_1_9.SDL.cmd_cmp_poke|./src;1;1;1;1;1;1;1;1;1;1
commands.mut.204.1_1_5.SDL.cmd_uptime|./src;1;1;1;1;1;1;1;1;1;1
service_handler.mut.76.1_1_5.SDL.uptime|./src;1;1;1;1;1;1;1;1;1;1
csp_sfp.mut.152.1_1_4.SDL.csp_sfp_recv_fp|./lib/libcsp/src;1;1;1;1;1;1;1;1;1;1
csp_init.mut.84.1_1_2.SDL.csp_free_resources|./lib/libcsp/src;0;0;0;0;0;0;0;0;0;0
csp_conn.mut.282.1_1_2.SDL.csp_conn_new|./lib/libcsp/src;1;1;1;1;1;1;1;1;1;1
csp_conn.mut.423.1_1_4.SDL.csp_connect|./lib/libcsp/src;1;1;1;1;1;1;1;1;1;1
pthread_queue.mut.50.1_1_2.SDL.get_deadline|./lib/libcsp/src/arch/posix;1;1;1;1;1;1;1;1;1;1
csp_sha1.mut.99.1_1_5.SDL.csp_sha1_compress|./lib/libcsp/src/crypto;1;1;1;1;1;1;1;1;1;1
csp_hmac.mut.101.1_1_2.SDL.csp_hmac_done|./lib/libcsp/src/crypto;0;0;0;0;0;0;0;0;0;0
csp_hmac.mut.106.1_1_2.SDL.csp_hmac_done|./lib/libcsp/src/crypto;1;1;1;1;1;1;1;1;1;1
csp_qfifo.mut.128.1_1_2.SDL.csp_qfifo_write|./lib/libcsp/src;1;1;1;1;1;1;1;1;1;1
csp_rtable_static.mut.43.1_1_2.SDL.csp_rtable_set_internal|./lib/libcsp/src/rtable;0;0;0;0;0;0;0;0;0;0
csp_rtable.mut.44.1_1_2.SDL.csp_rtable_parse|./lib/libcsp/src/rtable;1;1;1;1;1;1;1;1;1;1
csp_buffer.mut.215.1_1_2.SDL.csp_buffer_remaining|./lib/libcsp/src;1;1;1;1;1;1;1;1;1;1
commands.mut.344.1_1_5.SDL.cmd_cmp_route_set|./src;0;0;0;0;0;0;0;0;0;0
commands.mut.340.1_1_5.SDL.cmd_cmp_route_set|./src;1;1;1;1;1;1;1;1;1;1
service_handler.mut.85.1_1_5.SDL.gs_csp_uptime_service_handler|./src;1;1;1;1;1;1;1;1;1;1
csp.mut.71.1_1_5.SDL.gs_csp_is_address_valid|./src;0;0;0;0;0;0;0;0;0;0
csp_buffer.mut.111.1_1_2.SDL.csp_buffer_get|./lib/libcsp/src;1;1;1;1;1;1;1;1;1;1
csp_buffer.mut.60.1_1_2.SDL.csp_buffer_init|./lib/libcsp/src;1;1;1;1;1;1;1;1;1;1
csp_port.mut.93.1_1_2.SDL.csp_bind|./lib/libcsp/src;1;1;1;1;1;1;1;1;1;1
csp_xtea.mut.62.1_1_2.SDL.csp_xtea_encrypt_block|./lib/libcsp/src/crypto;0;0;0;0;0;0;0;0;0;0
csp_semaphore.mut.104.1_1_2.SDL.csp_bin_sem_wait|./lib/libcsp/src/arch/posix;0;0;0;0;0;0;0;0;0;0
csp_services.mut.137.1_1_2.SDL.csp_ps|./lib/libcsp/src;1;1;1;1;1;1;1;1;1;1
csp_services.mut.224.1_1_2.SDL.csp_get_uptime|./lib/libcsp/src;1;1;1;1;1;1;1;1;1;1
csp_qfifo.mut.115.1_1_2.SDL.csp_qfifo_write|./lib/libcsp/src;0;0;0;0;0;0;0;0;0;0
csp_io.mut.114.1_1_2.SDL.csp_accept|./lib/libcsp/src;0;0;0;0;0;0;0;0;0;0
csp_conn.mut.244.1_1_3.SDL.csp_conn_allocate|./lib/libcsp/src;0;0;0;0;0;0;0;0;0;0
csp_conn.mut.70.1_1_2.SDL.csp_conn_enqueue_packet|./lib/libcsp/src;0;0;0;0;0;0;0;0;0;0
csp_conn.mut.243.1_1_2.SDL.csp_conn_allocate|./lib/libcsp/src;1;1;1;1;1;1;1;1;1;1
csp_rtable.mut.53.1_1_4.SDL.csp_rtable_parse|./lib/libcsp/src/rtable;1;1;1;1;1;1;1;1;1;1
csp_rtable.mut.99.1_1_3.SDL.csp_rtable_set|./lib/libcsp/src/rtable;1;1;1;1;1;1;1;1;1;1
